ISO-10303-21;
HEADER;
FILE_DESCRIPTION (( 'STEP AP214' ),
    '1' );
FILE_NAME ('ASSEMBLY OF KFL CASING AND BEARING.STEP',
    '2026-03-28T17:21:19',
    ( '' ),
    ( '' ),
    'SwSTEP 2.0',
    'SolidWorks 2020',
    '' );
FILE_SCHEMA (( 'AUTOMOTIVE_DESIGN' ));
ENDSEC;

DATA;
#1 = LINE ( 'NONE', #1569, #4124 ) ;
#2 =( NAMED_UNIT ( * ) PLANE_ANGLE_UNIT ( ) SI_UNIT ( $, .RADIAN. ) );
#3 = EDGE_CURVE ( 'NONE', #3488, #2016, #4890, .T. ) ;
#4 = CARTESIAN_POINT ( 'NONE',  ( 3.433639610306789880, 7.589415207398531038E-16, 4.000000000000000888 ) ) ;
#5 = ORIENTED_EDGE ( 'NONE', *, *, #4144, .T. ) ;
#6 = DIRECTION ( 'NONE',  ( -0.7071067811865631159, 0.000000000000000000, -0.7071067811865320296 ) ) ;
#7 = CARTESIAN_POINT ( 'NONE',  ( -7.520000000000002238, -4.358184291070081429, 3.349279623863287814 ) ) ;
#8 = CARTESIAN_POINT ( 'NONE',  ( -0.5573417656249990415, -0.9653442552426459988, 0.9010416670080649837 ) ) ;
#9 = CARTESIAN_POINT ( 'NONE',  ( -3.507169191983608769, 5.193992981830506395, -2.151422335944867203 ) ) ;
#10 = CARTESIAN_POINT ( 'NONE',  ( -7.536819805153395890, -1.084202172485504434E-16, 4.000000000000000000 ) ) ;
#11 = VECTOR ( 'NONE', #2682, 1000.000000000000000 ) ;
#12 = CARTESIAN_POINT ( 'NONE',  ( -7.619999999999999218, -2.702385245404281822, -4.671540549956804789 ) ) ;
#13 = CARTESIAN_POINT ( 'NONE',  ( -5.641526084671300900, 1.250038596140054636, -3.799658341196349820 ) ) ;
#14 = PRODUCT_DEFINITION_SHAPE ( 'NONE', 'NONE',  #6896 ) ;
#15 = CARTESIAN_POINT ( 'NONE',  ( 1.114683531250000081, 1.365093618607580186E-16, 0.4843750003413980210 ) ) ;
#16 = ORIENTED_EDGE ( 'NONE', *, *, #3376, .F. ) ;
#17 = CARTESIAN_POINT ( 'NONE',  ( -6.559977618121448195, -0.7677515760222708430, -5.396931910281781875 ) ) ;
#18 = CIRCLE ( 'NONE', #1462, 9.597803391643314086 ) ;
#20 = ADVANCED_FACE ( 'NONE', ( #4889 ), #6097, .F. ) ;
#19 = CARTESIAN_POINT ( 'NONE',  ( -3.308954545963465943, 1.077689183249670605E-15, -8.799999999999998934 ) ) ;
#21 = EDGE_CURVE ( 'NONE', #5684, #4332, #1973, .T. ) ;
#22 = DIRECTION ( 'NONE',  ( 0.000000000000000000, 0.000000000000000000, -1.000000000000000000 ) ) ;
#23 = DIRECTION ( 'NONE',  ( 0.000000000000000000, 0.000000000000000000, 1.000000000000000000 ) ) ;
#24 = CARTESIAN_POINT ( 'NONE',  ( 3.400000000000000799, 4.000000000000000888, -0.5235987755982984826 ) ) ;
#25 = AXIS2_PLACEMENT_3D ( 'NONE', #6492, #6283, #3075 ) ;
#26 = CARTESIAN_POINT ( 'NONE',  ( -7.620000000000000995, -2.100657370170204707, -5.071435512963952341 ) ) ;
#27 = CARTESIAN_POINT ( 'NONE',  ( 3.400000000000000799, -1.044815499854965024, 4.000000000000000000 ) ) ;
#28 = FACE_OUTER_BOUND ( 'NONE', #415, .T. ) ;
#29 = DIRECTION ( 'NONE',  ( 0.000000000000000000, 0.000000000000000000, 1.000000000000000000 ) ) ;
#30 = PRODUCT_DEFINITION_SHAPE ( 'NONE', 'NONE',  #5272 ) ;
#31 = VECTOR ( 'NONE', #6761, 1000.000000000000000 ) ;
#32 = CARTESIAN_POINT ( 'NONE',  ( -3.566360389693211896, -5.421010862427522170E-17, 5.450000000000000178 ) ) ;
#33 = VERTEX_POINT ( 'NONE', #4815 ) ;
#34 = CARTESIAN_POINT ( 'NONE',  ( -1.249999999999999556, -0.7216878364870319418, 2.020833333333335258 ) ) ;
#35 = DIRECTION ( 'NONE',  ( 0.000000000000000000, 1.000000000000000000, -0.000000000000000000 ) ) ;
#36 = CARTESIAN_POINT ( 'NONE',  ( -1.114683531249999637, 0.6435628368284300738, 0.9010416670080645396 ) ) ;
#37 = ORIENTED_EDGE ( 'NONE', *, *, #4791, .T. ) ;
#38 = FILL_AREA_STYLE_COLOUR ( '', #6235 ) ;
#39 = DIRECTION ( 'NONE',  ( 0.000000000000000000, 0.000000000000000000, 1.000000000000000000 ) ) ;
#40 = DIRECTION ( 'NONE',  ( 0.000000000000000000, 1.000000000000000000, -0.000000000000000000 ) ) ;
#41 = VERTEX_POINT ( 'NONE', #3690 ) ;
#42 = ADVANCED_FACE ( 'NONE', ( #3166 ), #641, .F. ) ;
#43 = CARTESIAN_POINT ( 'NONE',  ( 0.6250000000000000000, -1.082531754730548190, 1.333333333333334147 ) ) ;
#44 = CARTESIAN_POINT ( 'NONE',  ( -7.519999999999999574, -3.963819624139313660E-16, -5.450000000000000178 ) ) ;
#45 = CARTESIAN_POINT ( 'NONE',  ( 0.5573417656250000407, 0.9653442552426449996, 0.02604166700806520227 ) ) ;
#46 = CIRCLE ( 'NONE', #3957, 11.75000000000000000 ) ;
#47 = CARTESIAN_POINT ( 'NONE',  ( -3.566360389693212785, 2.139921993911734877, -5.166228700122144524 ) ) ;
#48 = B_SPLINE_CURVE_WITH_KNOTS ( 'NONE', 3,
 ( #6574, #5176, #907, #383, #3040, #6248, #2910, #3569, #1964, #3441, #6123, #6740, #5147, #4034, #6159 ),
 .UNSPECIFIED., .F., .F.,
 ( 4, 2, 2, 1, 2, 2, 2, 4 ),
 ( 0.000000000000000000, 0.2499999999999981681, 0.3749999999999973355, 0.4374999999999971689, 0.4687499999999971134, 0.4999999999999970024, 0.7499999999999984457, 1.000000000000000000 ),
 .UNSPECIFIED. ) ;
#49 = CARTESIAN_POINT ( 'NONE',  ( -7.620000000000000107, -2.168404344971008868E-16, 4.100000000000000533 ) ) ;
#50 = CARTESIAN_POINT ( 'NONE',  ( 1.250000000000000000, 1.530808498934190091E-16, -0.1250000000000000000 ) ) ;
#51 = CARTESIAN_POINT ( 'NONE',  ( 0.8711102208707713901, -0.8074907778785858081, 2.308871970486612746 ) ) ;
#52 = DIRECTION ( 'NONE',  ( -0.8691728683777159015, 0.4945083668413039479, 0.000000000000000000 ) ) ;
#53 = CARTESIAN_POINT ( 'NONE',  ( 0.5573417656250010399, -0.9653442552426449996, -0.05729166632526849767 ) ) ;
#54 = AXIS2_PLACEMENT_3D ( 'NONE', #6855, #5194, #2506 ) ;
#55 = EDGE_LOOP ( 'NONE', ( #2222, #1767, #4223, #3925, #4119, #790 ) ) ;
#56 = CARTESIAN_POINT ( 'NONE',  ( -18.25000000000000000, 4.000000000000000000, 0.000000000000000000 ) ) ;
#57 =( REPRESENTATION_RELATIONSHIP ('NONE','NONE', #728, #685 ) REPRESENTATION_RELATIONSHIP_WITH_TRANSFORMATION ( #2553 )SHAPE_REPRESENTATION_RELATIONSHIP( ) );
#58 = CARTESIAN_POINT ( 'NONE',  ( 0.5573417656250010399, -0.9653442552426449996, 1.255208333674731946 ) ) ;
#59 = FACE_OUTER_BOUND ( 'NONE', #4510, .T. ) ;
#60 = CARTESIAN_POINT ( 'NONE',  ( 1.250000000000000000, 1.530808498934190091E-16, 2.156250000682795154 ) ) ;
#61 = CARTESIAN_POINT ( 'NONE',  ( 3.399999999999999911, 0.5235987755982992597, -3.999999999999999112 ) ) ;
#62 = FACE_OUTER_BOUND ( 'NONE', #1986, .T. ) ;
#63 = CARTESIAN_POINT ( 'NONE',  ( -5.469766794482564087, 4.000000000000000000, -10.39923801121870106 ) ) ;
#64 = LINE ( 'NONE', #2722, #6302 ) ;
#65 = CYLINDRICAL_SURFACE ( 'NONE', #4038, 9.599999999999999645 ) ;
#66 = CARTESIAN_POINT ( 'NONE',  ( -3.583180194846605993, -0.7133073313039065555, 5.450000000000000178 ) ) ;
#67 = ORIENTED_EDGE ( 'NONE', *, *, #4399, .T. ) ;
#68 = CARTESIAN_POINT ( 'NONE',  ( -1.249999999999999556, 0.7216878364870319418, 2.479166666666664742 ) ) ;
#69 = DIRECTION ( 'NONE',  ( 0.000000000000000000, 0.000000000000000000, 1.000000000000000000 ) ) ;
#70 = CARTESIAN_POINT ( 'NONE',  ( -7.620000000000004547, -2.100657370170224691, 5.071435512963944348 ) ) ;
#71 = ORIENTED_EDGE ( 'NONE', *, *, #2437, .T. ) ;
#72 = EDGE_CURVE ( 'NONE', #304, #361, #2206, .T. ) ;
#73 = CARTESIAN_POINT ( 'NONE',  ( 0.5573417656250000407, 0.9653442552426449996, 2.026041667008065428 ) ) ;
#74 = CARTESIAN_POINT ( 'NONE',  ( 0.000000000000000000, 0.5000000000000000000, -4.785392286829072361 ) ) ;
#75 = ORIENTED_EDGE ( 'NONE', *, *, #856, .F. ) ;
#76 = EDGE_CURVE ( 'NONE', #1497, #1855, #6440, .T. ) ;
#77 = CARTESIAN_POINT ( 'NONE',  ( -0.6250000000000000000, -1.082531754730549967, 2.072916667349464781 ) ) ;
#78 = LINE ( 'NONE', #2591, #4580 ) ;
#79 = CARTESIAN_POINT ( 'NONE',  ( -0.5573417656250000407, 0.9653442552426449996, -0.1822916663252679981 ) ) ;
#80 = AXIS2_PLACEMENT_3D ( 'NONE', #1026, #2753, #6482 ) ;
#81 = DIRECTION ( 'NONE',  ( -1.000000000000000000, -0.000000000000000000, -0.000000000000000000 ) ) ;
#82 = CARTESIAN_POINT ( 'NONE',  ( 8.447433219371585852E-07, 0.5000000000000000000, -13.34434068408773300 ) ) ;
#83 = CARTESIAN_POINT ( 'NONE',  ( 0.4078385024493090816, -1.127909509456199499, 2.297296253322611115 ) ) ;
#84 = DIRECTION ( 'NONE',  ( -0.000000000000000000, 1.000000000000000000, 1.224646799147353207E-16 ) ) ;
#85 = B_SPLINE_SURFACE_WITH_KNOTS ( 'NONE', 5, 3, ( 
 ( #5516, #3811, #4941, #4376, #5903, #1255, #1641, #3392, #730, #2865, #5451, #3885, #4974, #3779, #1111, #4868, #70, #1712, #5934 ),
 ( #1145, #4905, #619, #2765, #6494, #2274, #1187, #3846, #5970, #655, #2799, #4416, #1746, #6000, #3356, #2370, #5135, #277, #5072 ),
 ( #4578, #1321, #335, #369, #1288, #3425, #3524, #2474, #4513, #2929, #306, #855, #2992, #795, #889, #3024, #3492, #1922, #5680 ),
 ( #2409, #1421, #4612, #2961, #4548, #6721, #5648, #2443, #6661, #5105, #1887, #4052, #3986, #1951, #3459, #761, #4082, #6176, #6206 ),
 ( #1391, #1813, #3554, #5165, #4483, #2894, #4021, #5582, #6593, #3951, #6141, #5042, #1355, #6070, #244, #5617, #5551, #824, #6629 ),
 ( #1850, #6104, #6691, #6757, #1068, #3209, #2014, #5197, #6237, #6820, #2539, #5862, #5334, #1521, #6857, #3734, #508, #5225, #6377 ),
 ( #994, #433, #5825, #1556, #5264, #4713, #3130, #2575, #2085, #4150, #3172, #6268, #5717, #4781, #4220, #2124, #4785, #6343, #1983 ),
 ( #3695, #1031, #924, #2047, #1486, #2508, #5300, #4185, #3061, #6301, #2650, #399, #3658, #1598, #3623, #4258, #5784, #4647, #4114 ) ),
 .UNSPECIFIED., .F., .T., .F.,
 ( 6, 2, 6 ),
 ( 4, 1, 1, 1, 1, 1, 1, 1, 1, 1, 1, 1, 1, 1, 1, 1, 4 ),
 ( 0.000000000000000000, 0.5000000000000000000, 1.000000000000000000 ),
 ( 0.000000000000000000, 0.3926990816987241395, 0.7853981633974482790, 1.178097245096172418, 1.570796326794896558, 1.963495408493620475, 2.356194490192344393, 2.748893571891068976, 3.141592653589793116, 3.534291735288517255, 3.926990816987240951, 4.319689898685965979, 4.712388980384689674, 5.105088062083414258, 5.497787143782137953, 5.890486225480862537, 6.283185307179586232 ),
 .UNSPECIFIED. ) ;
#86 = CARTESIAN_POINT ( 'NONE',  ( 2.364411504516379476E-16, -1.287125673656860148, -0.3281249996586012019 ) ) ;
#87 = ORIENTED_EDGE ( 'NONE', *, *, #2092, .T. ) ;
#88 = CARTESIAN_POINT ( 'NONE',  ( -4.468555134790412886, -0.6309359496412333401, -5.415485147666051269 ) ) ;
#90 = CARTESIAN_POINT ( 'NONE',  ( 2.364411504516379476E-16, -1.287125673656860148, 1.734375000341397355 ) ) ;
#89 = MECHANICAL_DESIGN_GEOMETRIC_PRESENTATION_REPRESENTATION (  '', ( #3092 ), #3837 ) ;
#91 = CARTESIAN_POINT ( 'NONE',  ( -1.244416070571822130, 0.1180196733709382023, 2.246499999999999719 ) ) ;
#92 = B_SPLINE_CURVE_WITH_KNOTS ( 'NONE', 3,
 ( #1480, #3726, #2676, #2570, #3123, #501, #1060, #3202, #987, #1096, #3236, #5362, #5887, #5221, #570, #5257, #3688, #6810 ),
 .UNSPECIFIED., .F., .F.,
 ( 4, 2, 2, 2, 2, 2, 2, 2, 4 ),
 ( 0.000000000000000000, 0.06249999999999997224, 0.1249999999999999445, 0.1874999999999999445, 0.2499999999999999445, 0.3124999999999999445, 0.3750000000000000000, 0.4375000000000000000, 0.5000000000000000000 ),
 .UNSPECIFIED. ) ;
#93 = ORIENTED_EDGE ( 'NONE', *, *, #2338, .T. ) ;
#94 = CARTESIAN_POINT ( 'NONE',  ( -7.881371681721266152E-17, 1.287125673656860148, 1.609375000341396911 ) ) ;
#95 = PRODUCT_DEFINITION_FORMATION_WITH_SPECIFIED_SOURCE ( 'ANY', '', #5870, .NOT_KNOWN. ) ;
#96 = CARTESIAN_POINT ( 'NONE',  ( -7.612830808016393114, -5.561833807971088284, 2.270962711895550351E-14 ) ) ;
#97 = CARTESIAN_POINT ( 'NONE',  ( 3.433639610306789880, -7.142475014960772473E-16, -4.432776750217551687 ) ) ;
#98 = FACE_OUTER_BOUND ( 'NONE', #5573, .T. ) ;
#99 = CARTESIAN_POINT ( 'NONE',  ( -6.558540755701423919, -3.927102475809470139, 0.7692005493518672132 ) ) ;
#100 = CARTESIAN_POINT ( 'NONE',  ( -0.9925800931633984581, 0.5082464047652722750, 2.381816470456207480 ) ) ;
#101 = ORIENTED_EDGE ( 'NONE', *, *, #5804, .F. ) ;
#102 = CARTESIAN_POINT ( 'NONE',  ( -1.249999999999999556, 0.7216878364870319418, 1.979166666666664742 ) ) ;
#103 = DIRECTION ( 'NONE',  ( 0.000000000000000000, 0.000000000000000000, -1.000000000000000000 ) ) ;
#104 = CYLINDRICAL_SURFACE ( 'NONE', #4271, 11.00000000000000000 ) ;
#105 = DIRECTION ( 'NONE',  ( 0.000000000000000000, 0.000000000000000000, 1.000000000000000000 ) ) ;
#106 = CARTESIAN_POINT ( 'NONE',  ( -7.881371681721266152E-17, 1.287125673656860148, -0.3906249996586013129 ) ) ;
#107 = ORIENTED_EDGE ( 'NONE', *, *, #5821, .F. ) ;
#108 = DIRECTION ( 'NONE',  ( 2.802596928649634142E-45, -0.9989744779699412103, -0.04527684137264270658 ) ) ;
#109 = CARTESIAN_POINT ( 'NONE',  ( 0.6250000000000000000, -1.082531754730548190, 1.614583334016129745 ) ) ;
#110 = ORIENTED_EDGE ( 'NONE', *, *, #6738, .T. ) ;
#111 = CARTESIAN_POINT ( 'NONE',  ( 0.6250000000000000000, 1.082531754730549967, 1.697916667349465003 ) ) ;
#112 = PRODUCT_DEFINITION ( 'UNKNOWN', '', #3660, #2280 ) ;
#113 = CARTESIAN_POINT ( 'NONE',  ( 3.470710678118653636, 3.140064361744330235, -3.140064361744330235 ) ) ;
#115 = CARTESIAN_POINT ( 'NONE',  ( 1.114683531249999637, 0.6435628368284300738, -0.2447916663252681924 ) ) ;
#114 = AXIS2_PLACEMENT_3D ( 'NONE', #3988, #6106, #4514 ) ;
#116 = UNCERTAINTY_MEASURE_WITH_UNIT (LENGTH_MEASURE( 1.000000000000000082E-05 ), #4992, 'distance_accuracy_value', 'NONE');
#117 = CARTESIAN_POINT ( 'NONE',  ( -7.612830808016390449, 4.036281400256191976E-15, -4.465235006483863955 ) ) ;
#118 = CARTESIAN_POINT ( 'NONE',  ( 3.500000000000000000, 0.5349999309719778440, -4.099904416784031724 ) ) ;
#119 = CARTESIAN_POINT ( 'NONE',  ( 1.104266143892883356, -0.4083388134356268351, 2.319212995640373531 ) ) ;
#120 = CARTESIAN_POINT ( 'NONE',  ( -7.620000000000000107, -2.168404344971008868E-16, 4.100000000000000533 ) ) ;
#121 = CARTESIAN_POINT ( 'NONE',  ( -0.5573417656249990415, -0.9653442552426459988, -0.09895833299193490529 ) ) ;
#122 = ORIENTED_EDGE ( 'NONE', *, *, #2122, .F. ) ;
#123 = LINE ( 'NONE', #4958, #1493 ) ;
#124 = AXIS2_PLACEMENT_3D ( 'NONE', #366, #4146, #6172 ) ;
#125 = CARTESIAN_POINT ( 'NONE',  ( -5.396161522897367391, -3.799671038392665512, -1.250000000000000000 ) ) ;
#126 = CARTESIAN_POINT ( 'NONE',  ( -3.600000000000000977, 5.166228700122152517, -2.139921993911720222 ) ) ;
#127 = CARTESIAN_POINT ( 'NONE',  ( -7.553639610306789542, 3.954060262691558414, 3.954060262691561078 ) ) ;
#128 = DIRECTION ( 'NONE',  ( 1.000000000000000000, -0.000000000000000000, 0.000000000000000000 ) ) ;
#129 = ADVANCED_FACE ( 'NONE', ( #3800 ), #2156, .F. ) ;
#130 = CIRCLE ( 'NONE', #345, 9.599999999999999645 ) ;
#131 = CARTESIAN_POINT ( 'NONE',  ( -18.25000000000000000, 4.000000000000000000, -2.499999999999998668 ) ) ;
#132 = CARTESIAN_POINT ( 'NONE',  ( -5.726268046350310392, -3.799671038392666844, 1.249999999999999778 ) ) ;
#133 = EDGE_CURVE ( 'NONE', #3396, #2901, #6785, .T. ) ;
#134 = CARTESIAN_POINT ( 'NONE',  ( -3.529289321881345920, -5.599241485126964513, 2.209086670946166926E-14 ) ) ;
#135 = ORIENTED_EDGE ( 'NONE', *, *, #663, .F. ) ;
#136 = CARTESIAN_POINT ( 'NONE',  ( 1.250000000000000000, 1.530808498934190091E-16, 2.125000000000000000 ) ) ;
#137 = CARTESIAN_POINT ( 'NONE',  ( -7.519999999999999574, 5.159799029508467992E-16, -4.000000000000000000 ) ) ;
#138 = DIRECTION ( 'NONE',  ( 0.000000000000000000, 0.000000000000000000, -1.000000000000000000 ) ) ;
#139 = CARTESIAN_POINT ( 'NONE',  ( -1.250000000000000000, 0.000000000000000000, 1.750000000000000000 ) ) ;
#140 = LINE ( 'NONE', #5007, #682 ) ;
#141 =( NAMED_UNIT ( * ) PLANE_ANGLE_UNIT ( ) SI_UNIT ( $, .RADIAN. ) );
#142 = AXIS2_PLACEMENT_3D ( 'NONE', #6645, #6192, #4532 ) ;
#143 = EDGE_CURVE ( 'NONE', #2290, #4332, #2645, .T. ) ;
#144 = CARTESIAN_POINT ( 'NONE',  ( -3.308954545963465943, 0.000000000000000000, 8.799999999999998934 ) ) ;
#145 = ORIENTED_EDGE ( 'NONE', *, *, #6455, .F. ) ;
#146 = EDGE_CURVE ( 'NONE', #6793, #1840, #3728, .T. ) ;
#147 = CARTESIAN_POINT ( 'NONE',  ( -1.250000000000000000, 0.000000000000000000, 1.281250000682796042 ) ) ;
#148 = CARTESIAN_POINT ( 'NONE',  ( 3.492830808016390787, -3.157397952676304076, 3.157397952676298303 ) ) ;
#149 = CARTESIAN_POINT ( 'NONE',  ( 1.114683531249999637, 0.6435628368284300738, 0.5052083336747317244 ) ) ;
#150 = CARTESIAN_POINT ( 'NONE',  ( -3.500000000000000444, 0.000000000000000000, 5.550000000000000711 ) ) ;
#151 = CARTESIAN_POINT ( 'NONE',  ( -5.559999999999999609, -3.799671038392665956, 1.250000000000000000 ) ) ;
#152 = ADVANCED_FACE ( 'NONE', ( #2192 ), #5328, .F. ) ;
#153 = FACE_OUTER_BOUND ( 'NONE', #1955, .T. ) ;
#154 = CARTESIAN_POINT ( 'NONE',  ( -7.520000000000001350, -5.166228700122149853, 2.139921993911702902 ) ) ;
#155 = CARTESIAN_POINT ( 'NONE',  ( -7.620000000000000107, 1.070935887351342375, 4.100000000000003197 ) ) ;
#156 = VECTOR ( 'NONE', #6519, 1000.000000000000000 ) ;
#157 = ORIENTED_EDGE ( 'NONE', *, *, #3867, .F. ) ;
#158 = DIRECTION ( 'NONE',  ( -0.3939572814174826521, -0.7648491150001657246, -0.5097092226962447459 ) ) ;
#159 = CARTESIAN_POINT ( 'NONE',  ( -4.310000000000000497, -0.1657751458234180963, -5.449999999999999289 ) ) ;
#160 = ADVANCED_FACE ( 'NONE', ( #3938 ), #2817, .F. ) ;
#161 = CARTESIAN_POINT ( 'NONE',  ( -5.559999999999999609, -3.799671038392665956, -1.250000000000000000 ) ) ;
#162 = CARTESIAN_POINT ( 'NONE',  ( -3.599999999999999645, 3.954060262691557526, 3.954060262691560190 ) ) ;
#163 = CARTESIAN_POINT ( 'NONE',  ( -1.114683531249999637, -0.6435628368284300738, 2.192708333674733279 ) ) ;
#164 = VECTOR ( 'NONE', #5427, 1000.000000000000000 ) ;
#165 = CARTESIAN_POINT ( 'NONE',  ( -7.590710678118654187, -5.159432794547390344, -2.137107037654065955 ) ) ;
#166 = CARTESIAN_POINT ( 'NONE',  ( 3.410000000000000142, 0.000000000000000000, 6.080000000000000959 ) ) ;
#167 = ORIENTED_EDGE ( 'NONE', *, *, #6817, .F. ) ;
#168 = CARTESIAN_POINT ( 'NONE',  ( 0.7782643722138986586, 0.8458493317256928767, 0.9999999999999265032 ) ) ;
#169 = CARTESIAN_POINT ( 'NONE',  ( 0.000000000000000000, 0.000000000000000000, 2.500000000000000000 ) ) ;
#170 = CARTESIAN_POINT ( 'NONE',  ( -3.529289321881347696, 5.173024605696904921, -2.142736950169391807 ) ) ;
#171 = VERTEX_POINT ( 'NONE', #1273 ) ;
#172 = CARTESIAN_POINT ( 'NONE',  ( -1.250000000000000000, 0.000000000000000000, 2.500000000000000000 ) ) ;
#173 = EDGE_CURVE ( 'NONE', #4554, #1959, #3871, .T. ) ;
#174 = CARTESIAN_POINT ( 'NONE',  ( 6.287706646021781864, 0.5000000000000000000, 11.94689015883470695 ) ) ;
#175 = CARTESIAN_POINT ( 'NONE',  ( 0.000000000000000000, 0.000000000000000000, 0.000000000000000000 ) ) ;
#176 = CARTESIAN_POINT ( 'NONE',  ( -1.114683531249999637, 0.6435628368284300738, -0.3489583329919347388 ) ) ;
#177 = SURFACE_STYLE_USAGE ( .BOTH. , #6072 ) ;
#178 = CARTESIAN_POINT ( 'NONE',  ( 0.7472441672786229727, 0.4377512472490255324, 2.000000000000000000 ) ) ;
#179 = CARTESIAN_POINT ( 'NONE',  ( -3.500000000000000444, 0.7241941281485626547, 5.533180194846606170 ) ) ;
#180 = ADVANCED_FACE ( 'NONE', ( #715 ), #5381, .T. ) ;
#181 = ORIENTED_EDGE ( 'NONE', *, *, #76, .F. ) ;
#182 = CIRCLE ( 'NONE', #5641, 8.799999999999998934 ) ;
#183 = CARTESIAN_POINT ( 'NONE',  ( -1.250000000000000000, 0.000000000000000000, 0.7812500006827970411 ) ) ;
#184 = ORIENTED_EDGE ( 'NONE', *, *, #6036, .T. ) ;
#185 = ORIENTED_EDGE ( 'NONE', *, *, #4812, .T. ) ;
#186 = CARTESIAN_POINT ( 'NONE',  ( 3.470710678118654524, -3.140064361744332899, 3.140064361744326682 ) ) ;
#187 = SPHERICAL_SURFACE ( 'NONE', #4407, 1.979999999999999982 ) ;
#188 = CARTESIAN_POINT ( 'NONE',  ( -3.500000000000000444, 5.694489056359822499, 2.403521144214635175E-15 ) ) ;
#189 = CARTESIAN_POINT ( 'NONE',  ( -7.612830808016390449, -1.052465984225436246, 4.029289321881342367 ) ) ;
#190 = CARTESIAN_POINT ( 'NONE',  ( 0.7527257842952910227, -0.4282568080685234535, 2.000000000000000000 ) ) ;
#191 = CARTESIAN_POINT ( 'NONE',  ( 0.8257051197972516965, -0.8555767433382672760, 2.307468863758983968 ) ) ;
#192 = CARTESIAN_POINT ( 'NONE',  ( -7.619999999999999218, 3.186447272360806160, -3.186447272360813265 ) ) ;
#193 = ORIENTED_EDGE ( 'NONE', *, *, #3426, .T. ) ;
#194 = DIRECTION ( 'NONE',  ( 0.9123507013817376832, 0.4040779458721932560, -0.06585750790881728101 ) ) ;
#195 = DIRECTION ( 'NONE',  ( 0.000000000000000000, 0.000000000000000000, 1.000000000000000000 ) ) ;
#196 = CARTESIAN_POINT ( 'NONE',  ( -5.005049721707488075, -3.839256550110904609, -1.123021263877095999 ) ) ;
#197 = CARTESIAN_POINT ( 'NONE',  ( -3.600000000000000533, 2.139921993911720222, 5.166228700122148965 ) ) ;
#198 = VECTOR ( 'NONE', #2911, 1000.000000000000000 ) ;
#199 = CARTESIAN_POINT ( 'NONE',  ( 1.114683531249999637, 0.6435628368284300738, 2.067708333674732835 ) ) ;
#200 = CARTESIAN_POINT ( 'NONE',  ( -7.612830808016392226, 0.7094738839595250424, 5.420710678118655146 ) ) ;
#201 = CARTESIAN_POINT ( 'NONE',  ( 3.499999999999999556, -4.524956558666199946, -3.267127082266586740E-15 ) ) ;
#202 = ORIENTED_EDGE ( 'NONE', *, *, #4885, .T. ) ;
#203 = DIRECTION ( 'NONE',  ( 0.000000000000000000, 0.000000000000000000, 1.000000000000000000 ) ) ;
#204 =( BOUNDED_CURVE ( )  B_SPLINE_CURVE ( 2, ( #4344, #2141, #43, #2738, #3716, #2590, #3223 ),
 .UNSPECIFIED., .F., .F. ) 
 B_SPLINE_CURVE_WITH_KNOTS ( ( 3, 2, 2, 3 ),
 ( 0.3750000000000000000, 0.3888888888888890061, 0.4027777777777775126, 0.4166666666666665186 ),
 .UNSPECIFIED. ) 
 CURVE ( )  GEOMETRIC_REPRESENTATION_ITEM ( )  RATIONAL_B_SPLINE_CURVE ( ( 1.000000000000000000, 0.8660254037844389297, 1.000000000000000000, 0.8660254037844389297, 1.000000000000000000, 0.8660254037844389297, 1.000000000000000000 ) ) 
 REPRESENTATION_ITEM ( '' )  );
#205 = CARTESIAN_POINT ( 'NONE',  ( -3.500000000000000444, -3.252606517456513302E-16, 5.550000000000000711 ) ) ;
#206 = CARTESIAN_POINT ( 'NONE',  ( -3.529289321881346364, 0.7142456500564634547, 5.457169191983608947 ) ) ;
#207 = ORIENTED_EDGE ( 'NONE', *, *, #290, .T. ) ;
#208 = PRODUCT_DEFINITION_FORMATION_WITH_SPECIFIED_SOURCE ( 'ANY', '', #580, .NOT_KNOWN. ) ;
#209 = CARTESIAN_POINT ( 'NONE',  ( -1.250000000000000000, 0.000000000000000000, 0.5000000000000000000 ) ) ;
#210 = CARTESIAN_POINT ( 'NONE',  ( -8.838126989374225934E-17, 1.443375672974064106, 1.687499999999999334 ) ) ;
#211 = CARTESIAN_POINT ( 'NONE',  ( 0.000000000000000000, 1.077689183249670605E-15, -8.799999999999998934 ) ) ;
#212 = CARTESIAN_POINT ( 'NONE',  ( 1.250000000000000000, 1.530808498934190091E-16, 2.500000000000000000 ) ) ;
#213 = SHAPE_REPRESENTATION_RELATIONSHIP ( 'NONE' , 'NONE' ,  #6174, #2485 ) ;
#214 = CARTESIAN_POINT ( 'NONE',  ( -0.5573417656250000407, 0.9653442552426449996, 1.130208333674731946 ) ) ;
#215 = CARTESIAN_POINT ( 'NONE',  ( -3.500000000000000888, -0.7263955392177398052, 5.550000000000001599 ) ) ;
#216 = ORIENTED_EDGE ( 'NONE', *, *, #2492, .F. ) ;
#217 = CARTESIAN_POINT ( 'NONE',  ( -0.6250000000000000000, -1.082531754730549967, 0.8229166673494628936 ) ) ;
#218 = ORIENTED_EDGE ( 'NONE', *, *, #5483, .T. ) ;
#219 = ORIENTED_EDGE ( 'NONE', *, *, #4019, .F. ) ;
#220 = CARTESIAN_POINT ( 'NONE',  ( 3.470710678118654080, 1.046688120581443782, 4.007169191983609657 ) ) ;
#221 = CARTESIAN_POINT ( 'NONE',  ( 0.4180063150855192200, -1.033339293450411756, 1.000000000000000000 ) ) ;
#222 = CARTESIAN_POINT ( 'NONE',  ( -3.500000000000000888, -0.7263955392177398052, 5.550000000000001599 ) ) ;
#223 = EDGE_CURVE ( 'NONE', #6793, #6760, #1038, .T. ) ;
#224 = DIRECTION ( 'NONE',  ( 0.000000000000000000, 0.000000000000000000, 1.000000000000000000 ) ) ;
#225 = CARTESIAN_POINT ( 'NONE',  ( 0.000000000000000000, 0.000000000000000000, 0.000000000000000000 ) ) ;
#226 = CARTESIAN_POINT ( 'NONE',  ( -1.188881187006454843, -0.3638517978726564239, 2.256108667103821297 ) ) ;
#227 = CARTESIAN_POINT ( 'NONE',  ( -7.620000000000000107, -2.168404344971008868E-16, 4.100000000000000533 ) ) ;
#228 = AXIS2_PLACEMENT_3D ( 'NONE', #6572, #1788, #6603 ) ;
#229 = LINE ( 'NONE', #1696, #1494 ) ;
#230 = CARTESIAN_POINT ( 'NONE',  ( -0.5573417656249990415, -0.9653442552426459988, 1.213541667008064096 ) ) ;
#231 = CARTESIAN_POINT ( 'NONE',  ( -7.590710678118655075, 5.159432794547396561, -2.137107037654050856 ) ) ;
#232 = CARTESIAN_POINT ( 'NONE',  ( 3.500000000000000000, 3.186447272360809713, -3.186447272360809713 ) ) ;
#233 = VERTEX_POINT ( 'NONE', #6827 ) ;
#234 = CARTESIAN_POINT ( 'NONE',  ( 0.1659046224242945733, 1.139174086604629377, 2.363605269728207059 ) ) ;
#235 = ORIENTED_EDGE ( 'NONE', *, *, #865, .T. ) ;
#236 = EDGE_CURVE ( 'NONE', #480, #6600, #1948, .T. ) ;
#237 = CARTESIAN_POINT ( 'NONE',  ( 0.000000000000000000, 0.000000000000000000, 6.080000000000000959 ) ) ;
#238 = CARTESIAN_POINT ( 'NONE',  ( -3.507169191983608769, 0.000000000000000000, 5.479289321881346098 ) ) ;
#239 = ORIENTED_EDGE ( 'NONE', *, *, #2417, .F. ) ;
#240 = CARTESIAN_POINT ( 'NONE',  ( -0.6250000000000000000, 1.082531754730549967, 0.9583333333333329263 ) ) ;
#241 = CARTESIAN_POINT ( 'NONE',  ( -0.6250000000000000000, 1.082531754730549967, 1.708333333333334814 ) ) ;
#242 =( BOUNDED_CURVE ( )  B_SPLINE_CURVE ( 2, ( #5598, #1936, #1371 ),
 .UNSPECIFIED., .F., .T. ) 
 B_SPLINE_CURVE_WITH_KNOTS ( ( 3, 3 ),
 ( 0.4166666666666665186, 0.4269030044275402558 ),
 .UNSPECIFIED. ) 
 CURVE ( )  GEOMETRIC_REPRESENTATION_ITEM ( )  RATIONAL_B_SPLINE_CURVE ( ( 1.000000000000000000, 0.9012585362867802097, 0.9480652127678665941 ) ) 
 REPRESENTATION_ITEM ( '' )  );
#243 = LINE ( 'NONE', #2831, #3895 ) ;
#244 = CARTESIAN_POINT ( 'NONE',  ( -7.590710678118655075, -5.159432794547396561, 2.137107037654033537 ) ) ;
#245 = CARTESIAN_POINT ( 'NONE',  ( 1.114683531249999415, -0.6435628368284300738, 1.026041667008064540 ) ) ;
#246 = CARTESIAN_POINT ( 'NONE',  ( -3.500000000000000444, 5.229133828522951610, -2.165978151238153071 ) ) ;
#247 = EDGE_LOOP ( 'NONE', ( #4662, #1874, #5204, #3160 ) ) ;
#248 = AXIS2_PLACEMENT_3D ( 'NONE', #1937, #2488, #1407 ) ;
#249 = CARTESIAN_POINT ( 'NONE',  ( 0.6250000000000000000, 1.082531754730549967, 1.947916667349465003 ) ) ;
#250 = CARTESIAN_POINT ( 'NONE',  ( -1.114683531249999637, -0.6435628368284300738, 1.942708333674732835 ) ) ;
#251 = ORIENTED_EDGE ( 'NONE', *, *, #773, .T. ) ;
#252 = ORIENTED_EDGE ( 'NONE', *, *, #3132, .F. ) ;
#253 = CARTESIAN_POINT ( 'NONE',  ( 3.500000000000000444, -3.186447272360812821, 3.186447272360808380 ) ) ;
#254 = CARTESIAN_POINT ( 'NONE',  ( 2.364411504516379476E-16, -1.287125673656860148, -0.5781249996586014239 ) ) ;
#255 = CARTESIAN_POINT ( 'NONE',  ( -3.500000000000000888, -0.7241941281485618775, 5.533180194846606170 ) ) ;
#256 = CIRCLE ( 'NONE', #807, 9.597815608934052278 ) ;
#257 = CYLINDRICAL_SURFACE ( 'NONE', #4627, 11.99999999999999822 ) ;
#258 = CARTESIAN_POINT ( 'NONE',  ( -6.801830356315760717, -5.448109648678600259, -0.1644927843783596799 ) ) ;
#259 = CARTESIAN_POINT ( 'NONE',  ( -1.068064478935500716, -0.6195456306020055148, 2.261742825613045849 ) ) ;
#260 = DIRECTION ( 'NONE',  ( 0.000000000000000000, 0.000000000000000000, 1.000000000000000000 ) ) ;
#261 = EDGE_CURVE ( 'NONE', #5031, #2433, #6047, .T. ) ;
#262 = CARTESIAN_POINT ( 'NONE',  ( -5.559999999999999609, -9.600999999999999091, 0.000000000000000000 ) ) ;
#263 = EDGE_CURVE ( 'NONE', #310, #3926, #5305, .T. ) ;
#264 = CARTESIAN_POINT ( 'NONE',  ( -0.5573417656249990415, -0.9653442552426459988, 0.7135416670080649837 ) ) ;
#265 = CIRCLE ( 'NONE', #5950, 11.00000000000000000 ) ;
#266 = CARTESIAN_POINT ( 'NONE',  ( -7.553639610306788654, 5.166228700122148965, 2.139921993911714448 ) ) ;
#267 = CARTESIAN_POINT ( 'NONE',  ( 3.433639610306789880, 7.589415207398531038E-16, 4.000000000000000888 ) ) ;
#268 = VERTEX_POINT ( 'NONE', #1110 ) ;
#269 = CARTESIAN_POINT ( 'NONE',  ( 0.000000000000000000, -4.000000000000000000, -11.00000000000000000 ) ) ;
#270 = ORIENTED_EDGE ( 'NONE', *, *, #6615, .T. ) ;
#271 = CARTESIAN_POINT ( 'NONE',  ( -7.619999999999998330, -3.277507469530044570, 2.520903311279691028 ) ) ;
#272 = CARTESIAN_POINT ( 'NONE',  ( -3.500000000000000444, 0.000000000000000000, 5.516360389693211630 ) ) ;
#273 = ORIENTED_EDGE ( 'NONE', *, *, #1599, .F. ) ;
#274 = VECTOR ( 'NONE', #4871, 1000.000000000000000 ) ;
#275 = CARTESIAN_POINT ( 'NONE',  ( -7.520000000000001350, -1.046991537437123476, 3.895890706673260873 ) ) ;
#276 = CARTESIAN_POINT ( 'NONE',  ( 1.250000000000000000, 1.530808498934190091E-16, 1.656250000682794932 ) ) ;
#277 = CARTESIAN_POINT ( 'NONE',  ( -7.620000000000001883, -0.7024205344592514555, 5.366819805153395073 ) ) ;
#278 =( REPRESENTATION_RELATIONSHIP ('NONE','NONE', #6877, #1356 ) REPRESENTATION_RELATIONSHIP_WITH_TRANSFORMATION ( #3710 )SHAPE_REPRESENTATION_RELATIONSHIP( ) );
#279 = FACE_OUTER_BOUND ( 'NONE', #4228, .T. ) ;
#280 = CARTESIAN_POINT ( 'NONE',  ( -3.500000000000001332, -2.179186617653202429, -5.261021887280362463 ) ) ;
#281 = ORIENTED_EDGE ( 'NONE', *, *, #2134, .T. ) ;
#282 = CARTESIAN_POINT ( 'NONE',  ( -1.249999999999999556, 0.7216878364870319418, -0.4895833326505363847 ) ) ;
#283 = CARTESIAN_POINT ( 'NONE',  ( 1.114683531250000526, -0.6435628368284300738, 1.526041667008062763 ) ) ;
#284 = ORIENTED_EDGE ( 'NONE', *, *, #434, .T. ) ;
#285 = EDGE_LOOP ( 'NONE', ( #1033, #4522, #1040, #6726 ) ) ;
#286 = DIRECTION ( 'NONE',  ( 0.000000000000000000, 0.000000000000000000, 1.000000000000000000 ) ) ;
#287 = CARTESIAN_POINT ( 'NONE',  ( -7.619999999999999218, 1.392403069057282616, -5.214152933865893402 ) ) ;
#288 = CARTESIAN_POINT ( 'NONE',  ( -3.500000000000001776, -2.179186617653223301, 5.261021887280358911 ) ) ;
#289 = CARTESIAN_POINT ( 'NONE',  ( 0.000000000000000000, 0.000000000000000000, 0.000000000000000000 ) ) ;
#290 = EDGE_CURVE ( 'NONE', #5453, #1436, #6001, .T. ) ;
#291 = CARTESIAN_POINT ( 'NONE',  ( -1.250000000000000000, 0.000000000000000000, 1.281250000682796042 ) ) ;
#292 = CARTESIAN_POINT ( 'NONE',  ( -0.02978582794787364152, -1.208443757737300839, 2.287691423130666646 ) ) ;
#293 = FACE_BOUND ( 'NONE', #3521, .T. ) ;
#294 = CIRCLE ( 'NONE', #1185, 11.99999999999999822 ) ;
#295 = SHAPE_DEFINITION_REPRESENTATION ( #3697, #6174 ) ;
#296 = DIRECTION ( 'NONE',  ( -1.000000000000000000, -0.000000000000000000, -0.000000000000000000 ) ) ;
#297 = CARTESIAN_POINT ( 'NONE',  ( 1.114683531249999637, 0.6435628368284300738, 0.06770833367473154396 ) ) ;
#298 = CARTESIAN_POINT ( 'NONE',  ( -7.553639610306791319, -2.139921993911703790, -5.166228700122156070 ) ) ;
#299 = CARTESIAN_POINT ( 'NONE',  ( 3.500000000000000888, 6.505213034913026604E-16, 4.066360389693210564 ) ) ;
#300 = ORIENTED_EDGE ( 'NONE', *, *, #5483, .F. ) ;
#301 = CARTESIAN_POINT ( 'NONE',  ( -3.500000000000000000, 1.175660927181458842E-15, -9.599999999999999645 ) ) ;
#302 = EDGE_LOOP ( 'NONE', ( #5211, #1188 ) ) ;
#303 = DIRECTION ( 'NONE',  ( 0.000000000000000000, 0.000000000000000000, -1.000000000000000000 ) ) ;
#304 = VERTEX_POINT ( 'NONE', #4226 ) ;
#305 = CARTESIAN_POINT ( 'NONE',  ( 18.25000000000000355, 4.000000000000000000, 0.000000000000000000 ) ) ;
#306 = CARTESIAN_POINT ( 'NONE',  ( -7.620000000000000995, -2.113865836585272273, -5.103323571721356089 ) ) ;
#307 =( GEOMETRIC_REPRESENTATION_CONTEXT ( 3 ) GLOBAL_UNCERTAINTY_ASSIGNED_CONTEXT ( ( #2773 ) ) GLOBAL_UNIT_ASSIGNED_CONTEXT ( ( #1728, #4957, #5087 ) ) REPRESENTATION_CONTEXT ( 'NONE', 'WORKASPACE' ) );
#308 = CARTESIAN_POINT ( 'NONE',  ( 9.904545454545443661, 0.5000000000000000000, 4.785392286829072361 ) ) ;
#309 = CARTESIAN_POINT ( 'NONE',  ( -3.500000000000000888, -4.002205763591144994, 4.002205763591119236 ) ) ;
#310 = VERTEX_POINT ( 'NONE', #586 ) ;
#311 = CARTESIAN_POINT ( 'NONE',  ( -0.6250000000000000000, 1.082531754730549967, -0.5104166659838700326 ) ) ;
#312 = CARTESIAN_POINT ( 'NONE',  ( 1.114683531249999637, 0.6435628368284300738, 2.067708333674732835 ) ) ;
#313 = EDGE_LOOP ( 'NONE', ( #2999, #5377, #3923, #6212, #428, #5829 ) ) ;
#314 = VERTEX_POINT ( 'NONE', #513 ) ;
#315 = LINE ( 'NONE', #3000, #3111 ) ;
#316 = CARTESIAN_POINT ( 'NONE',  ( -7.620000000000000107, 0.7089572450984409357, -5.349901239314371004 ) ) ;
#317 = CARTESIAN_POINT ( 'NONE',  ( 1.383850883036509265E-15, -4.000000000000000000, 11.30000000000000071 ) ) ;
#318 = CARTESIAN_POINT ( 'NONE',  ( 10.96959907765275588, 0.000000000000000000, 9.482504736384781197 ) ) ;
#319 = CARTESIAN_POINT ( 'NONE',  ( -5.559999999999999609, -5.304714883949936954, 1.250000000000000000 ) ) ;
#320 = DIRECTION ( 'NONE',  ( 0.000000000000000000, 0.000000000000000000, 1.000000000000000000 ) ) ;
#321 = DIRECTION ( 'NONE',  ( 0.000000000000000000, 0.000000000000000000, 1.000000000000000000 ) ) ;
#322 = LINE ( 'NONE', #4101, #5737 ) ;
#323 = CARTESIAN_POINT ( 'NONE',  ( -0.5573417656249990415, -0.9653442552426459988, 0.2135416670080650114 ) ) ;
#324 =( GEOMETRIC_REPRESENTATION_CONTEXT ( 3 ) GLOBAL_UNCERTAINTY_ASSIGNED_CONTEXT ( ( #1158 ) ) GLOBAL_UNIT_ASSIGNED_CONTEXT ( ( #4832, #2692, #3142 ) ) REPRESENTATION_CONTEXT ( 'NONE', 'WORKASPACE' ) );
#325 = CARTESIAN_POINT ( 'NONE',  ( -1.114683531250000081, 0.000000000000000000, 1.609375000341400019 ) ) ;
#326 = ORIENTED_EDGE ( 'NONE', *, *, #658, .T. ) ;
#327 = DIRECTION ( 'NONE',  ( 0.000000000000000000, 0.000000000000000000, 1.000000000000000000 ) ) ;
#328 = VERTEX_POINT ( 'NONE', #1000 ) ;
#329 = CYLINDRICAL_SURFACE ( 'NONE', #4004, 11.99999999999999822 ) ;
#330 = STYLED_ITEM ( 'NONE', ( #1714 ), #3062 ) ;
#331 = VERTEX_POINT ( 'NONE', #2166 ) ;
#332 = ADVANCED_FACE ( 'NONE', ( #4792 ), #2658, .F. ) ;
#333 = CARTESIAN_POINT ( 'NONE',  ( -7.520000000000001350, -0.5235987755983000369, 4.000000000000000888 ) ) ;
#334 = CARTESIAN_POINT ( 'NONE',  ( 18.25000000000000355, 0.000000000000000000, -2.499999999999998668 ) ) ;
#335 = CARTESIAN_POINT ( 'NONE',  ( -7.620000000000000107, 2.113865836585287372, 5.103323571721346319 ) ) ;
#336 = EDGE_CURVE ( 'NONE', #5157, #487, #5721, .T. ) ;
#337 = CARTESIAN_POINT ( 'NONE',  ( 0.000000000000000000, 0.000000000000000000, 0.000000000000000000 ) ) ;
#338 = DIRECTION ( 'NONE',  ( 0.000000000000000000, 0.000000000000000000, 1.000000000000000000 ) ) ;
#339 = ORIENTED_EDGE ( 'NONE', *, *, #773, .F. ) ;
#340 = CIRCLE ( 'NONE', #3131, 13.50049772884731247 ) ;
#341 = ORIENTED_EDGE ( 'NONE', *, *, #6036, .F. ) ;
#342 = CARTESIAN_POINT ( 'NONE',  ( 1.249999999999999556, 0.7216878364870319418, 0.4270833340161300229 ) ) ;
#343 = CARTESIAN_POINT ( 'NONE',  ( 0.5573417656250010399, -0.9653442552426449996, 2.005208333674729726 ) ) ;
#344 = VECTOR ( 'NONE', #4140, 1000.000000000000000 ) ;
#345 = AXIS2_PLACEMENT_3D ( 'NONE', #823, #4646, #1982 ) ;
#346 = ORIENTED_EDGE ( 'NONE', *, *, #2908, .T. ) ;
#347 = DIRECTION ( 'NONE',  ( 0.8849019005169601604, -0.000000000000000000, 0.4657774430578106584 ) ) ;
#348 = CARTESIAN_POINT ( 'NONE',  ( 0.5573417656250000407, 0.9653442552426449996, 1.276041667008064096 ) ) ;
#349 = DIRECTION ( 'NONE',  ( 0.000000000000000000, 0.000000000000000000, 1.000000000000000000 ) ) ;
#350 = DIRECTION ( 'NONE',  ( 0.000000000000000000, 0.000000000000000000, 1.000000000000000000 ) ) ;
#351 = EDGE_CURVE ( 'NONE', #827, #6404, #2099, .T. ) ;
#352 = CARTESIAN_POINT ( 'NONE',  ( -6.189972472026294525, -5.339874103244341974, -1.091948746543947912 ) ) ;
#353 = FACE_OUTER_BOUND ( 'NONE', #5558, .T. ) ;
#354 = ORIENTED_EDGE ( 'NONE', *, *, #3357, .F. ) ;
#355 = DIRECTION ( 'NONE',  ( 1.000000000000000000, 0.000000000000000000, 0.000000000000000000 ) ) ;
#356 = VECTOR ( 'NONE', #3474, 1000.000000000000000 ) ;
#357 = EDGE_CURVE ( 'NONE', #3336, #3640, #3216, .T. ) ;
#358 = CARTESIAN_POINT ( 'NONE',  ( 2.651438096812269876E-16, -1.443375672974063884, 1.062499999999999556 ) ) ;
#359 = CARTESIAN_POINT ( 'NONE',  ( 0.5573417656250000407, 0.9653442552426449996, 0.3385416670080649837 ) ) ;
#360 = CARTESIAN_POINT ( 'NONE',  ( 1.114683531250000081, 1.365093618607580186E-16, 1.984375000341400019 ) ) ;
#361 = VERTEX_POINT ( 'NONE', #3249 ) ;
#362 = CARTESIAN_POINT ( 'NONE',  ( -3.448989356929962558, 0.000000000000000000, 9.597803391643314086 ) ) ;
#363 = ADVANCED_FACE ( 'NONE', ( #4266 ), #4867, .T. ) ;
#364 = CARTESIAN_POINT ( 'NONE',  ( -7.519999999999999574, 4.000000000000001776, 0.5235987755982989267 ) ) ;
#365 = VERTEX_POINT ( 'NONE', #6384 ) ;
#366 = CARTESIAN_POINT ( 'NONE',  ( 0.000000000000000000, 0.5000000000000000000, 0.000000000000000000 ) ) ;
#367 = CARTESIAN_POINT ( 'NONE',  ( -3.600000000000000089, 2.981555974335137194E-16, -5.450000000000000178 ) ) ;
#368 = CARTESIAN_POINT ( 'NONE',  ( -0.6250000000000000000, 1.082531754730549967, 1.739583334016129967 ) ) ;
#369 = CARTESIAN_POINT ( 'NONE',  ( -7.620000000000000107, 3.905914761791989598, 3.905914761791991818 ) ) ;
#370 = VECTOR ( 'NONE', #483, 1000.000000000000000 ) ;
#371 = DIRECTION ( 'NONE',  ( -1.000000000000000000, 0.000000000000000000, -0.000000000000000000 ) ) ;
#372 = EDGE_LOOP ( 'NONE', ( #1363, #2243, #2379, #346 ) ) ;
#373 = CARTESIAN_POINT ( 'NONE',  ( 0.000000000000000000, 0.000000000000000000, 2.500000000000000000 ) ) ;
#374 = ORIENTED_EDGE ( 'NONE', *, *, #582, .T. ) ;
#375 = CIRCLE ( 'NONE', #3291, 9.599999999999999645 ) ;
#376 = CARTESIAN_POINT ( 'NONE',  ( -8.838126989374227166E-17, 1.443375672974063884, 0.2187500006827963472 ) ) ;
#377 = CARTESIAN_POINT ( 'NONE',  ( 1.114683531250000081, 1.365093618607580186E-16, 1.796875000341400241 ) ) ;
#378 = ORIENTED_EDGE ( 'NONE', *, *, #3115, .T. ) ;
#379 = CARTESIAN_POINT ( 'NONE',  ( 3.500000000000001332, -1.066542489069137734, 4.083180194846604216 ) ) ;
#380 = CARTESIAN_POINT ( 'NONE',  ( 2.364411504516379476E-16, -1.287125673656860148, 1.671875000341397799 ) ) ;
#381 = CARTESIAN_POINT ( 'NONE',  ( -3.500000000000000000, 5.549901236756775269, -0.7354788942596349743 ) ) ;
#382 = CARTESIAN_POINT ( 'NONE',  ( 0.000000000000000000, 4.000000000000000000, -13.50049772884731247 ) ) ;
#383 = CARTESIAN_POINT ( 'NONE',  ( -1.006168458677121125, 0.7010339357463519772, 2.271004979928183953 ) ) ;
#384 = PLANE ( 'NONE',  #3886 ) ;
#385 = ORIENTED_EDGE ( 'NONE', *, *, #6551, .F. ) ;
#386 = PRODUCT_CONTEXT ( 'NONE', #2201, 'mechanical' ) ;
#387 = CARTESIAN_POINT ( 'NONE',  ( 0.5573417656250010399, -0.9653442552426449996, 1.942708333674729948 ) ) ;
#388 = CYLINDRICAL_SURFACE ( 'NONE', #3966, 1.250000000000000000 ) ;
#389 = CARTESIAN_POINT ( 'NONE',  ( -1.250000000000000000, 0.000000000000000000, 1.250000000000000000 ) ) ;
#390 = CARTESIAN_POINT ( 'NONE',  ( 2.364411504516379476E-16, -1.287125673656860148, 0.7343750003413984651 ) ) ;
#391 = CARTESIAN_POINT ( 'NONE',  ( -0.5573417656250000407, 0.9653442552426449996, 1.567708333674730170 ) ) ;
#392 = ORIENTED_EDGE ( 'NONE', *, *, #2492, .T. ) ;
#393 = CARTESIAN_POINT ( 'NONE',  ( -1.250000000000000000, 0.000000000000000000, 1.031250000682796042 ) ) ;
#394 = CARTESIAN_POINT ( 'NONE',  ( -3.500000000000000444, -3.252606517456513302E-16, 5.550000000000000711 ) ) ;
#395 = EDGE_LOOP ( 'NONE', ( #4159, #2933, #4298, #1564 ) ) ;
#396 = CARTESIAN_POINT ( 'NONE',  ( -7.620000000000000107, 2.520768136199086129, -3.277372294450726198 ) ) ;
#397 = CARTESIAN_POINT ( 'NONE',  ( 2.651010643070037087, 1.175393416428758969E-15, -9.597815608934052278 ) ) ;
#398 = DIRECTION ( 'NONE',  ( 0.000000000000000000, -1.000000000000000000, 0.000000000000000000 ) ) ;
#399 = CARTESIAN_POINT ( 'NONE',  ( -7.519999999999999574, -3.954060262691569516, -3.954060262691547756 ) ) ;
#400 = CLOSED_SHELL ( 'NONE', ( #419, #4886, #2406, #1201, #5663, #3143, #5675, #1063, #4702, #2837, #4932, #3893, #1388, #1492, #5536, #5590, #6612, #2651, #492, #4443, #363, #6204, #129, #1890, #1450, #4165, #4189 ) ) ;
#401 = DIRECTION ( 'NONE',  ( -0.000000000000000000, 0.000000000000000000, -1.000000000000000000 ) ) ;
#402 = EDGE_LOOP ( 'NONE', ( #5267, #1445, #2731, #5674 ) ) ;
#403 = CARTESIAN_POINT ( 'NONE',  ( -7.620000000000000995, 7.589415207398531038E-16, -4.083180194846605104 ) ) ;
#404 = CARTESIAN_POINT ( 'NONE',  ( -1.245723662346245986, -0.1122203184865998987, 2.250776337653408010 ) ) ;
#405 = CARTESIAN_POINT ( 'NONE',  ( -0.6250000000000000000, -1.082531754730549967, 0.3229166673494635043 ) ) ;
#406 = CARTESIAN_POINT ( 'NONE',  ( 0.5573417656250000407, 0.9653442552426449996, 0.08854166700806520574 ) ) ;
#407 = ORIENTED_EDGE ( 'NONE', *, *, #5038, .T. ) ;
#408 = CARTESIAN_POINT ( 'NONE',  ( 0.000000000000000000, 0.000000000000000000, 0.000000000000000000 ) ) ;
#409 = AXIS2_PLACEMENT_3D ( 'NONE', #4549, #2275, #4418 ) ;
#410 = CARTESIAN_POINT ( 'NONE',  ( 1.114683531249999415, 0.6435628368284300738, 1.755208333674729948 ) ) ;
#411 = CARTESIAN_POINT ( 'NONE',  ( -3.500000000000000000, 3.404450358195175497, 4.444574585293644908 ) ) ;
#412 = CARTESIAN_POINT ( 'NONE',  ( -3.628989356929962717, 0.000000000000000000, 0.000000000000000000 ) ) ;
#413 = DIRECTION ( 'NONE',  ( 0.000000000000000000, -1.000000000000000000, 0.000000000000000000 ) ) ;
#414 = CARTESIAN_POINT ( 'NONE',  ( 0.000000000000000000, 1.175391920242159397E-15, -9.597803391643314086 ) ) ;
#415 = EDGE_LOOP ( 'NONE', ( #4507, #3188, #6822, #2489, #1382, #4139, #6116, #2920, #1482 ) ) ;
#416 = PRODUCT_CONTEXT ( 'NONE', #1347, 'mechanical' ) ;
#417 = ADVANCED_FACE ( 'NONE', ( #439 ), #3742, .T. ) ;
#418 = CARTESIAN_POINT ( 'NONE',  ( 1.114683531250000081, 1.365093618607580186E-16, 1.234375000341400019 ) ) ;
#419 = ADVANCED_FACE ( 'NONE', ( #6309 ), #1525, .T. ) ;
#420 = EDGE_CURVE ( 'NONE', #4187, #3257, #2369, .T. ) ;
#421 = CARTESIAN_POINT ( 'NONE',  ( -7.536819805153395890, 1.044815499854968133, 4.000000000000002665 ) ) ;
#422 = CARTESIAN_POINT ( 'NONE',  ( 0.6250000000000000000, -1.082531754730548190, 0.08333333333333328707 ) ) ;
#423 = CARTESIAN_POINT ( 'NONE',  ( -6.810000000000001386, 0.1638508167858376274, -4.000000000000000888 ) ) ;
#424 = CARTESIAN_POINT ( 'NONE',  ( -1.114683531249999637, -0.6435628368284300738, 1.380208333674730392 ) ) ;
#425 = VERTEX_POINT ( 'NONE', #3424 ) ;
#426 = DIRECTION ( 'NONE',  ( -1.000000000000000000, 0.000000000000000000, 0.000000000000000000 ) ) ;
#427 = CARTESIAN_POINT ( 'NONE',  ( -0.5573417656249990415, -0.9653442552426459988, 1.963541667008065206 ) ) ;
#428 = ORIENTED_EDGE ( 'NONE', *, *, #357, .T. ) ;
#429 = CARTESIAN_POINT ( 'NONE',  ( -7.620000000000000107, 2.100657370170219806, 5.071435512963943459 ) ) ;
#430 = DIRECTION ( 'NONE',  ( 0.000000000000000000, 0.000000000000000000, 1.000000000000000000 ) ) ;
#431 = VECTOR ( 'NONE', #1265, 1000.000000000000000 ) ;
#432 = CARTESIAN_POINT ( 'NONE',  ( 8.447433219371585852E-07, 0.000000000000000000, -0.0005629049236333810713 ) ) ;
#433 = CARTESIAN_POINT ( 'NONE',  ( -7.536819805153395890, 0.7133073313039072216, 5.450000000000000178 ) ) ;
#434 = EDGE_CURVE ( 'NONE', #3399, #4012, #3672, .T. ) ;
#435 = FACE_OUTER_BOUND ( 'NONE', #5687, .T. ) ;
#436 = ORIENTED_EDGE ( 'NONE', *, *, #4665, .T. ) ;
#437 = CARTESIAN_POINT ( 'NONE',  ( -7.519999999999999574, 5.159799029508467992E-16, -4.000000000000000000 ) ) ;
#438 = CARTESIAN_POINT ( 'NONE',  ( -5.230525005013912931, -1.216768873978897547, -3.811003679837112745 ) ) ;
#439 = FACE_OUTER_BOUND ( 'NONE', #5666, .T. ) ;
#440 = CARTESIAN_POINT ( 'NONE',  ( -1.114683531249999637, 0.6435628368284300738, 0.6510416670080653168 ) ) ;
#441 = ORIENTED_EDGE ( 'NONE', *, *, #4682, .T. ) ;
#442 = PRODUCT_DEFINITION_SHAPE ( 'NONE', 'NONE',  #6901 ) ;
#443 = CARTESIAN_POINT ( 'NONE',  ( 1.114683531249999415, 0.6435628368284300738, 1.505208333674731724 ) ) ;
#444 = VECTOR ( 'NONE', #2959, 1000.000000000000000 ) ;
#445 = CARTESIAN_POINT ( 'NONE',  ( -3.500000000000000000, -0.7354788942609007396, -5.549901236757208700 ) ) ;
#446 = CARTESIAN_POINT ( 'NONE',  ( 0.000000000000000000, 0.000000000000000000, 0.000000000000000000 ) ) ;
#447 = CYLINDRICAL_SURFACE ( 'NONE', #5826, 11.75000000000000000 ) ;
#448 = EDGE_LOOP ( 'NONE', ( #4999, #6727, #3686, #1324 ) ) ;
#449 = VECTOR ( 'NONE', #2684, 999.9999999999998863 ) ;
#450 = CIRCLE ( 'NONE', #2253, 11.75000000000000000 ) ;
#451 = CARTESIAN_POINT ( 'NONE',  ( -7.520000000000001350, -5.450000000000001066, 0.7134033317526836671 ) ) ;
#452 = CARTESIAN_POINT ( 'NONE',  ( -0.5573417656249990415, -0.9653442552426459988, 1.401041667008064096 ) ) ;
#453 = CARTESIAN_POINT ( 'NONE',  ( -3.583180194846605993, -0.7133073313039065555, 5.450000000000000178 ) ) ;
#454 = B_SPLINE_CURVE_WITH_KNOTS ( 'NONE', 3,
 ( #6524, #3883, #3729, #1516, #2719, #6450, #3167, #2081, #503, #4181, #2646, #5404, #1593, #5260, #3653, #3769, #2043, #1552, #6298, #5890 ),
 .UNSPECIFIED., .F., .F.,
 ( 4, 2, 2, 2, 2, 2, 2, 2, 2, 4 ),
 ( 0.003921155292778135022, 0.004411169529143500224, 0.004901183765508865427, 0.005391198001874230629, 0.005881212238239595831, 0.006126219356422278432, 0.006371226474604961033, 0.006861240710970326236, 0.007351254947335692305, 0.007841269183701057507 ),
 .UNSPECIFIED. ) ;
#455 = CARTESIAN_POINT ( 'NONE',  ( -7.520000000000000462, 4.432776750217553463, 1.851372013284399482E-15 ) ) ;
#456 = EDGE_CURVE ( 'NONE', #2687, #5951, #970, .T. ) ;
#457 = CARTESIAN_POINT ( 'NONE',  ( -0.6250000000000000000, 1.082531754730549967, 0.2083333333333335091 ) ) ;
#458 = CARTESIAN_POINT ( 'NONE',  ( -7.536819805153395890, 4.222162780531148185E-15, -4.432776750217549910 ) ) ;
#459 = CARTESIAN_POINT ( 'NONE',  ( -1.114683531249999637, -0.6435628368284300738, 1.130208333674731502 ) ) ;
#460 = ORIENTED_EDGE ( 'NONE', *, *, #5012, .T. ) ;
#461 = AXIS2_PLACEMENT_3D ( 'NONE', #1184, #4373, #1010 ) ;
#462 = CARTESIAN_POINT ( 'NONE',  ( 0.005481617016667239897, -0.8660080553175490969, 2.000000000000000000 ) ) ;
#463 = CARTESIAN_POINT ( 'NONE',  ( 1.250000000000000000, 1.530808498934190091E-16, 1.406250000682796042 ) ) ;
#464 = DIRECTION ( 'NONE',  ( 0.000000000000000000, 0.000000000000000000, 1.000000000000000000 ) ) ;
#465 = EDGE_CURVE ( 'NONE', #4794, #3580, #6034, .T. ) ;
#466 = ORIENTED_EDGE ( 'NONE', *, *, #1667, .F. ) ;
#467 = VECTOR ( 'NONE', #1987, 1000.000000000000114 ) ;
#468 = CARTESIAN_POINT ( 'NONE',  ( 1.250000000000000000, 1.530808498934190091E-16, 1.125000000000000000 ) ) ;
#469 = CARTESIAN_POINT ( 'NONE',  ( -7.620000000000003659, -5.506539936558771942, 2.242039561925969705E-14 ) ) ;
#470 = CARTESIAN_POINT ( 'NONE',  ( 0.000000000000000000, 0.5000000000000000000, 0.000000000000000000 ) ) ;
#471 = DIRECTION ( 'NONE',  ( -0.8628432422573810712, -0.5054716008746390488, 0.000000000000000000 ) ) ;
#472 = CARTESIAN_POINT ( 'NONE',  ( -0.8919068495783787354, 0.8757866016759878747, 0.9999999999975881515 ) ) ;
#473 = CARTESIAN_POINT ( 'NONE',  ( -3.600000000000000089, -5.421010862427522170E-17, 5.450000000000000178 ) ) ;
#474 = VERTEX_POINT ( 'NONE', #5550 ) ;
#475 = CARTESIAN_POINT ( 'NONE',  ( -7.620000000000000107, 6.776263578034402713E-16, -5.349999999999999645 ) ) ;
#476 = SURFACE_SIDE_STYLE ('',( #1639 ) ) ;
#477 = TOROIDAL_SURFACE ( 'NONE', #1377, 6.758822509939086842, 1.979999999999999982 ) ;
#478 = CARTESIAN_POINT ( 'NONE',  ( 1.085527723695907998, -0.2929223295888320200, 1.000000000000000444 ) ) ;
#479 = CARTESIAN_POINT ( 'NONE',  ( -1.114683531249999637, -0.6435628368284300738, 0.1927083336747317799 ) ) ;
#480 = VERTEX_POINT ( 'NONE', #1745 ) ;
#481 = FILL_AREA_STYLE_COLOUR ( '', #5576 ) ;
#482 = CARTESIAN_POINT ( 'NONE',  ( -0.5573417656250000407, 0.9653442552426449996, 1.567708333674730170 ) ) ;
#483 = DIRECTION ( 'NONE',  ( 0.8849001878009900013, 0.000000000000000000, -0.4657806969269686070 ) ) ;
#484 = AXIS2_PLACEMENT_3D ( 'NONE', #5118, #6084, #224 ) ;
#485 = CARTESIAN_POINT ( 'NONE',  ( 3.500000000000000000, 0.000000000000000000, 0.000000000000000000 ) ) ;
#486 = LINE ( 'NONE', #3714, #906 ) ;
#487 = VERTEX_POINT ( 'NONE', #139 ) ;
#488 = CARTESIAN_POINT ( 'NONE',  ( -9.904545454545443661, 3.500000000000000000, 4.785392286829072361 ) ) ;
#489 = CARTESIAN_POINT ( 'NONE',  ( 3.400000000000001243, -0.5235987755982982605, -4.000000000000001776 ) ) ;
#490 = AXIS2_PLACEMENT_3D ( 'NONE', #5672, #4108, #4705 ) ;
#491 = CARTESIAN_POINT ( 'NONE',  ( -1.114683531249999637, 0.6435628368284300738, 1.588541667008063873 ) ) ;
#492 = ADVANCED_FACE ( 'NONE', ( #5969 ), #4415, .F. ) ;
#493 = CARTESIAN_POINT ( 'NONE',  ( -3.566360389693211452, -5.166228700122151629, 2.139921993911703346 ) ) ;
#494 = CARTESIAN_POINT ( 'NONE',  ( 8.447433219371585852E-07, 0.5000000000000000000, -13.34434068408773300 ) ) ;
#495 = APPLICATION_CONTEXT ( 'automotive_design' ) ;
#496 = CARTESIAN_POINT ( 'NONE',  ( -1.247781088913175962, -4.165504559340670266E-12, 2.248718911086835082 ) ) ;
#497 = CARTESIAN_POINT ( 'NONE',  ( -7.553639610306791319, -3.134446499564901512, -3.134446499564899735 ) ) ;
#498 = CARTESIAN_POINT ( 'NONE',  ( -1.114683531249999637, 0.6435628368284300738, 0.3385416670080649837 ) ) ;
#499 = ORIENTED_EDGE ( 'NONE', *, *, #1579, .F. ) ;
#500 = CARTESIAN_POINT ( 'NONE',  ( -7.520000000000002238, 4.358184291070080540, 3.349279623863288702 ) ) ;
#501 = CARTESIAN_POINT ( 'NONE',  ( -3.600000000000000533, 4.358184291070082317, 3.349279623863285593 ) ) ;
#502 = CARTESIAN_POINT ( 'NONE',  ( -3.499999999999999556, 7.047314121155778821E-16, -5.549999999999998934 ) ) ;
#503 = CARTESIAN_POINT ( 'NONE',  ( -5.725454216243447192, 1.249934746518338136, -5.304730260242017437 ) ) ;
#504 = MECHANICAL_DESIGN_GEOMETRIC_PRESENTATION_REPRESENTATION (  '', ( #1754 ), #5095 ) ;
#505 = CARTESIAN_POINT ( 'NONE',  ( -7.620000000000001883, -3.881508698238517852, 3.881508698238492538 ) ) ;
#506 = CARTESIAN_POINT ( 'NONE',  ( 3.492830808016392119, -1.084202172485504434E-16, -4.029289321881346808 ) ) ;
#507 = FACE_OUTER_BOUND ( 'NONE', #4620, .T. ) ;
#508 = CARTESIAN_POINT ( 'NONE',  ( -7.553639610306789542, -2.139921993911723330, 5.166228700122148965 ) ) ;
#509 = PRODUCT_DEFINITION_SHAPE ( 'NONE', 'NONE',  #6898 ) ;
#510 = CARTESIAN_POINT ( 'NONE',  ( -1.114683531250000081, 0.000000000000000000, 2.381816468750005189 ) ) ;
#511 = ORIENTED_EDGE ( 'NONE', *, *, #2401, .T. ) ;
#512 = CARTESIAN_POINT ( 'NONE',  ( -3.898989356929963179, 0.000000000000000000, 10.99999999999999822 ) ) ;
#513 = CARTESIAN_POINT ( 'NONE',  ( 8.447433235713000751E-07, 0.5000000000000000000, 13.34321487424046637 ) ) ;
#514 = CARTESIAN_POINT ( 'NONE',  ( 2.364411504516379476E-16, -1.287125673656860148, 0.9843750003413987981 ) ) ;
#515 = VERTEX_POINT ( 'NONE', #5479 ) ;
#516 = UNCERTAINTY_MEASURE_WITH_UNIT (LENGTH_MEASURE( 1.000000000000000082E-05 ), #1681, 'distance_accuracy_value', 'NONE');
#517 = CARTESIAN_POINT ( 'NONE',  ( -7.620000000000000107, -5.421010862427522170E-17, 4.100000000000000533 ) ) ;
#518 = FILL_AREA_STYLE_COLOUR ( '', #3168 ) ;
#519 = CARTESIAN_POINT ( 'NONE',  ( 0.000000000000000000, 0.000000000000000000, 0.000000000000000000 ) ) ;
#520 = DIRECTION ( 'NONE',  ( -1.000000000000000000, -0.000000000000000000, -0.000000000000000000 ) ) ;
#521 = ORIENTED_EDGE ( 'NONE', *, *, #3631, .T. ) ;
#522 = CARTESIAN_POINT ( 'NONE',  ( -1.250000000000000000, 0.000000000000000000, 2.031250000682795154 ) ) ;
#523 = EDGE_CURVE ( 'NONE', #5973, #4583, #1144, .T. ) ;
#524 = CARTESIAN_POINT ( 'NONE',  ( 3.400000000000000799, -1.046991537437123254, 3.895890706673261317 ) ) ;
#525 = CARTESIAN_POINT ( 'NONE',  ( -1.114683531250000081, 0.000000000000000000, 0.8593750003413980210 ) ) ;
#526 = CARTESIAN_POINT ( 'NONE',  ( -3.507169191983609213, 2.151422335944864983, 5.193992981830502842 ) ) ;
#527 = CARTESIAN_POINT ( 'NONE',  ( -7.536819805153395002, 3.134446499564892630, -3.134446499564902400 ) ) ;
#528 = CARTESIAN_POINT ( 'NONE',  ( -0.6250000000000000000, -1.082531754730549967, -0.4583333333333329818 ) ) ;
#529 = CARTESIAN_POINT ( 'NONE',  ( -7.553639610306790431, 4.222162780531148185E-15, -4.432776750217549910 ) ) ;
#530 = CARTESIAN_POINT ( 'NONE',  ( 0.5573417656250000407, 0.9653442552426449996, 0.5260416670080649837 ) ) ;
#531 = ORIENTED_EDGE ( 'NONE', *, *, #1889, .T. ) ;
#532 = CARTESIAN_POINT ( 'NONE',  ( -5.395819588899469998, -1.249933292279630237, -5.304730602917876681 ) ) ;
#533 =( REPRESENTATION_RELATIONSHIP ('NONE','NONE', #6877, #1356 ) REPRESENTATION_RELATIONSHIP_WITH_TRANSFORMATION ( #5379 )SHAPE_REPRESENTATION_RELATIONSHIP( ) );
#534 = CARTESIAN_POINT ( 'NONE',  ( 0.5573417656250010399, -0.9653442552426449996, 2.255208333674729726 ) ) ;
#535 = CARTESIAN_POINT ( 'NONE',  ( 0.000000000000000000, 0.000000000000000000, 0.000000000000000000 ) ) ;
#536 = DIRECTION ( 'NONE',  ( 0.000000000000000000, 0.000000000000000000, 1.000000000000000000 ) ) ;
#537 = CARTESIAN_POINT ( 'NONE',  ( 18.25000000000000355, 4.000000000000000000, 0.000000000000000000 ) ) ;
#538 = CARTESIAN_POINT ( 'NONE',  ( -7.619999999999999218, 5.087379542342646666, 2.107261603377748482 ) ) ;
#539 = CARTESIAN_POINT ( 'NONE',  ( 3.416819805153395340, -1.044815499854965024, 4.000000000000000000 ) ) ;
#540 = DIRECTION ( 'NONE',  ( 0.000000000000000000, -1.000000000000000000, 0.000000000000000000 ) ) ;
#541 = CARTESIAN_POINT ( 'NONE',  ( 0.3772350355421373314, 1.114595187781328267, 1.000000000000000666 ) ) ;
#542 = EDGE_CURVE ( 'NONE', #6619, #6875, #3659, .T. ) ;
#543 = CARTESIAN_POINT ( 'NONE',  ( -3.600000000000000089, -5.421010862427522170E-17, 5.450000000000000178 ) ) ;
#544 = ORIENTED_EDGE ( 'NONE', *, *, #976, .F. ) ;
#545 = CARTESIAN_POINT ( 'NONE',  ( 0.5573417656250010399, -0.9653442552426449996, -0.4947916663252680536 ) ) ;
#546 = CARTESIAN_POINT ( 'NONE',  ( -4.309999999999999609, -8.663812960150583413E-17, -4.000000000000000000 ) ) ;
#547 = EDGE_CURVE ( 'NONE', #769, #6079, #243, .T. ) ;
#548 = CIRCLE ( 'NONE', #6469, 14.49999999999999822 ) ;
#549 = CARTESIAN_POINT ( 'NONE',  ( 1.027440535124552801, 0.4323023497772620072, 1.000000000000000000 ) ) ;
#550 = CARTESIAN_POINT ( 'NONE',  ( 1.114683531249999637, 0.6435628368284300738, 1.067708333674731946 ) ) ;
#551 = ORIENTED_EDGE ( 'NONE', *, *, #4147, .F. ) ;
#552 = CARTESIAN_POINT ( 'NONE',  ( -3.410000000000000142, 0.000000000000000000, 0.000000000000000000 ) ) ;
#553 = CARTESIAN_POINT ( 'NONE',  ( 0.000000000000000000, 0.000000000000000000, 0.000000000000000000 ) ) ;
#554 = ORIENTED_EDGE ( 'NONE', *, *, #1608, .F. ) ;
#555 = CARTESIAN_POINT ( 'NONE',  ( 1.250000000000001776, -0.7216878364870319418, 2.135416667349463893 ) ) ;
#556 = CARTESIAN_POINT ( 'NONE',  ( -0.7527257842952900235, 0.4282568080685234535, 2.000000000000000000 ) ) ;
#557 = ADVANCED_BREP_SHAPE_REPRESENTATION ( '', ( #4138, #1443 ), #307 ) ;
#558 = CARTESIAN_POINT ( 'NONE',  ( -1.114683531249999637, -0.6435628368284300738, 0.3802083336747320574 ) ) ;
#559 = CARTESIAN_POINT ( 'NONE',  ( -3.566360389693209676, 3.954060262691551308, -3.954060262691562855 ) ) ;
#560 = LINE ( 'NONE', #5392, #5957 ) ;
#561 = CIRCLE ( 'NONE', #3253, 11.30000000000000071 ) ;
#562 = CARTESIAN_POINT ( 'NONE',  ( -3.600000000000000089, 2.981555974335137194E-16, -5.450000000000000178 ) ) ;
#563 = CARTESIAN_POINT ( 'NONE',  ( 0.3604840171609430266, -1.147486704727796569, 2.296259479992815766 ) ) ;
#564 = CARTESIAN_POINT ( 'NONE',  ( -7.590710678118655075, -1.084202172485504434E-16, 4.007169191983609657 ) ) ;
#565 = CARTESIAN_POINT ( 'NONE',  ( -0.5573417656250000407, 0.9653442552426449996, -0.1822916663252679981 ) ) ;
#566 = VERTEX_POINT ( 'NONE', #4448 ) ;
#567 = DIRECTION ( 'NONE',  ( -1.000000000000000000, 0.000000000000000000, 0.000000000000000000 ) ) ;
#568 = EDGE_CURVE ( 'NONE', #4090, #6600, #4973, .T. ) ;
#569 = AXIS2_PLACEMENT_3D ( 'NONE', #6199, #6653, #327 ) ;
#570 = CARTESIAN_POINT ( 'NONE',  ( -3.600000000000000533, 2.744723443021401810, -4.762135816530706833 ) ) ;
#571 = DIRECTION ( 'NONE',  ( 0.000000000000000000, -1.000000000000000000, 0.000000000000000000 ) ) ;
#572 = CARTESIAN_POINT ( 'NONE',  ( 0.000000000000000000, 0.5000000000000000000, 0.000000000000000000 ) ) ;
#573 = DIRECTION ( 'NONE',  ( -0.000000000000000000, -1.000000000000000000, -0.000000000000000000 ) ) ;
#574 = AXIS2_PLACEMENT_3D ( 'NONE', #3443, #4661, #3476 ) ;
#575 = CARTESIAN_POINT ( 'NONE',  ( 1.250000000000001776, -0.7216878364870320528, 1.104166666666666741 ) ) ;
#576 = CARTESIAN_POINT ( 'NONE',  ( 3.416819805153394451, -3.134446499564901067, 3.134446499564895294 ) ) ;
#577 = ADVANCED_FACE ( 'NONE', ( #4375 ), #5006, .F. ) ;
#578 = DIRECTION ( 'NONE',  ( -1.000000000000000000, 0.000000000000000000, 0.000000000000000000 ) ) ;
#579 = CARTESIAN_POINT ( 'NONE',  ( -4.791885531775562868, -5.358830627161505156, -0.9995285718827940924 ) ) ;
#580 = PRODUCT ( 'ASSEMBLY OF KFL CASING AND BEARING', 'ASSEMBLY OF KFL CASING AND BEARING', '', ( #386 ) ) ;
#581 = AXIS2_PLACEMENT_3D ( 'NONE', #553, #2699, #3148 ) ;
#582 = EDGE_CURVE ( 'NONE', #2794, #3400, #4221, .T. ) ;
#583 = CARTESIAN_POINT ( 'NONE',  ( -1.079940544151074988, 0.2800344745875559815, 2.381879862311817586 ) ) ;
#584 = ORIENTED_EDGE ( 'NONE', *, *, #6451, .T. ) ;
#585 = CARTESIAN_POINT ( 'NONE',  ( -1.250000000000000000, 0.000000000000000000, 1.750000000000000000 ) ) ;
#586 = CARTESIAN_POINT ( 'NONE',  ( 10.99741058161085583, 0.5000000000000000000, -9.449971804273680220 ) ) ;
#587 = CARTESIAN_POINT ( 'NONE',  ( 0.5573417656250010399, -0.9653442552426449996, -0.2447916663252685254 ) ) ;
#588 = ORIENTED_EDGE ( 'NONE', *, *, #5594, .T. ) ;
#589 =( LENGTH_UNIT ( ) NAMED_UNIT ( * ) SI_UNIT ( .MILLI., .METRE. ) );
#590 = CARTESIAN_POINT ( 'NONE',  ( 1.114683531249999637, 0.6435628368284300738, 2.255208333674730614 ) ) ;
#591 = LINE ( 'NONE', #74, #274 ) ;
#592 = CIRCLE ( 'NONE', #2604, 8.799999999999997158 ) ;
#593 = CARTESIAN_POINT ( 'NONE',  ( 0.000000000000000000, 7.445852538815908762E-16, -6.080000000000000959 ) ) ;
#594 = VERTEX_POINT ( 'NONE', #1775 ) ;
#595 = LINE ( 'NONE', #6876, #5508 ) ;
#596 = CARTESIAN_POINT ( 'NONE',  ( -7.520000000000000462, -4.762135816530705945, 2.744723443021400033 ) ) ;
#597 = CARTESIAN_POINT ( 'NONE',  ( 2.364411504516379476E-16, -1.287125673656860148, 0.9218750003413981320 ) ) ;
#598 = AXIS2_PLACEMENT_3D ( 'NONE', #289, #4592, #1935 ) ;
#599 = CARTESIAN_POINT ( 'NONE',  ( -7.612830808016392226, -3.157397952676316955, 3.157397952676284092 ) ) ;
#600 = CARTESIAN_POINT ( 'NONE',  ( -3.600000000000000533, -4.358184291070084093, -3.349279623863286481 ) ) ;
#601 = CARTESIAN_POINT ( 'NONE',  ( 0.5269026815652926299, -1.074615133493174834, 2.300053670985022336 ) ) ;
#602 = CARTESIAN_POINT ( 'NONE',  ( -7.590710678118655075, -1.046688120581446002, 4.007169191983606993 ) ) ;
#603 = CARTESIAN_POINT ( 'NONE',  ( 2.364411504516379476E-16, -1.287125673656860148, -0.07812499965860170148 ) ) ;
#604 = VECTOR ( 'NONE', #4811, 1000.000000000000000 ) ;
#605 = ORIENTED_EDGE ( 'NONE', *, *, #1369, .T. ) ;
#606 = AXIS2_PLACEMENT_3D ( 'NONE', #943, #6802, #2526 ) ;
#607 = CARTESIAN_POINT ( 'NONE',  ( -0.7472441672786229727, -0.4377512472490249773, 2.000000000000000000 ) ) ;
#608 = CARTESIAN_POINT ( 'NONE',  ( -7.881371681721266152E-17, 1.287125673656860148, 1.609375000341396911 ) ) ;
#609 = CARTESIAN_POINT ( 'NONE',  ( 0.000000000000000000, -4.500000000000000000, -11.30000000000000071 ) ) ;
#610 = CARTESIAN_POINT ( 'NONE',  ( -0.7527257842952900235, 0.4282568080685234535, 2.000000000000000000 ) ) ;
#611 = FACE_OUTER_BOUND ( 'NONE', #6419, .T. ) ;
#612 = CARTESIAN_POINT ( 'NONE',  ( -7.620000000000000107, 2.113865836585287372, 5.103323571721346319 ) ) ;
#613 = CARTESIAN_POINT ( 'NONE',  ( 3.433639610306788104, -3.134446499564894850, -3.134446499564899291 ) ) ;
#614 = CARTESIAN_POINT ( 'NONE',  ( -4.929206069136319535, -5.339988596523804532, 1.091386346843784327 ) ) ;
#615 = CARTESIAN_POINT ( 'NONE',  ( -3.583180194846605993, 5.591885649938924452, 2.496121392263697669E-15 ) ) ;
#616 = VERTEX_POINT ( 'NONE', #5933 ) ;
#617 = CARTESIAN_POINT ( 'NONE',  ( 2.364411504516379476E-16, -1.287125673656860148, -0.5156249996586014239 ) ) ;
#618 = CARTESIAN_POINT ( 'NONE',  ( 11.00476732458710138, -6.478381567489499159E-16, -9.463948427526528206 ) ) ;
#619 = CARTESIAN_POINT ( 'NONE',  ( -7.620000000000000107, 2.107261603377753811, 5.087379542342644889 ) ) ;
#620 = ORIENTED_EDGE ( 'NONE', *, *, #1517, .T. ) ;
#621 =( LENGTH_UNIT ( ) NAMED_UNIT ( * ) SI_UNIT ( .MILLI., .METRE. ) );
#622 = FILL_AREA_STYLE ('',( #38 ) ) ;
#623 = ORIENTED_EDGE ( 'NONE', *, *, #4521, .F. ) ;
#624 = CARTESIAN_POINT ( 'NONE',  ( 2.651438096812269876E-16, -1.443375672974063884, 1.093750000682796264 ) ) ;
#625 = CARTESIAN_POINT ( 'NONE',  ( 3.416819805153394896, -4.432776750217551687, -3.310688776696808239E-15 ) ) ;
#626 = CARTESIAN_POINT ( 'NONE',  ( 1.114683531250000526, -0.6435628368284300738, 0.2135416670080648449 ) ) ;
#627 = CARTESIAN_POINT ( 'NONE',  ( -7.590710678118655075, -1.084202172485504434E-16, 4.007169191983609657 ) ) ;
#628 = EDGE_CURVE ( 'NONE', #331, #803, #3700, .T. ) ;
#629 = CARTESIAN_POINT ( 'NONE',  ( -3.600000000000000089, -5.308151087842321481, 1.426525969758077661 ) ) ;
#630 = CARTESIAN_POINT ( 'NONE',  ( 0.5807180145671132498, -1.045738734275695858, 2.301255836161678392 ) ) ;
#631 = CARTESIAN_POINT ( 'NONE',  ( -7.612830808016390449, -2.168404344971008868E-16, 4.029289321881345032 ) ) ;
#632 = CARTESIAN_POINT ( 'NONE',  ( -1.114683531249999637, -0.6435628368284300738, 0.3802083336747320574 ) ) ;
#633 = ORIENTED_EDGE ( 'NONE', *, *, #5009, .F. ) ;
#634 = EDGE_CURVE ( 'NONE', #3926, #5003, #3950, .T. ) ;
#635 = CARTESIAN_POINT ( 'NONE',  ( -6.190608995922847413, -1.091695727305681540, -5.339929318562696814 ) ) ;
#636 = EDGE_CURVE ( 'NONE', #268, #997, #1576, .T. ) ;
#637 = ADVANCED_FACE ( 'NONE', ( #3845 ), #2471, .F. ) ;
#639 = CARTESIAN_POINT ( 'NONE',  ( 1.114683531250000081, 1.365093618607580186E-16, 1.296875000341400241 ) ) ;
#638 = VECTOR ( 'NONE', #4023, 1000.000000000000000 ) ;
#640 = DIRECTION ( 'NONE',  ( 0.000000000000000000, 0.000000000000000000, 1.000000000000000000 ) ) ;
#641 = CYLINDRICAL_SURFACE ( 'NONE', #3083, 1.250000000000000222 ) ;
#642 = AXIS2_PLACEMENT_3D ( 'NONE', #5757, #2204, #4335 ) ;
#643 = CARTESIAN_POINT ( 'NONE',  ( -0.5573417656250000407, 0.9653442552426449996, 2.130208333674730170 ) ) ;
#644 = CARTESIAN_POINT ( 'NONE',  ( -7.612830808016389561, -5.138464418413787982, -2.128421651878588339 ) ) ;
#645 = DIRECTION ( 'NONE',  ( 0.000000000000000000, 0.000000000000000000, -1.000000000000000000 ) ) ;
#646 = CARTESIAN_POINT ( 'NONE',  ( 11.00454545454544331, 3.500000000000000000, -4.785392286829072361 ) ) ;
#647 = ADVANCED_FACE ( 'NONE', ( #4611 ), #1354, .T. ) ;
#648 = CARTESIAN_POINT ( 'NONE',  ( -7.620000000000000995, -0.5352307967117269083, 4.100000000000000533 ) ) ;
#649 = CARTESIAN_POINT ( 'NONE',  ( -3.507169191983608769, -2.151422335944870756, 5.193992981830501954 ) ) ;
#650 = ORIENTED_EDGE ( 'NONE', *, *, #3, .F. ) ;
#651 = CARTESIAN_POINT ( 'NONE',  ( -8.838126989374227166E-17, 1.443375672974063884, 2.437500000000000444 ) ) ;
#652 = CARTESIAN_POINT ( 'NONE',  ( -20.57890348029726368, 0.000000000000000000, 4.424500941288103562 ) ) ;
#653 = LINE ( 'NONE', #3843, #2366 ) ;
#654 = CARTESIAN_POINT ( 'NONE',  ( -7.620000000000000107, -5.421010862427522170E-17, 5.366819805153395073 ) ) ;
#655 = CARTESIAN_POINT ( 'NONE',  ( -7.619999999999998330, -6.429534174290955460E-15, -5.506539936558767501 ) ) ;
#656 = VERTEX_POINT ( 'NONE', #2473 ) ;
#657 =( NAMED_UNIT ( * ) PLANE_ANGLE_UNIT ( ) SI_UNIT ( $, .RADIAN. ) );
#658 = EDGE_CURVE ( 'NONE', #4674, #6714, #5195, .T. ) ;
#659 = CYLINDRICAL_SURFACE ( 'NONE', #5447, 1.250000000000000000 ) ;
#660 = AXIS2_PLACEMENT_3D ( 'NONE', #4212, #4251, #2603 ) ;
#661 = VERTEX_POINT ( 'NONE', #4113 ) ;
#662 = CARTESIAN_POINT ( 'NONE',  ( 1.250000000000001776, -0.7216878364870319418, 1.385416667349462783 ) ) ;
#663 = EDGE_CURVE ( 'NONE', #5578, #3936, #2071, .T. ) ;
#664 = CARTESIAN_POINT ( 'NONE',  ( 3.433639610306788104, -3.134446499564894850, -3.134446499564899291 ) ) ;
#665 = PRODUCT_DEFINITION_CONTEXT ( 'detailed design', #4937, 'design' ) ;
#666 = CARTESIAN_POINT ( 'NONE',  ( 0.5573417656250000407, 0.9653442552426449996, 0.7760416670080649837 ) ) ;
#667 = UNCERTAINTY_MEASURE_WITH_UNIT (LENGTH_MEASURE( 1.000000000000000082E-05 ), #2056, 'distance_accuracy_value', 'NONE');
#668 = CARTESIAN_POINT ( 'NONE',  ( -7.620000000000001883, -3.212807662054024682, -3.212807662054022462 ) ) ;
#669 = CARTESIAN_POINT ( 'NONE',  ( -3.600000000000000533, -5.308151087842317928, -1.426525969758078105 ) ) ;
#670 = CARTESIAN_POINT ( 'NONE',  ( -7.519999999999997797, -5.166228700122140083, -2.139921993911734877 ) ) ;
#671 = CARTESIAN_POINT ( 'NONE',  ( -7.590710678118654187, -4.440721607103243151, 1.185285263102875235E-14 ) ) ;
#672 = ORIENTED_EDGE ( 'NONE', *, *, #420, .T. ) ;
#673 = CARTESIAN_POINT ( 'NONE',  ( 0.000000000000000000, 0.000000000000000000, 0.000000000000000000 ) ) ;
#674 = CARTESIAN_POINT ( 'NONE',  ( 10.99782756707192277, 0.5000000000000000000, -9.449750727133116257 ) ) ;
#675 = EDGE_CURVE ( 'NONE', #5188, #2748, #2809, .T. ) ;
#676 = AXIS2_PLACEMENT_3D ( 'NONE', #3309, #1211, #4256 ) ;
#677 = CARTESIAN_POINT ( 'NONE',  ( -4.796850141893085784, -3.874982179190437304, -0.9933308386269826817 ) ) ;
#678 = CARTESIAN_POINT ( 'NONE',  ( -3.583180194846605993, -5.421010862427522170E-17, 5.450000000000000178 ) ) ;
#679 = CARTESIAN_POINT ( 'NONE',  ( -0.5573417656250000407, 0.9653442552426449996, 1.630208333674729948 ) ) ;
#680 = CARTESIAN_POINT ( 'NONE',  ( -7.619999999999996554, 3.905914761791982048, -3.905914761791992706 ) ) ;
#681 = FACE_OUTER_BOUND ( 'NONE', #4541, .T. ) ;
#682 = VECTOR ( 'NONE', #5416, 1000.000000000000000 ) ;
#683 = VECTOR ( 'NONE', #2764, 1000.000000000000000 ) ;
#684 = CARTESIAN_POINT ( 'NONE',  ( -4.790344558635223571, -5.359063928892599193, 0.9982373204383981902 ) ) ;
#685 = SHAPE_REPRESENTATION ( 'GRUB M2.5', ( #1443 ), #307 ) ;
#686 = EDGE_CURVE ( 'NONE', #6760, #566, #3491, .T. ) ;
#687 = CARTESIAN_POINT ( 'NONE',  ( -5.559999999999999609, -3.799671038392665956, -1.250000000000000000 ) ) ;
#688 = CARTESIAN_POINT ( 'NONE',  ( -3.566360389693211008, -2.139921993911722442, 5.166228700122149853 ) ) ;
#689 = ORIENTED_EDGE ( 'NONE', *, *, #3541, .F. ) ;
#690 = CARTESIAN_POINT ( 'NONE',  ( -0.6250000000000000000, 1.082531754730549967, 1.708333333333334814 ) ) ;
#691 = DIRECTION ( 'NONE',  ( 0.000000000000000000, 0.000000000000000000, 1.000000000000000000 ) ) ;
#692 = DIRECTION ( 'NONE',  ( 0.000000000000000000, 0.000000000000000000, 1.000000000000000000 ) ) ;
#693 = CARTESIAN_POINT ( 'NONE',  ( -1.114683531249999637, -0.6435628368284300738, -0.3072916663252683311 ) ) ;
#694 = AXIS2_PLACEMENT_3D ( 'NONE', #4986, #6503, #1198 ) ;
#695 = LINE ( 'NONE', #4977, #638 ) ;
#696 = CARTESIAN_POINT ( 'NONE',  ( -3.566360389693211896, -0.7133073313039065555, 5.450000000000000178 ) ) ;
#697 = ORIENTED_EDGE ( 'NONE', *, *, #6527, .T. ) ;
#698 = CARTESIAN_POINT ( 'NONE',  ( 1.249999999999999556, 0.7216878364870319418, 1.677083334016129967 ) ) ;
#699 = EDGE_LOOP ( 'NONE', ( #4078, #2660, #1246, #354, #1625, #2881, #3018, #6136 ) ) ;
#700 = CARTESIAN_POINT ( 'NONE',  ( 3.400000000000000799, 4.432776750217553463, -1.045839938031948888E-15 ) ) ;
#701 = CARTESIAN_POINT ( 'NONE',  ( -1.114683531249999637, 0.6435628368284300738, -0.4114583329919348498 ) ) ;
#702 = CARTESIAN_POINT ( 'NONE',  ( 2.651438096812270369E-16, -1.443375672974064106, 2.093750000682799151 ) ) ;
#703 = CARTESIAN_POINT ( 'NONE',  ( 1.860000000000000098, 0.000000000000000000, 0.000000000000000000 ) ) ;
#704 = CARTESIAN_POINT ( 'NONE',  ( 3.499999999999999556, 3.994418803551182506, 1.058334322986208775 ) ) ;
#705 = CARTESIAN_POINT ( 'NONE',  ( 1.121656098599524753, -0.3541757359191924359, 2.320469078596507639 ) ) ;
#706 = CARTESIAN_POINT ( 'NONE',  ( -7.620000000000000107, -2.168404344971008868E-16, 4.083180194846605104 ) ) ;
#707 = AXIS2_PLACEMENT_3D ( 'NONE', #2701, #2103, #5909 ) ;
#708 = ORIENTED_EDGE ( 'NONE', *, *, #5510, .T. ) ;
#709 =( LENGTH_UNIT ( ) NAMED_UNIT ( * ) SI_UNIT ( .MILLI., .METRE. ) );
#710 = DIRECTION ( 'NONE',  ( -0.8691728683777159015, 0.4945083668413039479, 0.000000000000000000 ) ) ;
#711 = EDGE_CURVE ( 'NONE', #827, #5486, #5616, .T. ) ;
#712 = VECTOR ( 'NONE', #2663, 1000.000000000000000 ) ;
#713 = B_SPLINE_CURVE_WITH_KNOTS ( 'NONE', 3,
 ( #2072, #4806, #4205, #12, #4735, #2707, #5285, #6328, #4772, #3682, #6882, #2110, #4243, #4315, #2148, #4281, #3790, #3756 ),
 .UNSPECIFIED., .F., .F.,
 ( 4, 2, 2, 2, 2, 2, 2, 2, 4 ),
 ( 0.5000000000000000000, 0.5625000000000000000, 0.6250000000000000000, 0.6875000000000000000, 0.7500000000000000000, 0.8125000000000000000, 0.8750000000000000000, 0.9375000000000000000, 1.000000000000000000 ),
 .UNSPECIFIED. ) ;
#714 = CARTESIAN_POINT ( 'NONE',  ( -4.734278537403286080, -3.887950739089573116, -0.9419807143305203301 ) ) ;
#715 = FACE_OUTER_BOUND ( 'NONE', #1225, .T. ) ;
#716 = CARTESIAN_POINT ( 'NONE',  ( 0.5573417656250010399, -0.9653442552426449996, 1.255208333674731946 ) ) ;
#717 = VECTOR ( 'NONE', #6407, 1000.000000000000114 ) ;
#718 = VECTOR ( 'NONE', #5182, 999.9999999999998863 ) ;
#719 = CARTESIAN_POINT ( 'NONE',  ( -7.612830808016389561, -6.325087420497946424E-15, -5.561833807971084731 ) ) ;
#720 = CARTESIAN_POINT ( 'NONE',  ( 3.492830808016391231, -3.157397952676297415, -3.157397952676302744 ) ) ;
#721 = VERTEX_POINT ( 'NONE', #3023 ) ;
#722 = CARTESIAN_POINT ( 'NONE',  ( 0.000000000000000000, 0.000000000000000000, 0.000000000000000000 ) ) ;
#723 = CARTESIAN_POINT ( 'NONE',  ( -6.809997546121001832, -3.999999233162815138, 0.1647607287557333322 ) ) ;
#724 = CARTESIAN_POINT ( 'NONE',  ( -3.507169191983610101, -5.621937491906770390, 2.268325436349106168E-14 ) ) ;
#725 = ORIENTED_EDGE ( 'NONE', *, *, #1194, .F. ) ;
#726 = CARTESIAN_POINT ( 'NONE',  ( -8.838126989374227166E-17, 1.443375672974063884, 0.9375000000000006661 ) ) ;
#727 = DIRECTION ( 'NONE',  ( -0.000000000000000000, 1.000000000000000000, -0.000000000000000000 ) ) ;
#728 = SHAPE_REPRESENTATION ( 'ASSEMBLY OF KFL CASING AND BEARING', ( #1528, #4107, #4908, #5891, #5330 ), #3547 ) ;
#729 = DIRECTION ( 'NONE',  ( -1.000000000000000000, -0.000000000000000000, -0.000000000000000000 ) ) ;
#730 = CARTESIAN_POINT ( 'NONE',  ( -7.620000000000002771, 2.100657370170235794, -5.071435512963939019 ) ) ;
#731 = EDGE_CURVE ( 'NONE', #6714, #5455, #3283, .T. ) ;
#732 = CARTESIAN_POINT ( 'NONE',  ( -0.7527257842952900235, 0.4282568080685234535, 1.000000000000000000 ) ) ;
#733 = CARTESIAN_POINT ( 'NONE',  ( -3.500000000000000888, -5.694489056359826940, 2.290939797176155781E-14 ) ) ;
#734 = VERTEX_POINT ( 'NONE', #334 ) ;
#735 = CARTESIAN_POINT ( 'NONE',  ( -0.6250000000000000000, 1.082531754730549967, 1.489583334016129967 ) ) ;
#736 = ORIENTED_EDGE ( 'NONE', *, *, #2092, .F. ) ;
#737 = ORIENTED_EDGE ( 'NONE', *, *, #6421, .F. ) ;
#738 = CARTESIAN_POINT ( 'NONE',  ( 3.416819805153394896, 1.044815499854966578, 4.000000000000001776 ) ) ;
#739 = CARTESIAN_POINT ( 'NONE',  ( 0.2386984494303976412, -1.105094139302909451, 1.000000000000000888 ) ) ;
#740 = CARTESIAN_POINT ( 'NONE',  ( -3.500000000000000888, -4.014408795367887528, 4.014408795367861771 ) ) ;
#741 = CARTESIAN_POINT ( 'NONE',  ( -1.249999999999999556, -0.7216878364870320528, 2.020833333333335258 ) ) ;
#742 = CARTESIAN_POINT ( 'NONE',  ( -3.599999999999999645, -4.358184291070082317, 3.349279623863284705 ) ) ;
#743 = CARTESIAN_POINT ( 'NONE',  ( -4.343302602951825797, -0.3299453070677538236, -3.989264757350837520 ) ) ;
#744 = CARTESIAN_POINT ( 'NONE',  ( -7.612830808016388673, -4.465235006483861291, 1.185285263102875235E-14 ) ) ;
#745 = EDGE_CURVE ( 'NONE', #5453, #5613, #1352, .T. ) ;
#746 = EDGE_CURVE ( 'NONE', #2413, #661, #130, .T. ) ;
#747 = ORIENTED_EDGE ( 'NONE', *, *, #6324, .F. ) ;
#748 = CARTESIAN_POINT ( 'NONE',  ( -4.350416529764554951, -3.987525242561356098, -0.3257748334741533136 ) ) ;
#749 = CARTESIAN_POINT ( 'NONE',  ( -1.114683531250000081, 0.000000000000000000, 2.171875000341400241 ) ) ;
#750 = CARTESIAN_POINT ( 'NONE',  ( -7.612830808016392226, -2.128421651878576348, 5.138464418413795087 ) ) ;
#751 = CARTESIAN_POINT ( 'NONE',  ( 3.492830808016391675, 6.505213034913026604E-16, 4.029289321881345920 ) ) ;
#752 = ORIENTED_EDGE ( 'NONE', *, *, #263, .T. ) ;
#753 = CARTESIAN_POINT ( 'NONE',  ( -10.96959910844336328, 0.000000000000000000, 9.482504700765435501 ) ) ;
#754 = DIRECTION ( 'NONE',  ( 0.000000000000000000, 0.000000000000000000, -1.000000000000000000 ) ) ;
#755 = CARTESIAN_POINT ( 'NONE',  ( -3.529289321881346364, -2.142736950169391363, 5.173024605696903144 ) ) ;
#756 = ORIENTED_EDGE ( 'NONE', *, *, #3850, .F. ) ;
#757 =( GEOMETRIC_REPRESENTATION_CONTEXT ( 3 ) GLOBAL_UNCERTAINTY_ASSIGNED_CONTEXT ( ( #116 ) ) GLOBAL_UNIT_ASSIGNED_CONTEXT ( ( #4992, #3338, #1796 ) ) REPRESENTATION_CONTEXT ( 'NONE', 'WORKASPACE' ) );
#758 = CARTESIAN_POINT ( 'NONE',  ( -1.249999999999999556, 0.7216878364870319418, 0.4791666666666671848 ) ) ;
#759 = DIRECTION ( 'NONE',  ( 0.000000000000000000, 1.000000000000000000, -0.000000000000000000 ) ) ;
#760 = DIRECTION ( 'NONE',  ( 0.000000000000000000, -1.000000000000000000, 0.000000000000000000 ) ) ;
#761 = CARTESIAN_POINT ( 'NONE',  ( -7.612830808016394002, -3.932810401448966875, 3.932810401448941118 ) ) ;
#762 =( NAMED_UNIT ( * ) SI_UNIT ( $, .STERADIAN. ) SOLID_ANGLE_UNIT ( ) );
#763 = APPLICATION_CONTEXT ( 'automotive_design' ) ;
#764 = CARTESIAN_POINT ( 'NONE',  ( -1.114683531250000081, 0.000000000000000000, 1.171875000341397799 ) ) ;
#765 = CARTESIAN_POINT ( 'NONE',  ( -3.500000000000000888, -0.7241941281485618775, 5.533180194846606170 ) ) ;
#766 = EDGE_LOOP ( 'NONE', ( #5464, #3564, #284, #3222 ) ) ;
#767 = CARTESIAN_POINT ( 'NONE',  ( 1.249999999999999556, 0.7216878364870319418, 1.427083334016129745 ) ) ;
#768 = CARTESIAN_POINT ( 'NONE',  ( 2.364411504516379476E-16, -1.287125673656860148, 2.234375000341398465 ) ) ;
#769 = VERTEX_POINT ( 'NONE', #1320 ) ;
#770 = ORIENTED_EDGE ( 'NONE', *, *, #6823, .F. ) ;
#771 = CARTESIAN_POINT ( 'NONE',  ( 3.433639610306789880, 4.432776750217553463, -1.045839938031948888E-15 ) ) ;
#772 = CARTESIAN_POINT ( 'NONE',  ( 0.000000000000000000, 0.000000000000000000, 0.000000000000000000 ) ) ;
#773 = EDGE_CURVE ( 'NONE', #3486, #5417, #450, .T. ) ;
#774 = LINE ( 'NONE', #3965, #431 ) ;
#775 = CARTESIAN_POINT ( 'NONE',  ( 0.000000000000000000, 3.500000000000000000, 0.000000000000000000 ) ) ;
#776 = DIRECTION ( 'NONE',  ( 0.000000000000000000, 0.000000000000000000, 1.000000000000000000 ) ) ;
#777 = CARTESIAN_POINT ( 'NONE',  ( -1.002969591833654972, -0.7191332005908123159, 2.264304142934415953 ) ) ;
#778 = FACE_OUTER_BOUND ( 'NONE', #4640, .T. ) ;
#779 = PRESENTATION_LAYER_ASSIGNMENT (  '', '', ( #2896 ) ) ;
#780 = AXIS2_PLACEMENT_3D ( 'NONE', #5691, #5205, #1401 ) ;
#781 = CARTESIAN_POINT ( 'NONE',  ( 2.651438096812270369E-16, -1.443375672974064106, 1.093750000682796264 ) ) ;
#782 = CARTESIAN_POINT ( 'NONE',  ( 3.400000000000000355, -2.730182851618403468E-16, 4.000000000000000000 ) ) ;
#783 = CARTESIAN_POINT ( 'NONE',  ( -7.553639610306789542, -0.7133073313039065555, 5.450000000000000178 ) ) ;
#784 = CARTESIAN_POINT ( 'NONE',  ( 3.470710678118654524, -3.140064361744332899, 3.140064361744326682 ) ) ;
#785 = EDGE_LOOP ( 'NONE', ( #157, #4377, #4586, #5259 ) ) ;
#786 = DIRECTION ( 'NONE',  ( 0.000000000000000000, 0.000000000000000000, 1.000000000000000000 ) ) ;
#787 = ORIENTED_EDGE ( 'NONE', *, *, #6321, .F. ) ;
#788 = CARTESIAN_POINT ( 'NONE',  ( -7.620000000000000107, -4.099904416784365679, 0.5349999309731685582 ) ) ;
#789 = CARTESIAN_POINT ( 'NONE',  ( -3.507169191983608325, -6.837982952830263515E-15, -5.621937491906766837 ) ) ;
#790 = ORIENTED_EDGE ( 'NONE', *, *, #4367, .T. ) ;
#791 = EDGE_CURVE ( 'NONE', #3762, #6065, #1950, .T. ) ;
#792 = AXIS2_PLACEMENT_3D ( 'NONE', #4405, #4966, #2298 ) ;
#793 = CARTESIAN_POINT ( 'NONE',  ( -7.519999999999999574, -3.495145553417030371, 2.014475921483598775 ) ) ;
#794 = DIRECTION ( 'NONE',  ( 0.8849001875018662755, 0.000000000000000000, -0.4657806974952503065 ) ) ;
#795 = CARTESIAN_POINT ( 'NONE',  ( -7.620000000000003659, -5.523797629599513037, 2.227015456510130785E-14 ) ) ;
#796 = EDGE_CURVE ( 'NONE', #2534, #1959, #3135, .T. ) ;
#797 = LINE ( 'NONE', #2833, #1649 ) ;
#798 = CARTESIAN_POINT ( 'NONE',  ( -3.500000000000001332, 2.179186617653234848, -5.261021887280349141 ) ) ;
#799 = EDGE_LOOP ( 'NONE', ( #4708, #4049 ) ) ;
#800 = AXIS2_PLACEMENT_3D ( 'NONE', #6707, #5086, #2977 ) ;
#801 = CARTESIAN_POINT ( 'NONE',  ( 0.6250000000000000000, -1.082531754730548190, -0.3854166659838700326 ) ) ;
#802 = CARTESIAN_POINT ( 'NONE',  ( -1.114683531249999637, -0.6435628368284300738, 2.192708333674733279 ) ) ;
#803 = VERTEX_POINT ( 'NONE', #2408 ) ;
#804 = EDGE_LOOP ( 'NONE', ( #756, #2440, #16, #3558 ) ) ;
#805 = CARTESIAN_POINT ( 'NONE',  ( -7.881371681721266152E-17, 1.287125673656860148, -0.4531249996586013684 ) ) ;
#806 = CARTESIAN_POINT ( 'NONE',  ( -3.500000000000000888, -5.677231363319084956, 2.305963915059378693E-14 ) ) ;
#807 = AXIS2_PLACEMENT_3D ( 'NONE', #3186, #4272, #6317 ) ;
#808 = DIRECTION ( 'NONE',  ( 0.4657774430578106029, -0.000000000000000000, -0.8849019005169600494 ) ) ;
#809 = CARTESIAN_POINT ( 'NONE',  ( -6.558950530665700995, -5.396764175860077728, 0.7687652243522672402 ) ) ;
#810 = CARTESIAN_POINT ( 'NONE',  ( -0.3350962717553572778, -1.178606068461523826, 2.280974947490024718 ) ) ;
#811 = CARTESIAN_POINT ( 'NONE',  ( 1.383850883036509265E-15, -4.500000000000000000, 11.30000000000000071 ) ) ;
#812 = DIRECTION ( 'NONE',  ( -0.000000000000000000, -0.000000000000000000, 1.000000000000000000 ) ) ;
#813 = CARTESIAN_POINT ( 'NONE',  ( -1.114683531250000081, 0.000000000000000000, 0.6718750003413980210 ) ) ;
#814 = AXIS2_PLACEMENT_3D ( 'NONE', #4614, #1985, #4680 ) ;
#815 = CARTESIAN_POINT ( 'NONE',  ( -7.553639610306787766, -5.166228700122140083, -2.139921993911734877 ) ) ;
#816 = CARTESIAN_POINT ( 'NONE',  ( 3.470710678118653636, 3.140064361744325350, 3.140064361744333787 ) ) ;
#817 = ORIENTED_EDGE ( 'NONE', *, *, #3025, .T. ) ;
#818 = CARTESIAN_POINT ( 'NONE',  ( -0.5992833840297780990, 0.9398823333086900877, 2.381816468750005189 ) ) ;
#819 = EDGE_LOOP ( 'NONE', ( #2477, #2828, #4765, #974 ) ) ;
#820 = CARTESIAN_POINT ( 'NONE',  ( -7.520000000000001350, 3.495145553417033479, -2.014475921483596998 ) ) ;
#821 = ORIENTED_EDGE ( 'NONE', *, *, #2548, .T. ) ;
#822 = CARTESIAN_POINT ( 'NONE',  ( -7.519999999999999574, -2.458186879899660227, 3.198667369592721244 ) ) ;
#823 = CARTESIAN_POINT ( 'NONE',  ( 3.500000000000000000, 0.000000000000000000, 0.000000000000000000 ) ) ;
#824 = CARTESIAN_POINT ( 'NONE',  ( -7.590710678118655075, -0.7123690125513502114, 5.442830808016391408 ) ) ;
#825 = DIRECTION ( 'NONE',  ( 0.000000000000000000, -1.000000000000000000, 0.000000000000000000 ) ) ;
#826 = CARTESIAN_POINT ( 'NONE',  ( -3.507169191983608769, -0.7171407786482887348, 5.479289321881346098 ) ) ;
#827 = VERTEX_POINT ( 'NONE', #4547 ) ;
#828 = CARTESIAN_POINT ( 'NONE',  ( 0.6250000000000000000, -1.082531754730548190, -0.6354166659838700326 ) ) ;
#829 = CARTESIAN_POINT ( 'NONE',  ( -7.881371681721266152E-17, 1.287125673656860148, 1.609375000341396911 ) ) ;
#830 = ORIENTED_EDGE ( 'NONE', *, *, #5932, .T. ) ;
#831 = CARTESIAN_POINT ( 'NONE',  ( 5.270971560210249013E-05, 3.500000000000000000, 11.75002770985862632 ) ) ;
#832 = CARTESIAN_POINT ( 'NONE',  ( 1.114683531249999637, 0.6435628368284300738, -0.4947916663252684422 ) ) ;
#833 = CARTESIAN_POINT ( 'NONE',  ( -1.860000000000000098, 7.445852538815909748E-16, -6.080000000000001847 ) ) ;
#834 = FACE_OUTER_BOUND ( 'NONE', #6369, .T. ) ;
#835 = AXIS2_PLACEMENT_3D ( 'NONE', #4717, #35, #2091 ) ;
#836 = CARTESIAN_POINT ( 'NONE',  ( -6.651991306265029991, -5.415600086014602965, 0.6297215216733127452 ) ) ;
#837 = DIRECTION ( 'NONE',  ( -0.8849001878009900013, 0.000000000000000000, 0.4657806969269686070 ) ) ;
#838 = VECTOR ( 'NONE', #4820, 1000.000000000000000 ) ;
#839 = PRODUCT_CONTEXT ( 'NONE', #1119, 'mechanical' ) ;
#840 = EDGE_CURVE ( 'NONE', #6241, #1436, #6660, .T. ) ;
#841 = CARTESIAN_POINT ( 'NONE',  ( -0.6250000000000000000, -1.082531754730549967, 1.072916667349462116 ) ) ;
#842 = CARTESIAN_POINT ( 'NONE',  ( -0.5573417656250000407, 0.9653442552426449996, 0.3802083336747320574 ) ) ;
#843 = EDGE_CURVE ( 'NONE', #950, #6462, #6175, .T. ) ;
#844 = CARTESIAN_POINT ( 'NONE',  ( -7.536819805153395890, 5.591885649938925340, 2.497483160617360109E-15 ) ) ;
#845 = CARTESIAN_POINT ( 'NONE',  ( 3.500000000000000444, -3.212807662054023350, 3.212807662054018021 ) ) ;
#846 = ORIENTED_EDGE ( 'NONE', *, *, #3349, .T. ) ;
#847 = DIRECTION ( 'NONE',  ( 1.000000000000000000, 0.000000000000000000, 0.000000000000000000 ) ) ;
#848 = ORIENTED_EDGE ( 'NONE', *, *, #2909, .T. ) ;
#849 = CARTESIAN_POINT ( 'NONE',  ( -7.519999999999999574, 5.159799029508467992E-16, -4.000000000000000000 ) ) ;
#850 = VECTOR ( 'NONE', #6013, 999.9999999999998863 ) ;
#851 = EDGE_LOOP ( 'NONE', ( #6806, #1661, #5547, #3383 ) ) ;
#852 = EDGE_CURVE ( 'NONE', #2748, #5188, #6646, .T. ) ;
#853 = CARTESIAN_POINT ( 'NONE',  ( -7.620000000000000107, 5.421010862427522170E-16, -4.099999999999999645 ) ) ;
#854 = CARTESIAN_POINT ( 'NONE',  ( -0.6250000000000000000, 1.082531754730549967, 1.239583334016129967 ) ) ;
#855 = CARTESIAN_POINT ( 'NONE',  ( -7.619999999999999218, -3.905914761791999812, -3.905914761791980272 ) ) ;
#856 = EDGE_CURVE ( 'NONE', #3546, #4554, #294, .T. ) ;
#857 = CARTESIAN_POINT ( 'NONE',  ( -1.114683531249999637, 0.6435628368284300738, 0.1510416670080646784 ) ) ;
#858 = LINE ( 'NONE', #2475, #4477 ) ;
#859 = DIRECTION ( 'NONE',  ( -0.8849001882576207345, 0.000000000000000000, -0.4657806960594517154 ) ) ;
#860 = CARTESIAN_POINT ( 'NONE',  ( -3.499999999999999112, -6.677626466124525408E-15, -5.659973670278339419 ) ) ;
#861 = AXIS2_PLACEMENT_3D ( 'NONE', #2798, #3391, #2273 ) ;
#862 = ORIENTED_EDGE ( 'NONE', *, *, #4924, .F. ) ;
#863 = CARTESIAN_POINT ( 'NONE',  ( 2.651438096812269876E-16, -1.443375672974063884, -0.1562499993172034030 ) ) ;
#864 = CARTESIAN_POINT ( 'NONE',  ( -0.5573417656249990415, -0.9653442552426459988, 1.463541667008064096 ) ) ;
#865 = EDGE_CURVE ( 'NONE', #361, #304, #2412, .T. ) ;
#866 = EDGE_LOOP ( 'NONE', ( #1527, #6718, #5622, #2510 ) ) ;
#867 = CARTESIAN_POINT ( 'NONE',  ( 3.500000000000000000, -3.212807662054016689, -3.212807662054022018 ) ) ;
#868 = CARTESIAN_POINT ( 'NONE',  ( 0.5573417656250010399, -0.9653442552426449996, 1.942708333674729948 ) ) ;
#869 = FACE_OUTER_BOUND ( 'NONE', #1991, .T. ) ;
#870 = DIRECTION ( 'NONE',  ( 1.000000000000000000, -0.000000000000000000, 0.000000000000000000 ) ) ;
#871 = DIRECTION ( 'NONE',  ( 0.000000000000000000, 0.000000000000000000, -1.000000000000000000 ) ) ;
#872 = ADVANCED_FACE ( 'NONE', ( #28, #3733 ), #3243, .T. ) ;
#873 = CARTESIAN_POINT ( 'NONE',  ( 8.447433219371585852E-07, 0.000000000000000000, -0.0005629049236333810713 ) ) ;
#874 = ORIENTED_EDGE ( 'NONE', *, *, #1952, .T. ) ;
#875 = APPLICATION_PROTOCOL_DEFINITION ( 'draft international standard', 'automotive_design', 1998, #3621 ) ;
#876 = CARTESIAN_POINT ( 'NONE',  ( 5.270971560210249013E-05, 4.000000000000000000, 2.770985862293739999E-05 ) ) ;
#877 = CARTESIAN_POINT ( 'NONE',  ( 1.249999999999999556, 0.7216878364870319418, 0.3958333333333334814 ) ) ;
#878 = CARTESIAN_POINT ( 'NONE',  ( 1.114683531250000081, 1.365093618607580186E-16, 1.046875000341398021 ) ) ;
#879 = TOROIDAL_SURFACE ( 'NONE', #6131, 6.758822509939086842, 1.979999999999999982 ) ;
#880 = CARTESIAN_POINT ( 'NONE',  ( 1.114683531250000081, 1.365093618607580186E-16, 0.7343750003413980210 ) ) ;
#881 = ORIENTED_EDGE ( 'NONE', *, *, #2009, .T. ) ;
#882 = CARTESIAN_POINT ( 'NONE',  ( 5.469860276956479694, 4.000000000000000000, -10.39185092963004031 ) ) ;
#883 = CARTESIAN_POINT ( 'NONE',  ( -7.619999999999998330, -3.277372294449779844, -2.520768136199698084 ) ) ;
#884 = COLOUR_RGB ( '',0.7921568627450980005, 0.8196078431372548767, 0.9333333333333333481 ) ;
#885 = ORIENTED_EDGE ( 'NONE', *, *, #5183, .T. ) ;
#886 = CARTESIAN_POINT ( 'NONE',  ( -7.520000000000000462, 0.000000000000000000, 4.000000000000000000 ) ) ;
#887 = CARTESIAN_POINT ( 'NONE',  ( 3.416819805153394896, -1.084202172485504434E-16, -4.000000000000000000 ) ) ;
#888 = DIRECTION ( 'NONE',  ( -1.000000000000000000, -0.000000000000000000, -0.000000000000000000 ) ) ;
#889 = CARTESIAN_POINT ( 'NONE',  ( -7.620000000000001883, -5.103323571721349872, 2.113865836585271829 ) ) ;
#890 = EDGE_CURVE ( 'NONE', #314, #4979, #3635, .T. ) ;
#891 = CARTESIAN_POINT ( 'NONE',  ( 0.000000000000000000, 0.000000000000000000, 2.500000000000000000 ) ) ;
#892 = LINE ( 'NONE', #2576, #6611 ) ;
#893 = VERTEX_POINT ( 'NONE', #1485 ) ;
#894 = AXIS2_PLACEMENT_3D ( 'NONE', #6689, #1920, #4255 ) ;
#895 = CARTESIAN_POINT ( 'NONE',  ( 0.000000000000000000, 0.5000000000000000000, 0.000000000000000000 ) ) ;
#896 = VERTEX_POINT ( 'NONE', #5014 ) ;
#897 = CARTESIAN_POINT ( 'NONE',  ( 1.250000000000001776, -0.7216878364870319418, 0.1354166673494633100 ) ) ;
#898 = CARTESIAN_POINT ( 'NONE',  ( 2.364411504516379476E-16, -1.287125673656860148, 1.484375000341398021 ) ) ;
#899 = VECTOR ( 'NONE', #5441, 1000.000000000000000 ) ;
#900 = ORIENTED_EDGE ( 'NONE', *, *, #1076, .F. ) ;
#901 = CARTESIAN_POINT ( 'NONE',  ( 3.499999999999999556, -4.524956558666199946, -3.267127082266586740E-15 ) ) ;
#902 =( BOUNDED_CURVE ( )  B_SPLINE_CURVE ( 2, ( #5292, #6779, #2643, #6296, #5779, #4706, #463 ),
 .UNSPECIFIED., .F., .F. ) 
 B_SPLINE_CURVE_WITH_KNOTS ( ( 3, 2, 2, 3 ),
 ( 0.2500000000000000000, 0.2638888888888890061, 0.2777777777777780122, 0.2916666666666665186 ),
 .UNSPECIFIED. ) 
 CURVE ( )  GEOMETRIC_REPRESENTATION_ITEM ( )  RATIONAL_B_SPLINE_CURVE ( ( 1.000000000000000000, 0.8660254037844389297, 1.000000000000000000, 0.8660254037844389297, 1.000000000000000000, 0.8660254037844389297, 1.000000000000000000 ) ) 
 REPRESENTATION_ITEM ( '' )  );
#903 = CARTESIAN_POINT ( 'NONE',  ( 0.5573417656250010399, -0.9653442552426449996, 1.192708333674731946 ) ) ;
#904 = CARTESIAN_POINT ( 'NONE',  ( 0.6250000000000000000, 1.082531754730549967, 1.416666666666665853 ) ) ;
#905 = LINE ( 'NONE', #3039, #5289 ) ;
#906 = VECTOR ( 'NONE', #4764, 1000.000000000000000 ) ;
#907 = CARTESIAN_POINT ( 'NONE',  ( -0.9358901199050284614, 0.8120782018926527845, 2.260540638505392330 ) ) ;
#908 = DIRECTION ( 'NONE',  ( -0.8849001878009898903, 0.000000000000000000, 0.4657806969269687181 ) ) ;
#909 = EDGE_LOOP ( 'NONE', ( #6633, #5965, #3675, #3435 ) ) ;
#910 = SHAPE_DEFINITION_REPRESENTATION ( #2639, #1177 ) ;
#911 = CARTESIAN_POINT ( 'NONE',  ( -1.114683531250000081, 0.000000000000000000, 2.109375000341400241 ) ) ;
#912 = AXIS2_PLACEMENT_3D ( 'NONE', #373, #5830, #6271 ) ;
#913 = CARTESIAN_POINT ( 'NONE',  ( -1.250000000000000000, 0.000000000000000000, 1.031250000682796042 ) ) ;
#914 = CARTESIAN_POINT ( 'NONE',  ( 0.6250000000000000000, -1.082531754730548190, 1.333333333333334147 ) ) ;
#915 = CARTESIAN_POINT ( 'NONE',  ( 0.5573417656250010399, -0.9653442552426449996, 0.2552083336747320574 ) ) ;
#916 = CARTESIAN_POINT ( 'NONE',  ( 0.5573417656250000407, 0.9653442552426449996, 1.776041667008064984 ) ) ;
#917 = ORIENTED_EDGE ( 'NONE', *, *, #523, .T. ) ;
#918 = LINE ( 'NONE', #882, #1836 ) ;
#919 = FACE_OUTER_BOUND ( 'NONE', #5723, .T. ) ;
#920 = EDGE_LOOP ( 'NONE', ( #1942, #4946, #4935, #2782 ) ) ;
#921 = LINE ( 'NONE', #2472, #2249 ) ;
#922 = CARTESIAN_POINT ( 'NONE',  ( 3.410000000000000142, 0.000000000000000000, 0.000000000000000000 ) ) ;
#923 = CARTESIAN_POINT ( 'NONE',  ( 2.651438096812270369E-16, -1.443375672974064106, 1.843750000682798262 ) ) ;
#924 = CARTESIAN_POINT ( 'NONE',  ( -7.520000000000000462, 2.139921993911719333, 5.166228700122148076 ) ) ;
#925 = CIRCLE ( 'NONE', #2170, 2.499999999999998668 ) ;
#926 = ORIENTED_EDGE ( 'NONE', *, *, #2417, .T. ) ;
#927 = DIRECTION ( 'NONE',  ( 0.000000000000000000, 0.000000000000000000, -1.000000000000000000 ) ) ;
#928 = CARTESIAN_POINT ( 'NONE',  ( -1.112859796735667928, -0.5385988924664992794, 2.259838603901167975 ) ) ;
#929 = VECTOR ( 'NONE', #3587, 1000.000000000000000 ) ;
#930 = EDGE_CURVE ( 'NONE', #6045, #6215, #6620, .T. ) ;
#931 = CARTESIAN_POINT ( 'NONE',  ( -0.6250000000000000000, -1.082531754730549967, 0.5729166673494628936 ) ) ;
#932 = CARTESIAN_POINT ( 'NONE',  ( -0.5573417656249990415, -0.9653442552426459988, 0.7135416670080649837 ) ) ;
#933 = EDGE_CURVE ( 'NONE', #2577, #4587, #3870, .T. ) ;
#934 = ORIENTED_EDGE ( 'NONE', *, *, #3445, .T. ) ;
#935 = EDGE_CURVE ( 'NONE', #1959, #3592, #3093, .T. ) ;
#936 = CARTESIAN_POINT ( 'NONE',  ( -1.114683531249999415, 0.6435628368284300738, 1.088541667008064096 ) ) ;
#937 = DIRECTION ( 'NONE',  ( 0.000000000000000000, 0.000000000000000000, 1.000000000000000000 ) ) ;
#938 = CARTESIAN_POINT ( 'NONE',  ( 3.492830808016391675, 6.505213034913026604E-16, 4.029289321881345920 ) ) ;
#939 = CARTESIAN_POINT ( 'NONE',  ( 1.250000000000000000, 1.530808498934190091E-16, 1.906250000682794932 ) ) ;
#940 = VERTEX_POINT ( 'NONE', #2160 ) ;
#941 =( LENGTH_UNIT ( ) NAMED_UNIT ( * ) SI_UNIT ( .MILLI., .METRE. ) );
#942 = CARTESIAN_POINT ( 'NONE',  ( 2.364411504516379476E-16, -1.287125673656860148, 1.671875000341398021 ) ) ;
#943 = CARTESIAN_POINT ( 'NONE',  ( 0.000000000000000000, 0.5000000000000000000, -4.785392286829072361 ) ) ;
#944 = PRODUCT_DEFINITION_SHAPE ( 'NONE', 'NONE',  #6904 ) ;
#945 = EDGE_CURVE ( 'NONE', #5049, #2615, #2574, .T. ) ;
#946 = CARTESIAN_POINT ( 'NONE',  ( 1.250000000000001776, -0.7216878364870319418, 1.354166666666666741 ) ) ;
#947 = CARTESIAN_POINT ( 'NONE',  ( -7.536819805153392338, -4.432776750217545469, 1.167854597469009555E-14 ) ) ;
#948 = AXIS2_PLACEMENT_3D ( 'NONE', #5299, #4293, #6416 ) ;
#949 = CARTESIAN_POINT ( 'NONE',  ( -0.5573417656249990415, -0.9653442552426459988, 1.901041667008064984 ) ) ;
#950 = VERTEX_POINT ( 'NONE', #2538 ) ;
#951 = CARTESIAN_POINT ( 'NONE',  ( -7.520000000000001350, 0.7134033317526811135, -5.450000000000001954 ) ) ;
#952 = EDGE_CURVE ( 'NONE', #1915, #1978, #5099, .T. ) ;
#953 = CARTESIAN_POINT ( 'NONE',  ( 0.5573417656250010399, -0.9653442552426449996, 2.005208333674729726 ) ) ;
#954 = ORIENTED_EDGE ( 'NONE', *, *, #731, .T. ) ;
#955 = CARTESIAN_POINT ( 'NONE',  ( -7.619999999999999218, 5.071435512963945236, 2.100657370170215366 ) ) ;
#956 = CARTESIAN_POINT ( 'NONE',  ( -20.57890348029726368, 4.000000000000000000, 4.424500941288103562 ) ) ;
#957 = CARTESIAN_POINT ( 'NONE',  ( 1.250000000000003109, -0.7216878364870329410, 1.604166666666666963 ) ) ;
#958 = DIRECTION ( 'NONE',  ( 0.000000000000000000, 1.000000000000000000, 0.000000000000000000 ) ) ;
#959 = VECTOR ( 'NONE', #5857, 1000.000000000000000 ) ;
#960 = PLANE ( 'NONE',  #4169 ) ;
#961 = VERTEX_POINT ( 'NONE', #4184 ) ;
#962 = CARTESIAN_POINT ( 'NONE',  ( -1.250000000000000000, 0.000000000000000000, 1.281250000682796042 ) ) ;
#963 = CARTESIAN_POINT ( 'NONE',  ( -6.328532106176472993, -0.9992384181603747306, -3.874985902103004864 ) ) ;
#964 = CARTESIAN_POINT ( 'NONE',  ( -18.25000000000000000, 4.000000000000000000, 0.000000000000000000 ) ) ;
#965 = CARTESIAN_POINT ( 'NONE',  ( -7.881371681721266152E-17, 1.287125673656860148, 0.8593750003413986871 ) ) ;
#966 = VERTEX_POINT ( 'NONE', #1634 ) ;
#967 = CARTESIAN_POINT ( 'NONE',  ( -1.114683531250000081, 0.000000000000000000, 1.609375000341400019 ) ) ;
#968 = CARTESIAN_POINT ( 'NONE',  ( -8.838126989374225934E-17, 1.443375672974064106, 1.437499999999998890 ) ) ;
#969 = DIRECTION ( 'NONE',  ( -0.000000000000000000, 1.000000000000000000, -0.000000000000000000 ) ) ;
#970 = CIRCLE ( 'NONE', #861, 11.00000000000000000 ) ;
#971 =( GEOMETRIC_REPRESENTATION_CONTEXT ( 3 ) GLOBAL_UNCERTAINTY_ASSIGNED_CONTEXT ( ( #5426 ) ) GLOBAL_UNIT_ASSIGNED_CONTEXT ( ( #709, #6055, #4431 ) ) REPRESENTATION_CONTEXT ( 'NONE', 'WORKASPACE' ) );
#972 = DIRECTION ( 'NONE',  ( 1.000000000000000000, 0.000000000000000000, 0.000000000000000000 ) ) ;
#973 = CARTESIAN_POINT ( 'NONE',  ( 1.860000000000000098, 7.445852538815909748E-16, -6.080000000000001847 ) ) ;
#974 = ORIENTED_EDGE ( 'NONE', *, *, #5816, .F. ) ;
#975 = ITEM_DEFINED_TRANSFORMATION ( 'NONE', 'NONE', #4107,  #1443 ) ;
#976 = EDGE_CURVE ( 'NONE', #4979, #314, #4542, .T. ) ;
#977 = B_SPLINE_CURVE_WITH_KNOTS ( 'NONE', 3,
 ( #3677, #2702, #4800, #4729, #6468, #7, #596, #3152, #451, #2214, #3717, #5244, #2142, #5316, #4843, #4276, #3818, #44 ),
 .UNSPECIFIED., .F., .F.,
 ( 4, 2, 2, 2, 2, 2, 2, 2, 4 ),
 ( 0.000000000000000000, 0.06250000000000000000, 0.1249999999999999722, 0.1874999999999999722, 0.2500000000000000000, 0.3125000000000000000, 0.3750000000000000000, 0.4375000000000000000, 0.5000000000000000000 ),
 .UNSPECIFIED. ) ;
#978 = CARTESIAN_POINT ( 'NONE',  ( 0.5573417656250000407, 0.9653442552426449996, 2.026041667008065428 ) ) ;
#979 = CARTESIAN_POINT ( 'NONE',  ( -3.529289321881347696, 5.173024605696904921, -2.142736950169391807 ) ) ;
#980 = CARTESIAN_POINT ( 'NONE',  ( -7.553639610306789542, 3.134446499564896182, 3.134446499564896627 ) ) ;
#981 = APPLICATION_CONTEXT ( 'automotive_design' ) ;
#982 = CARTESIAN_POINT ( 'NONE',  ( -0.6250000000000000000, -1.082531754730549967, -0.2083333333333335091 ) ) ;
#983 = CARTESIAN_POINT ( 'NONE',  ( -6.643680687728698686, 0.6282874823162769573, -3.950943968250345328 ) ) ;
#984 = CARTESIAN_POINT ( 'NONE',  ( 0.5573417656250000407, 0.9653442552426449996, 1.026041667008064096 ) ) ;
#985 = ORIENTED_EDGE ( 'NONE', *, *, #1823, .T. ) ;
#986 = LINE ( 'NONE', #462, #4824 ) ;
#987 = CARTESIAN_POINT ( 'NONE',  ( -3.600000000000000089, 5.450000000000000178, 0.7134033317526817797 ) ) ;
#988 = ORIENTED_EDGE ( 'NONE', *, *, #930, .T. ) ;
#989 = PRESENTATION_LAYER_ASSIGNMENT (  '', '', ( #4022 ) ) ;
#990 = CARTESIAN_POINT ( 'NONE',  ( -1.250000000000003109, 0.7216878364870329410, 1.229166666666667185 ) ) ;
#991 = FACE_OUTER_BOUND ( 'NONE', #402, .T. ) ;
#992 = DIRECTION ( 'NONE',  ( 0.000000000000000000, 0.000000000000000000, -1.000000000000000000 ) ) ;
#993 = CARTESIAN_POINT ( 'NONE',  ( 2.651438096812270369E-16, -1.443375672974064106, 1.562500000000000222 ) ) ;
#994 = CARTESIAN_POINT ( 'NONE',  ( -7.536819805153395890, -5.421010862427522170E-17, 5.450000000000000178 ) ) ;
#995 = AXIS2_PLACEMENT_3D ( 'NONE', #3903, #5566, #5499 ) ;
#996 = CARTESIAN_POINT ( 'NONE',  ( -3.600000000000000533, -3.954060262691574845, 3.954060262691549532 ) ) ;
#997 = VERTEX_POINT ( 'NONE', #1520 ) ;
#998 = DIRECTION ( 'NONE',  ( -0.8849001878009898903, 0.000000000000000000, 0.4657806969269687181 ) ) ;
#999 = CARTESIAN_POINT ( 'NONE',  ( -5.395178900009232059, 1.249922390504448977, -3.799696570039091004 ) ) ;
#1000 = CARTESIAN_POINT ( 'NONE',  ( -1.244416070571822130, 0.1180196733709382023, 2.246499999999999719 ) ) ;
#1001 = CARTESIAN_POINT ( 'NONE',  ( 1.114683531250000526, -0.6435628368284300738, -0.2239583329919352106 ) ) ;
#1002 = ADVANCED_FACE ( 'NONE', ( #3657, #3129 ), #2611, .T. ) ;
#1003 = EDGE_LOOP ( 'NONE', ( #3667, #326, #2654, #3648 ) ) ;
#1004 = CARTESIAN_POINT ( 'NONE',  ( 1.114683531250000081, 1.365093618607580186E-16, 1.984375000341400019 ) ) ;
#1005 = CONTEXT_DEPENDENT_SHAPE_REPRESENTATION ( #1843, #4699 ) ;
#1006 = AXIS2_PLACEMENT_3D ( 'NONE', #1709, #4413, #3842 ) ;
#1007 = FACE_OUTER_BOUND ( 'NONE', #6771, .T. ) ;
#1008 = SURFACE_STYLE_FILL_AREA ( #4233 ) ;
#1009 = PLANE ( 'NONE',  #2593 ) ;
#1010 = DIRECTION ( 'NONE',  ( 0.000000000000000000, 0.000000000000000000, 1.000000000000000000 ) ) ;
#1011 = ORIENTED_EDGE ( 'NONE', *, *, #6255, .F. ) ;
#1012 = AXIS2_PLACEMENT_3D ( 'NONE', #6586, #2400, #6062 ) ;
#1013 = VECTOR ( 'NONE', #1453, 1000.000000000000000 ) ;
#1014 = CARTESIAN_POINT ( 'NONE',  ( -7.620000000000000107, -5.421010862427522170E-17, 4.100000000000000533 ) ) ;
#1015 = DIRECTION ( 'NONE',  ( 0.000000000000000000, 0.000000000000000000, 1.000000000000000000 ) ) ;
#1016 = CARTESIAN_POINT ( 'NONE',  ( -1.114683531249999637, -0.6435628368284300738, 1.880208333674729726 ) ) ;
#1017 = CARTESIAN_POINT ( 'NONE',  ( -3.507169191983608769, 5.193992981830501954, 2.151422335944862319 ) ) ;
#1018 = CARTESIAN_POINT ( 'NONE',  ( -7.590710678118654187, 3.140064361744326682, -3.140064361744333787 ) ) ;
#1019 = CARTESIAN_POINT ( 'NONE',  ( -1.249999999999999556, -0.7216878364870319418, -0.4791666666666665186 ) ) ;
#1020 = DIRECTION ( 'NONE',  ( -0.4945083668413040034, -0.8691728683777160125, 0.000000000000000000 ) ) ;
#1021 = CARTESIAN_POINT ( 'NONE',  ( 0.5573417656250010399, -0.9653442552426449996, 0.6927083336747319464 ) ) ;
#1022 = ORIENTED_EDGE ( 'NONE', *, *, #4250, .T. ) ;
#1023 = CARTESIAN_POINT ( 'NONE',  ( -7.520000000000001350, 3.349279623863284261, 4.358184291070084981 ) ) ;
#1024 = CARTESIAN_POINT ( 'NONE',  ( 1.114683531249999415, -0.6435628368284300738, 1.776041667008062319 ) ) ;
#1025 = DIRECTION ( 'NONE',  ( 1.000000000000000000, -0.000000000000000000, -0.000000000000000000 ) ) ;
#1026 = CARTESIAN_POINT ( 'NONE',  ( -0.7527257842952900235, 0.4282568080685234535, 2.000000000000000000 ) ) ;
#1027 = CARTESIAN_POINT ( 'NONE',  ( -0.6250000000000000000, 1.082531754730549967, 1.208333333333334147 ) ) ;
#1028 = CARTESIAN_POINT ( 'NONE',  ( 0.6250000000000000000, -1.082531754730548190, 1.083333333333334147 ) ) ;
#1029 = FACE_OUTER_BOUND ( 'NONE', #5611, .T. ) ;
#1030 = CARTESIAN_POINT ( 'NONE',  ( 10.99782756707192277, 0.000000000000000000, -9.449750727133116257 ) ) ;
#1031 = CARTESIAN_POINT ( 'NONE',  ( -7.520000000000000462, 0.7133073313039072216, 5.450000000000000178 ) ) ;
#1032 = CARTESIAN_POINT ( 'NONE',  ( -3.410000000000000142, 1.175660927181458842E-15, -9.599999999999999645 ) ) ;
#1033 = ORIENTED_EDGE ( 'NONE', *, *, #2493, .T. ) ;
#1034 = LINE ( 'NONE', #4716, #3269 ) ;
#1035 = EDGE_CURVE ( 'NONE', #5173, #5417, #6856, .T. ) ;
#1036 = CARTESIAN_POINT ( 'NONE',  ( -4.791054253404165131, 0.9987288921336329173, -3.875089932425663797 ) ) ;
#1037 = AXIS2_PLACEMENT_3D ( 'NONE', #2666, #5280, #3151 ) ;
#1038 = LINE ( 'NONE', #3178, #1614 ) ;
#1039 = CARTESIAN_POINT ( 'NONE',  ( -1.114683531250000081, 0.000000000000000000, 0.1718750003413984928 ) ) ;
#1040 = ORIENTED_EDGE ( 'NONE', *, *, #2107, .T. ) ;
#1041 = MECHANICAL_DESIGN_GEOMETRIC_PRESENTATION_REPRESENTATION (  '', ( #4067 ), #1943 ) ;
#1042 = CARTESIAN_POINT ( 'NONE',  ( -6.651477037138167958, -3.952876121922773045, 0.6306947727655149993 ) ) ;
#1043 = CARTESIAN_POINT ( 'NONE',  ( 11.00454545454544331, 0.5000000000000000000, 4.785392286829072361 ) ) ;
#1044 = AXIS2_PLACEMENT_3D ( 'NONE', #5668, #6163, #3542 ) ;
#1045 = DIRECTION ( 'NONE',  ( -1.000000000000000000, -0.000000000000000000, -0.000000000000000000 ) ) ;
#1046 = FACE_OUTER_BOUND ( 'NONE', #6229, .T. ) ;
#1047 = VERTEX_POINT ( 'NONE', #1555 ) ;
#1048 = CARTESIAN_POINT ( 'NONE',  ( 1.250000000000000000, 1.530808498934190091E-16, 2.156250000682795154 ) ) ;
#1049 = CARTESIAN_POINT ( 'NONE',  ( -3.308954545963465943, 0.000000000000000000, 0.000000000000000000 ) ) ;
#1050 = CARTESIAN_POINT ( 'NONE',  ( -7.881371681721266152E-17, 1.287125673656860148, 2.046875000341400685 ) ) ;
#1051 = CARTESIAN_POINT ( 'NONE',  ( -3.566360389693211896, 0.7133073313039072216, 5.450000000000000178 ) ) ;
#1052 = CARTESIAN_POINT ( 'NONE',  ( 0.000000000000000000, 0.000000000000000000, 9.597815608934052278 ) ) ;
#1053 = CARTESIAN_POINT ( 'NONE',  ( 1.250000000000001776, -0.7216878364870319418, -0.3958333333333329263 ) ) ;
#1054 = CARTESIAN_POINT ( 'NONE',  ( -7.553639610306789542, 3.134446499564896182, 3.134446499564896627 ) ) ;
#1055 = B_SPLINE_CURVE_WITH_KNOTS ( 'NONE', 5,
 ( #437, #6210, #1560, #4683, #5685, #3626, #403, #5787 ),
 .UNSPECIFIED., .F., .F.,
 ( 6, 2, 6 ),
 ( 0.000000000000000000, 0.5000000000000000000, 1.000000000000000000 ),
 .UNSPECIFIED. ) ;
#1056 = CARTESIAN_POINT ( 'NONE',  ( 0.5573417656250000407, 0.9653442552426449996, 0.02604166700806520227 ) ) ;
#1057 = ORIENTED_EDGE ( 'NONE', *, *, #1914, .F. ) ;
#1058 = LINE ( 'NONE', #2188, #4420 ) ;
#1059 = EDGE_CURVE ( 'NONE', #4488, #3257, #3694, .T. ) ;
#1060 = CARTESIAN_POINT ( 'NONE',  ( -3.600000000000000089, 4.762135816530705945, 2.744723443021402698 ) ) ;
#1061 = DIRECTION ( 'NONE',  ( 0.000000000000000000, -1.000000000000000000, 0.000000000000000000 ) ) ;
#1062 = CARTESIAN_POINT ( 'NONE',  ( -0.6250000000000000000, 1.082531754730549967, 2.239583334016129523 ) ) ;
#1063 = ADVANCED_FACE ( 'NONE', ( #507 ), #4328, .T. ) ;
#1064 = DIRECTION ( 'NONE',  ( 0.000000000000000000, 0.000000000000000000, 1.000000000000000000 ) ) ;
#1065 = CARTESIAN_POINT ( 'NONE',  ( -7.620000000000000107, 2.107261603377753811, 5.087379542342644889 ) ) ;
#1066 = CARTESIAN_POINT ( 'NONE',  ( 3.400000000000000355, 3.134446499564897515, -3.134446499564897515 ) ) ;
#1067 = DIRECTION ( 'NONE',  ( 0.000000000000000000, 0.000000000000000000, 1.000000000000000000 ) ) ;
#1068 = CARTESIAN_POINT ( 'NONE',  ( -7.553639610306788654, 5.166228700122148965, 2.139921993911714448 ) ) ;
#1069 = PRODUCT ( 'PART 3 BEARING', 'PART 3 BEARING', '', ( #416 ) ) ;
#1070 = CARTESIAN_POINT ( 'NONE',  ( -3.599999999999999201, -6.407237837722409427E-15, -5.591885649938923564 ) ) ;
#1071 = EDGE_LOOP ( 'NONE', ( #3584, #5314, #5671, #5046 ) ) ;
#1072 = CARTESIAN_POINT ( 'NONE',  ( -1.249999999999999556, -0.7216878364870319418, 1.770833333333334370 ) ) ;
#1073 = PRESENTATION_STYLE_ASSIGNMENT (( #2618 ) ) ;
#1074 = DIRECTION ( 'NONE',  ( 0.4657774430578104918, 0.000000000000000000, -0.8849019005169602714 ) ) ;
#1075 = CARTESIAN_POINT ( 'NONE',  ( 1.114683531249999637, 0.6435628368284300738, 0.5677083336747323905 ) ) ;
#1076 = EDGE_CURVE ( 'NONE', #2038, #2794, #64, .T. ) ;
#1077 = ORIENTED_EDGE ( 'NONE', *, *, #3940, .T. ) ;
#1078 = CONTEXT_DEPENDENT_SHAPE_REPRESENTATION ( #3495, #509 ) ;
#1079 = CARTESIAN_POINT ( 'NONE',  ( -1.249999999999999556, -0.7216878364870320528, 1.552083334016128413 ) ) ;
#1080 = DIRECTION ( 'NONE',  ( -0.4657806960594517154, 0.000000000000000000, 0.8849001882576208455 ) ) ;
#1081 = ADVANCED_FACE ( 'NONE', ( #6432 ), #1683, .T. ) ;
#1082 = ORIENTED_EDGE ( 'NONE', *, *, #420, .F. ) ;
#1083 = DIRECTION ( 'NONE',  ( 0.000000000000000000, 0.000000000000000000, -1.000000000000000000 ) ) ;
#1084 = CARTESIAN_POINT ( 'NONE',  ( 3.400000000000000799, -3.495145553417030815, -2.014475921483599219 ) ) ;
#1085 = CARTESIAN_POINT ( 'NONE',  ( 1.114683531250000526, -0.6435628368284300738, 0.7135416670080648727 ) ) ;
#1086 = AXIS2_PLACEMENT_3D ( 'NONE', #673, #2814, #3043 ) ;
#1087 = CARTESIAN_POINT ( 'NONE',  ( -3.507169191983608769, 2.151422335944883635, -5.193992981830495737 ) ) ;
#1088 = CARTESIAN_POINT ( 'NONE',  ( -7.553639610306790431, -3.134446499564913946, 3.134446499564881083 ) ) ;
#1089 = EDGE_CURVE ( 'NONE', #3977, #4583, #595, .T. ) ;
#1090 = CARTESIAN_POINT ( 'NONE',  ( -1.248499557549910044, 0.03918816861847929794, 2.248000442450234893 ) ) ;
#1091 = CARTESIAN_POINT ( 'NONE',  ( 1.091242289707369251, -0.4441264915709305372, 2.318367851970263960 ) ) ;
#1092 = CARTESIAN_POINT ( 'NONE',  ( -7.553639610306790431, -1.084202172485504434E-16, 4.000000000000000000 ) ) ;
#1093 = CARTESIAN_POINT ( 'NONE',  ( 0.5573417656250010399, -0.9653442552426449996, 0.1927083336747315301 ) ) ;
#1094 = ORIENTED_EDGE ( 'NONE', *, *, #5408, .T. ) ;
#1095 = CARTESIAN_POINT ( 'NONE',  ( -6.810000000000000497, 5.318626440744896954E-22, -5.450000000000000178 ) ) ;
#1096 = CARTESIAN_POINT ( 'NONE',  ( -3.599999999999999645, 5.450000000000000178, -0.7134033317526828899 ) ) ;
#1097 = FACE_OUTER_BOUND ( 'NONE', #1071, .T. ) ;
#1098 = CARTESIAN_POINT ( 'NONE',  ( -0.8116152672032330706, 0.9506737916039479375, 2.246499999999999719 ) ) ;
#1099 = CARTESIAN_POINT ( 'NONE',  ( 6.287706646021781864, 4.000000000000000000, 11.94689015883470695 ) ) ;
#1100 = CYLINDRICAL_SURFACE ( 'NONE', #6033, 1.250000000000000000 ) ;
#1101 = LINE ( 'NONE', #5860, #11 ) ;
#1102 = CARTESIAN_POINT ( 'NONE',  ( 0.000000000000000000, 0.5000000000000000000, 0.000000000000000000 ) ) ;
#1103 = DIRECTION ( 'NONE',  ( -1.000000000000000000, -0.000000000000000000, -0.000000000000000000 ) ) ;
#1104 = CARTESIAN_POINT ( 'NONE',  ( -3.600000000000000533, -5.166228700122143636, -2.139921993911734877 ) ) ;
#1105 = EDGE_LOOP ( 'NONE', ( #6765, #6093 ) ) ;
#1106 = CARTESIAN_POINT ( 'NONE',  ( -8.838126989374227166E-17, 1.443375672974063884, 2.187499999999999556 ) ) ;
#1107 = AXIS2_PLACEMENT_3D ( 'NONE', #6279, #3670, #349 ) ;
#1108 = CARTESIAN_POINT ( 'NONE',  ( 0.000000000000000000, 0.5000000000000000000, 0.000000000000000000 ) ) ;
#1109 = STYLED_ITEM ( 'NONE', ( #4721 ), #6728 ) ;
#1110 = CARTESIAN_POINT ( 'NONE',  ( 2.424800662311759404E-16, 5.852369690490223346E-16, -4.778822509939087304 ) ) ;
#1111 = CARTESIAN_POINT ( 'NONE',  ( -7.620000000000001883, -5.071435512963945236, 2.100657370170204263 ) ) ;
#1112 = ORIENTED_EDGE ( 'NONE', *, *, #3764, .T. ) ;
#1113 = PRESENTATION_STYLE_ASSIGNMENT (( #4229 ) ) ;
#1114 = ITEM_DEFINED_TRANSFORMATION ( 'NONE', 'NONE', #1557,  #1443 ) ;
#1115 = CARTESIAN_POINT ( 'NONE',  ( -18.25000000000000000, 4.000000000000000000, 0.000000000000000000 ) ) ;
#1116 = DIRECTION ( 'NONE',  ( -1.000000000000000000, 0.000000000000000000, 0.000000000000000000 ) ) ;
#1117 = ORIENTED_EDGE ( 'NONE', *, *, #5213, .F. ) ;
#1118 = CARTESIAN_POINT ( 'NONE',  ( -11.00454545454544331, 0.5000000000000000000, -4.785392286829072361 ) ) ;
#1119 = APPLICATION_CONTEXT ( 'automotive_design' ) ;
#1120 = CARTESIAN_POINT ( 'NONE',  ( -1.250000000000000000, 0.000000000000000000, 2.000000000000000000 ) ) ;
#1121 = CARTESIAN_POINT ( 'NONE',  ( 2.364411504516379476E-16, -1.287125673656860148, -0.07812499965860170148 ) ) ;
#1122 = CARTESIAN_POINT ( 'NONE',  ( -7.620000000000001883, 3.199627467207413645, 3.199627467207413645 ) ) ;
#1123 = CIRCLE ( 'NONE', #3477, 13.50049772884731247 ) ;
#1124 = CARTESIAN_POINT ( 'NONE',  ( -3.599999999999999645, -2.744723443021402254, -4.762135816530705057 ) ) ;
#1125 = CARTESIAN_POINT ( 'NONE',  ( -7.520000000000000462, -0.7133073313039065555, 5.450000000000000178 ) ) ;
#1126 = CARTESIAN_POINT ( 'NONE',  ( -7.612830808016390449, 1.052465984225435802, 4.029289321881347696 ) ) ;
#1127 = CARTESIAN_POINT ( 'NONE',  ( -0.5573417656249990415, -0.9653442552426459988, 0.6510416670080649837 ) ) ;
#1128 = VERTEX_POINT ( 'NONE', #488 ) ;
#1129 = DIRECTION ( 'NONE',  ( 0.000000000000000000, 1.000000000000000000, -0.000000000000000000 ) ) ;
#1130 = B_SPLINE_CURVE_WITH_KNOTS ( 'NONE', 3,
 ( #496, #1090, #1508, #6845 ),
 .UNSPECIFIED., .F., .F.,
 ( 4, 4 ),
 ( 0.006224032818847789923, 0.006341023398669019991 ),
 .UNSPECIFIED. ) ;
#1131 = CARTESIAN_POINT ( 'NONE',  ( -1.114683531249999415, 0.6435628368284300738, 1.651041667008064540 ) ) ;
#1132 =( BOUNDED_CURVE ( )  B_SPLINE_CURVE ( 2, ( #2008, #4778, #6888, #3765, #2040, #3162, #2602, #4142, #534, #6262, #4286, #2154, #4813, #1548, #4249, #6408, #1627, #3615, #5746, #1514, #953, #3087, #427, #3651, #6335, #4211, #4741, #6850, #1590, #2078, #5817, #1024, #2784, #90, #1659, #5921, #6446, #1131, #3271, #608, #3303, #2715, #4355, #5400, #5953, #4853, #4321, #3797, #3830, #5435, #2750, #4887, #6480, #1169, #639, #2224, #58, #2190, #1695, #2410, #764, #4451, #214, #3358, #6074, #6038, #4515, #245, #3953, #6663, #2866 ),
 .UNSPECIFIED., .F., .T. ) 
 B_SPLINE_CURVE_WITH_KNOTS ( ( 3, 2, 2, 2, 2, 2, 2, 2, 2, 2, 2, 2, 2, 2, 2, 2, 2, 2, 2, 2, 2, 2, 2, 2, 2, 2, 2, 2, 2, 2, 2, 2, 2, 2, 2, 3 ),
 ( 0.01328097532387099988, 0.01388888888888890026, 0.02777777777777780052, 0.04166666666666665048, 0.05555555555555560104, 0.06944444444444450304, 0.08333333333333330095, 0.09722222222222219601, 0.1111111111111110078, 0.1250000000000000000, 0.1388888888888890061, 0.1527777777777780122, 0.1666666666666664631, 0.1805555555555555247, 0.1944444444444445308, 0.2083333333333335369, 0.2222222222222219878, 0.2361111111111110494, 0.2500000000000000000, 0.2638888888888890061, 0.2777777777777780122, 0.2916666666666665186, 0.3055555555555554692, 0.3194444444444444753, 0.3333333333333335369, 0.3472222222222220434, 0.3611111111111109939, 0.3750000000000000000, 0.3888888888888890061, 0.4027777777777780122, 0.4166666666666665186, 0.4305555555555554692, 0.4444444444444444753, 0.4583333333333329818, 0.4722222222222220434, 0.4741232017214306316 ),
 .UNSPECIFIED. ) 
 CURVE ( )  GEOMETRIC_REPRESENTATION_ITEM ( )  RATIONAL_B_SPLINE_CURVE ( ( 0.9887852589665508951, 0.9941359618426790501, 1.000000000000000000, 0.8660254037844389297, 1.000000000000000000, 0.8660254037844389297, 1.000000000000000000, 0.8660254037844389297, 1.000000000000000000, 0.8660254037844389297, 1.000000000000000000, 0.8660254037844389297, 1.000000000000000000, 0.8660254037844389297, 1.000000000000000000, 0.8660254037844389297, 1.000000000000000000, 0.8660254037844389297, 1.000000000000000000, 0.8660254037844389297, 1.000000000000000000, 0.8660254037844389297, 1.000000000000000000, 0.8660254037844389297, 1.000000000000000000, 0.8660254037844389297, 1.000000000000000000, 0.8660254037844389297, 1.000000000000000000, 0.8660254037844389297, 1.000000000000000000, 0.8660254037844389297, 1.000000000000000000, 0.8660254037844389297, 1.000000000000000000, 0.8660254037844389297, 1.000000000000000000, 0.8660254037844389297, 1.000000000000000000, 0.8660254037844389297, 1.000000000000000000, 0.8660254037844389297, 1.000000000000000000, 0.8660254037844389297, 1.000000000000000000, 0.8660254037844389297, 1.000000000000000000, 0.8660254037844389297, 1.000000000000000000, 0.8660254037844389297, 1.000000000000000000, 0.8660254037844389297, 1.000000000000000000, 0.8660254037844389297, 1.000000000000000000, 0.8660254037844389297, 1.000000000000000000, 0.8660254037844389297, 1.000000000000000000, 0.8660254037844389297, 1.000000000000000000, 0.8660254037844389297, 1.000000000000000000, 0.8660254037844389297, 1.000000000000000000, 0.8660254037844389297, 1.000000000000000000, 0.8660254037844389297, 1.000000000000000000, 0.9816628268209219854, 0.9683452906431524454 ) ) 
 REPRESENTATION_ITEM ( '' )  );
#1133 = CARTESIAN_POINT ( 'NONE',  ( 0.000000000000000000, 0.000000000000000000, 2.500000000000000000 ) ) ;
#1134 = DIRECTION ( 'NONE',  ( 1.000000000000000000, -0.000000000000000000, 0.000000000000000000 ) ) ;
#1135 = CARTESIAN_POINT ( 'NONE',  ( -7.590710678118655075, -5.159432794547396561, 2.137107037654033537 ) ) ;
#1136 = CARTESIAN_POINT ( 'NONE',  ( 5.270971560210249013E-05, 4.000000000000000000, 11.75002770985862632 ) ) ;
#1137 = CARTESIAN_POINT ( 'NONE',  ( 1.027440535124552801, 0.4323023497772620072, 1.000000000000000000 ) ) ;
#1138 = B_SPLINE_SURFACE_WITH_KNOTS ( 'NONE', 5, 3, ( 
 ( #4701, #6846, #6883, #4244, #4282, #1584, #3158, #6804, #3722, #4174, #1509 ),
 ( #5252, #3646, #6401, #5773, #4206, #458, #2597, #947, #5322, #2184, #6329 ),
 ( #1092, #4317, #1054, #5286, #6439, #529, #497, #1623, #4807, #5882, #3232 ),
 ( #564, #5357, #1655, #3792, #3082, #6505, #4498, #671, #4351, #602, #2849 ),
 ( #631, #1126, #4988, #5948, #2288, #1725, #5917, #744, #1164, #2880, #3409 ),
 ( #5534, #1832, #5395, #6053, #192, #1691, #4919, #5983, #4464, #3265, #3824 ),
 ( #706, #3864, #1200, #5024, #2354, #3335, #5463, #2812, #3299, #4955, #2220 ),
 ( #227, #155, #1269, #5430, #2745, #3373, #2323, #6576, #2780, #1793, #120 ) ),
 .UNSPECIFIED., .F., .T., .F.,
 ( 6, 2, 6 ),
 ( 4, 1, 1, 1, 1, 1, 1, 1, 4 ),
 ( 0.000000000000000000, 0.5000000000000000000, 1.000000000000000000 ),
 ( 0.000000000000000000, 0.7853981633974482790, 1.570796326794896558, 2.356194490192344837, 3.141592653589793116, 3.926990816987240951, 4.712388980384688786, 5.497787143782137953, 6.283185307179586232 ),
 .UNSPECIFIED. ) ;
#1139 = CIRCLE ( 'NONE', #1815, 13.50049772884731247 ) ;
#1140 = CARTESIAN_POINT ( 'NONE',  ( -3.583180194846606437, 0.7133073313039072216, 5.450000000000000178 ) ) ;
#1141 = ORIENTED_EDGE ( 'NONE', *, *, #935, .T. ) ;
#1142 = CARTESIAN_POINT ( 'NONE',  ( 1.249999999999999556, 0.7216878364870319418, 2.145833333333335258 ) ) ;
#1143 = FILL_AREA_STYLE ('',( #5931 ) ) ;
#1144 = LINE ( 'NONE', #1812, #1208 ) ;
#1145 = CARTESIAN_POINT ( 'NONE',  ( -7.620000000000000107, -5.421010862427522170E-17, 5.366819805153395073 ) ) ;
#1146 = VERTEX_POINT ( 'NONE', #522 ) ;
#1147 = ADVANCED_FACE ( 'NONE', ( #4841 ), #2630, .F. ) ;
#1148 = CARTESIAN_POINT ( 'NONE',  ( 1.250000000000000000, 1.530808498934190091E-16, 1.656250000682794932 ) ) ;
#1149 = FILL_AREA_STYLE_COLOUR ( '', #3288 ) ;
#1150 = VECTOR ( 'NONE', #6142, 1000.000000000000000 ) ;
#1151 = EDGE_CURVE ( 'NONE', #1270, #6852, #2064, .T. ) ;
#1152 = ADVANCED_FACE ( 'NONE', ( #1648 ), #5942, .T. ) ;
#1153 = ORIENTED_EDGE ( 'NONE', *, *, #5243, .F. ) ;
#1154 = CARTESIAN_POINT ( 'NONE',  ( -7.590710678118655075, -1.084202172485504434E-16, 4.007169191983609657 ) ) ;
#1155 = EDGE_CURVE ( 'NONE', #4187, #6065, #4967, .T. ) ;
#1156 = CARTESIAN_POINT ( 'NONE',  ( 3.400000000000000799, -2.458186879899659782, -3.198667369592721244 ) ) ;
#1157 = CARTESIAN_POINT ( 'NONE',  ( 2.364411504516379476E-16, -1.287125673656860148, 0.1718750003413984928 ) ) ;
#1158 = UNCERTAINTY_MEASURE_WITH_UNIT (LENGTH_MEASURE( 1.000000000000000082E-05 ), #4832, 'distance_accuracy_value', 'NONE');
#1159 = VECTOR ( 'NONE', #808, 1000.000000000000114 ) ;
#1160 = CARTESIAN_POINT ( 'NONE',  ( 1.250000000000003109, -0.7216878364870329410, 2.104166666666666963 ) ) ;
#1161 = EDGE_CURVE ( 'NONE', #2314, #4060, #6394, .T. ) ;
#1162 = CARTESIAN_POINT ( 'NONE',  ( 18.25000000000000355, 4.000000000000000000, -2.499999999999998668 ) ) ;
#1163 = CARTESIAN_POINT ( 'NONE',  ( 0.8246963276876212445, -0.8565883837317331828, 2.307438363976341833 ) ) ;
#1164 = CARTESIAN_POINT ( 'NONE',  ( -7.612830808016392226, -3.157397952676316955, 3.157397952676284092 ) ) ;
#1165 = CARTESIAN_POINT ( 'NONE',  ( -0.5573417656249990415, -0.9653442552426459988, -0.5989583329919350163 ) ) ;
#1166 = VECTOR ( 'NONE', #5750, 1000.000000000000000 ) ;
#1167 = ORIENTED_EDGE ( 'NONE', *, *, #2846, .F. ) ;
#1168 = CARTESIAN_POINT ( 'NONE',  ( -5.963080187322352010, -1.186072586006993390, -5.319470649678282648 ) ) ;
#1169 = CARTESIAN_POINT ( 'NONE',  ( 1.114683531249999415, 0.6435628368284300738, 1.317708333674732391 ) ) ;
#1170 = FACE_OUTER_BOUND ( 'NONE', #2277, .T. ) ;
#1171 = CARTESIAN_POINT ( 'NONE',  ( -3.628989356929962717, 0.000000000000000000, 0.000000000000000000 ) ) ;
#1172 = CARTESIAN_POINT ( 'NONE',  ( 1.114683531249999637, 0.6435628368284300738, 1.317708333674732391 ) ) ;
#1173 = CARTESIAN_POINT ( 'NONE',  ( -7.590710678118657739, 2.137107037654065067, -5.159432794547392120 ) ) ;
#1174 = CARTESIAN_POINT ( 'NONE',  ( 11.00454545454544331, 0.5000000000000000000, -4.785392286829072361 ) ) ;
#1175 = EDGE_CURVE ( 'NONE', #41, #2337, #204, .T. ) ;
#1176 = FACE_OUTER_BOUND ( 'NONE', #2766, .T. ) ;
#1177 = SHAPE_REPRESENTATION ( 'FLANGE^KFL08', ( #1443 ), #3463 ) ;
#1178 = CARTESIAN_POINT ( 'NONE',  ( -6.329423967009659258, -3.875185602744851909, 0.9983686117417285288 ) ) ;
#1179 = CARTESIAN_POINT ( 'NONE',  ( -3.500000000000000444, -4.002205763591138776, -4.002205763591120125 ) ) ;
#1180 = ORIENTED_EDGE ( 'NONE', *, *, #336, .T. ) ;
#1181 = STYLED_ITEM ( 'NONE', ( #3248 ), #4115 ) ;
#1182 = CARTESIAN_POINT ( 'NONE',  ( 0.6250000000000000000, 1.082531754730549967, 1.666666666666664964 ) ) ;
#1183 = DIRECTION ( 'NONE',  ( 0.000000000000000000, 0.000000000000000000, -1.000000000000000000 ) ) ;
#1184 = CARTESIAN_POINT ( 'NONE',  ( 3.410000000000000142, 0.000000000000000000, 0.000000000000000000 ) ) ;
#1185 = AXIS2_PLACEMENT_3D ( 'NONE', #1102, #5783, #5263 ) ;
#1186 = CARTESIAN_POINT ( 'NONE',  ( -3.308954545963465943, 0.000000000000000000, 0.000000000000000000 ) ) ;
#1187 = CARTESIAN_POINT ( 'NONE',  ( -7.620000000000001883, 5.087379542342648442, -2.107261603377754700 ) ) ;
#1188 = ORIENTED_EDGE ( 'NONE', *, *, #6662, .F. ) ;
#1189 = FILL_AREA_STYLE_COLOUR ( '', #2458 ) ;
#1190 = DIRECTION ( 'NONE',  ( 1.000000000000000000, 0.000000000000000000, -0.000000000000000000 ) ) ;
#1191 = VERTEX_POINT ( 'NONE', #3189 ) ;
#1192 = CARTESIAN_POINT ( 'NONE',  ( -0.6250000000000000000, 1.082531754730549967, 1.739583334016129967 ) ) ;
#1193 = CARTESIAN_POINT ( 'NONE',  ( 3.500000000000000888, 4.506316948359412322, -1.220146594370607069E-15 ) ) ;
#1194 = EDGE_CURVE ( 'NONE', #896, #1478, #3844, .T. ) ;
#1195 = CARTESIAN_POINT ( 'NONE',  ( 1.114683531250000081, 1.365093618607580186E-16, 0.7343750003413980210 ) ) ;
#1196 = CIRCLE ( 'NONE', #5109, 11.99999999999999822 ) ;
#1197 = CARTESIAN_POINT ( 'NONE',  ( -7.620000000000000107, 1.070935887351342375, 4.100000000000003197 ) ) ;
#1198 = DIRECTION ( 'NONE',  ( -0.8849001882576207345, 0.000000000000000000, -0.4657806960594517154 ) ) ;
#1199 = CARTESIAN_POINT ( 'NONE',  ( 0.4359131800647544908, -1.116484129357156796, 2.297956051307679548 ) ) ;
#1200 = CARTESIAN_POINT ( 'NONE',  ( -7.620000000000001883, 3.199627467207413645, 3.199627467207413645 ) ) ;
#1201 = ADVANCED_FACE ( 'NONE', ( #4201 ), #1437, .T. ) ;
#1202 = EDGE_LOOP ( 'NONE', ( #5852, #2727 ) ) ;
#1203 = SURFACE_SIDE_STYLE ('',( #6017 ) ) ;
#1204 = CYLINDRICAL_SURFACE ( 'NONE', #1611, 13.34377777916409968 ) ;
#1205 = PRODUCT_DEFINITION_FORMATION_WITH_SPECIFIED_SOURCE ( 'ANY', '', #4836, .NOT_KNOWN. ) ;
#1206 = FACE_OUTER_BOUND ( 'NONE', #4555, .T. ) ;
#1207 = CARTESIAN_POINT ( 'NONE',  ( -3.600000000000000089, -5.421010862427522170E-17, 5.450000000000000178 ) ) ;
#1208 = VECTOR ( 'NONE', #3884, 1000.000000000000000 ) ;
#1209 = CARTESIAN_POINT ( 'NONE',  ( 1.114683531250000526, -0.6435628368284300738, 2.026041667008062763 ) ) ;
#1210 = CARTESIAN_POINT ( 'NONE',  ( -7.612830808016391337, 0.000000000000000000, 5.420710678118655146 ) ) ;
#1211 = DIRECTION ( 'NONE',  ( 0.000000000000000000, 0.000000000000000000, -1.000000000000000000 ) ) ;
#1212 = CARTESIAN_POINT ( 'NONE',  ( -5.394266593431390255, -5.304714883949939619, 1.250000000000000222 ) ) ;
#1213 = CARTESIAN_POINT ( 'NONE',  ( -5.889163536156857504, -3.810970590692368543, -1.216874893467590812 ) ) ;
#1214 = CARTESIAN_POINT ( 'NONE',  ( -3.529289321881343700, -6.079692073109145783E-15, -5.599241485126959184 ) ) ;
#1215 = ORIENTED_EDGE ( 'NONE', *, *, #935, .F. ) ;
#1216 = CARTESIAN_POINT ( 'NONE',  ( -1.249999999999999556, 0.7216878364870319418, 2.229166666666664742 ) ) ;
#1217 = DIRECTION ( 'NONE',  ( 0.000000000000000000, 0.000000000000000000, 1.000000000000000000 ) ) ;
#1218 = CARTESIAN_POINT ( 'NONE',  ( -7.590710678118655075, 0.000000000000000000, 5.442830808016390520 ) ) ;
#1219 = CARTESIAN_POINT ( 'NONE',  ( 3.500000000000000000, 0.000000000000000000, 9.599999999999999645 ) ) ;
#1220 =( LENGTH_UNIT ( ) NAMED_UNIT ( * ) SI_UNIT ( .MILLI., .METRE. ) );
#1221 = PRODUCT_RELATED_PRODUCT_CATEGORY ( 'part', '', ( #3198 ) ) ;
#1222 = SURFACE_STYLE_USAGE ( .BOTH. , #6595 ) ;
#1223 = CARTESIAN_POINT ( 'NONE',  ( -3.566360389693211896, -5.421010862427522170E-17, 5.450000000000000178 ) ) ;
#1224 = MECHANICAL_DESIGN_GEOMETRIC_PRESENTATION_REPRESENTATION (  '', ( #4022 ), #3917 ) ;
#1225 = EDGE_LOOP ( 'NONE', ( #862, #4551, #6665, #1601 ) ) ;
#1226 = EDGE_CURVE ( 'NONE', #3399, #6276, #3760, .T. ) ;
#1227 = CARTESIAN_POINT ( 'NONE',  ( 2.651438096812269876E-16, -1.443375672974063884, 1.343750000682798040 ) ) ;
#1228 = CARTESIAN_POINT ( 'NONE',  ( 3.470710678118653636, -4.440721607103247592, -3.169113269798589355E-15 ) ) ;
#1229 = PRODUCT_DEFINITION_CONTEXT ( 'detailed design', #5543, 'design' ) ;
#1230 = CARTESIAN_POINT ( 'NONE',  ( -7.881371681721266152E-17, 1.287125673656860148, 0.04687500034139838873 ) ) ;
#1231 = CARTESIAN_POINT ( 'NONE',  ( -3.500000000000001332, 2.172582384445701287, -5.245077857901645046 ) ) ;
#1232 = CARTESIAN_POINT ( 'NONE',  ( -7.620000000000000107, 1.066542489069140398, 4.083180194846607769 ) ) ;
#1233 = CARTESIAN_POINT ( 'NONE',  ( 3.499999999999999556, 3.572835999436112520, -2.076125246344563191 ) ) ;
#1234 = CARTESIAN_POINT ( 'NONE',  ( 1.085274933343839621, -0.4594053749427089994, 2.318003132869802307 ) ) ;
#1235 = CARTESIAN_POINT ( 'NONE',  ( 0.000000000000000000, 4.000000000000000000, 0.000000000000000000 ) ) ;
#1236 = EDGE_LOOP ( 'NONE', ( #5227, #3865, #4727, #3120, #6495, #2482 ) ) ;
#1237 = PRESENTATION_STYLE_ASSIGNMENT (( #5985 ) ) ;
#1238 = FACE_OUTER_BOUND ( 'NONE', #4319, .T. ) ;
#1239 = VECTOR ( 'NONE', #2082, 1000.000000000000000 ) ;
#1240 = CARTESIAN_POINT ( 'NONE',  ( -3.500000000000000000, 0.000000000000000000, 0.000000000000000000 ) ) ;
#1241 = CARTESIAN_POINT ( 'NONE',  ( -3.599999999999999201, -6.407237837722409427E-15, -5.591885649938923564 ) ) ;
#1242 = CARTESIAN_POINT ( 'NONE',  ( 0.5573417656250000407, 0.9653442552426449996, 1.588541667008064762 ) ) ;
#1243 = CARTESIAN_POINT ( 'NONE',  ( -7.620000000000001883, -0.7046219455284291611, 5.383639610306790502 ) ) ;
#1244 = CARTESIAN_POINT ( 'NONE',  ( 3.500000000000000888, 4.524956558666201722, -1.394453250709265250E-15 ) ) ;
#1245 = VECTOR ( 'NONE', #3548, 999.9999999999998863 ) ;
#1246 = ORIENTED_EDGE ( 'NONE', *, *, #6662, .T. ) ;
#1247 = CARTESIAN_POINT ( 'NONE',  ( 8.447433219371585852E-07, 0.000000000000000000, -13.34434068408773300 ) ) ;
#1248 = CARTESIAN_POINT ( 'NONE',  ( -5.723794024882622011, -3.799671038392665956, -1.249999999999999778 ) ) ;
#1249 = CARTESIAN_POINT ( 'NONE',  ( -3.507169191983609213, 2.151422335944864983, 5.193992981830502842 ) ) ;
#1250 = ORIENTED_EDGE ( 'NONE', *, *, #4083, .T. ) ;
#1251 = VECTOR ( 'NONE', #2912, 1000.000000000000114 ) ;
#1252 = CARTESIAN_POINT ( 'NONE',  ( -0.6250000000000000000, -1.082531754730549967, 0.2916666666666664631 ) ) ;
#1253 = CARTESIAN_POINT ( 'NONE',  ( 3.500000000000000444, -2.520903311279683479, 3.277507469530219986 ) ) ;
#1254 = CARTESIAN_POINT ( 'NONE',  ( -7.520000000000000462, 3.066111984555161510E-16, 5.450000000000000178 ) ) ;
#1255 = CARTESIAN_POINT ( 'NONE',  ( -7.620000000000000995, 5.489282243518027293, 2.496121392263697669E-15 ) ) ;
#1256 = VECTOR ( 'NONE', #871, 1000.000000000000000 ) ;
#1257 = ADVANCED_FACE ( 'NONE', ( #4458 ), #187, .T. ) ;
#1258 = CARTESIAN_POINT ( 'NONE',  ( -3.500000000000000444, -4.026611827144625622, -4.026611827144606082 ) ) ;
#1259 = EDGE_CURVE ( 'NONE', #2571, #2433, #4340, .T. ) ;
#1260 = ORIENTED_EDGE ( 'NONE', *, *, #2548, .F. ) ;
#1261 = CARTESIAN_POINT ( 'NONE',  ( -1.249999999999999556, -0.7216878364870319418, 1.052083334016129301 ) ) ;
#1262 = EDGE_LOOP ( 'NONE', ( #4869, #4991, #5523, #3701 ) ) ;
#1263 = VERTEX_POINT ( 'NONE', #2349 ) ;
#1264 = CARTESIAN_POINT ( 'NONE',  ( 3.416819805153393563, 3.134446499564897515, -3.134446499564897515 ) ) ;
#1265 = DIRECTION ( 'NONE',  ( -0.000000000000000000, -1.000000000000000000, -0.000000000000000000 ) ) ;
#1266 = DIRECTION ( 'NONE',  ( 0.000000000000000000, 0.000000000000000000, 1.000000000000000000 ) ) ;
#1267 = CARTESIAN_POINT ( 'NONE',  ( 3.499999999999999556, 4.100095583215971118, -0.5349999309723802998 ) ) ;
#1268 = CARTESIAN_POINT ( 'NONE',  ( -4.929455660371680814, -1.091555816606573304, -3.848737642350830601 ) ) ;
#1269 = CARTESIAN_POINT ( 'NONE',  ( -7.620000000000001883, 3.212807662054019353, 3.212807662054019353 ) ) ;
#1270 = VERTEX_POINT ( 'NONE', #4492 ) ;
#1271 = CIRCLE ( 'NONE', #1488, 9.599999999999999645 ) ;
#1272 = CARTESIAN_POINT ( 'NONE',  ( 0.000000000000000000, 0.000000000000000000, 2.500000000000000000 ) ) ;
#1273 = CARTESIAN_POINT ( 'NONE',  ( -3.898989356929963179, 1.347111479062088207E-15, -10.99999999999999822 ) ) ;
#1274 = CARTESIAN_POINT ( 'NONE',  ( -1.114683531249999637, -0.6435628368284300738, 1.192708333674730836 ) ) ;
#1275 = CIRCLE ( 'NONE', #4632, 8.799999999999997158 ) ;
#1276 = VECTOR ( 'NONE', #4697, 1000.000000000000000 ) ;
#1277 = CARTESIAN_POINT ( 'NONE',  ( -7.612830808016391337, -5.138464418413796864, 2.128421651878555920 ) ) ;
#1278 = CARTESIAN_POINT ( 'NONE',  ( 5.124246218721383528, 3.500000000000000000, 10.57382271838148746 ) ) ;
#1279 = EDGE_CURVE ( 'NONE', #233, #5031, #4041, .T. ) ;
#1280 = ORIENTED_EDGE ( 'NONE', *, *, #3669, .T. ) ;
#1281 = CARTESIAN_POINT ( 'NONE',  ( -20.57894581320645599, 0.000000000000000000, -4.424478658457749347 ) ) ;
#1282 = DIRECTION ( 'NONE',  ( 0.000000000000000000, 0.000000000000000000, -1.000000000000000000 ) ) ;
#1283 = CARTESIAN_POINT ( 'NONE',  ( -3.507169191983606993, 3.975310123934157502, -3.975310123934170381 ) ) ;
#1284 = EDGE_LOOP ( 'NONE', ( #5734, #216, #1647, #1082 ) ) ;
#1285 = CARTESIAN_POINT ( 'NONE',  ( -8.838126989374227166E-17, 1.443375672974063884, 1.437499999999998890 ) ) ;
#1286 = CARTESIAN_POINT ( 'NONE',  ( 3.500000000000001332, -1.058103268504852146, 3.994514553997745576 ) ) ;
#1287 = CARTESIAN_POINT ( 'NONE',  ( -7.612830808016391337, 0.000000000000000000, 5.420710678118655146 ) ) ;
#1288 = CARTESIAN_POINT ( 'NONE',  ( -7.619999999999999218, 5.103323571721348983, 2.113865836585282043 ) ) ;
#1289 = DIRECTION ( 'NONE',  ( 0.000000000000000000, 0.000000000000000000, -1.000000000000000000 ) ) ;
#1290 = CARTESIAN_POINT ( 'NONE',  ( -3.499999999999999556, 4.014408795367872429, 4.014408795367873317 ) ) ;
#1291 = ORIENTED_EDGE ( 'NONE', *, *, #3255, .F. ) ;
#1292 = CARTESIAN_POINT ( 'NONE',  ( 0.6250000000000000000, -1.082531754730548190, 1.614583334016129745 ) ) ;
#1293 = CARTESIAN_POINT ( 'NONE',  ( 2.364411504516379476E-16, -1.287125673656860148, 0.6718750003413990202 ) ) ;
#1294 = ORIENTED_EDGE ( 'NONE', *, *, #2601, .T. ) ;
#1295 = VERTEX_POINT ( 'NONE', #3634 ) ;
#1296 = CARTESIAN_POINT ( 'NONE',  ( 3.416819805153393563, 3.134446499564893074, 3.134446499564900623 ) ) ;
#1297 = CARTESIAN_POINT ( 'NONE',  ( -0.5573417656250000407, 0.9653442552426449996, 2.317708333674729726 ) ) ;
#1298 = CARTESIAN_POINT ( 'NONE',  ( -3.500000000000000444, 5.245077857901652152, -2.172582384445686188 ) ) ;
#1299 = DIRECTION ( 'NONE',  ( 0.000000000000000000, 0.000000000000000000, 1.000000000000000000 ) ) ;
#1300 = DIRECTION ( 'NONE',  ( 0.000000000000000000, 0.000000000000000000, 1.000000000000000000 ) ) ;
#1301 = CARTESIAN_POINT ( 'NONE',  ( -0.02371154333761777908, -1.208450466699801495, 2.287824125652655471 ) ) ;
#1302 = CARTESIAN_POINT ( 'NONE',  ( 3.500000000000000444, 4.878909776184769953E-16, 4.100000000000000533 ) ) ;
#1303 = FILL_AREA_STYLE ('',( #6647 ) ) ;
#1304 = AXIS2_PLACEMENT_3D ( 'NONE', #4288, #6890, #2118 ) ;
#1305 = EDGE_CURVE ( 'NONE', #6221, #1463, #3077, .T. ) ;
#1306 = CARTESIAN_POINT ( 'NONE',  ( -18.25000000000000000, 4.000000000000000000, 2.499999999999998668 ) ) ;
#1307 = CARTESIAN_POINT ( 'NONE',  ( 1.114683531250000526, -0.6435628368284300738, 1.276041667008064984 ) ) ;
#1308 = CARTESIAN_POINT ( 'NONE',  ( -7.536819805153397667, -2.139921993911723330, 5.166228700122148965 ) ) ;
#1309 = CARTESIAN_POINT ( 'NONE',  ( 3.492830808016392563, 4.465235006483868396, -1.045839938031948888E-15 ) ) ;
#1310 = ADVANCED_FACE ( 'NONE', ( #5001, #2335 ), #1565, .T. ) ;
#1311 = ORIENTED_EDGE ( 'NONE', *, *, #6249, .F. ) ;
#1312 = CARTESIAN_POINT ( 'NONE',  ( 2.511045454036534341, 1.126541299839214688E-15, 8.799999999999997158 ) ) ;
#1313 = EDGE_LOOP ( 'NONE', ( #623, #2969, #4109, #2131 ) ) ;
#1314 = AXIS2_PLACEMENT_3D ( 'NONE', #3460, #6110, #5454 ) ;
#1315 = CARTESIAN_POINT ( 'NONE',  ( -7.620000000000000107, -5.421010862427522170E-17, 4.100000000000000533 ) ) ;
#1316 = CARTESIAN_POINT ( 'NONE',  ( -3.500000000000000000, 5.229133828522950722, 2.165978151238146854 ) ) ;
#1317 = ORIENTED_EDGE ( 'NONE', *, *, #3741, .T. ) ;
#1318 = CARTESIAN_POINT ( 'NONE',  ( -1.249999999999999556, -0.7216878364870319418, 0.5208333333333342585 ) ) ;
#1319 = CARTESIAN_POINT ( 'NONE',  ( 3.499999999999999556, -3.572835999436641430, 2.076125246343696773 ) ) ;
#1320 = CARTESIAN_POINT ( 'NONE',  ( -6.810000000000000497, 4.898386515907493892E-16, -4.000000000000000000 ) ) ;
#1321 = CARTESIAN_POINT ( 'NONE',  ( -7.620000000000000107, 0.7046219455284298272, 5.383639610306789614 ) ) ;
#1322 = CARTESIAN_POINT ( 'NONE',  ( -5.559999999999999609, -9.600999999999999091, 0.000000000000000000 ) ) ;
#1323 = CARTESIAN_POINT ( 'NONE',  ( -3.500000000000001776, -2.165978151238155291, 5.229133828522948946 ) ) ;
#1324 = ORIENTED_EDGE ( 'NONE', *, *, #6321, .T. ) ;
#1325 = CARTESIAN_POINT ( 'NONE',  ( 1.250000000000000000, 1.530808498934190091E-16, 1.656250000682794932 ) ) ;
#1326 = CARTESIAN_POINT ( 'NONE',  ( -1.114683531249999637, 0.6435628368284300738, 2.401041667008062319 ) ) ;
#1327 = EDGE_LOOP ( 'NONE', ( #5139, #3089, #5941, #6410 ) ) ;
#1328 = VERTEX_POINT ( 'NONE', #3386 ) ;
#1329 = CARTESIAN_POINT ( 'NONE',  ( 3.500000000000000000, -3.199627467207412757, -3.199627467207417197 ) ) ;
#1330 = CARTESIAN_POINT ( 'NONE',  ( 0.5573417656250010399, -0.9653442552426449996, -0.3072916663252684977 ) ) ;
#1331 = CARTESIAN_POINT ( 'NONE',  ( -3.500000000000000444, -4.014408795367881311, -4.014408795367863547 ) ) ;
#1332 = CARTESIAN_POINT ( 'NONE',  ( 6.323636270852381891, 0.5000000000000000000, -11.92791110130234422 ) ) ;
#1333 = CARTESIAN_POINT ( 'NONE',  ( -1.249999999999999556, -0.7216878364870320528, 1.302083334016128635 ) ) ;
#1334 = CARTESIAN_POINT ( 'NONE',  ( -1.142596810497424231, -0.4763039005785428825, 2.258497177963159519 ) ) ;
#1335 = PLANE ( 'NONE',  #2962 ) ;
#1336 = CIRCLE ( 'NONE', #2237, 13.43000000000000149 ) ;
#1337 = B_SPLINE_CURVE_WITH_KNOTS ( 'NONE', 3,
 ( #517, #648, #2860, #2267, #3877, #271, #4543, #2438, #788, #2533, #6751, #4015, #883, #1945, #5191, #2957, #4573, #2922 ),
 .UNSPECIFIED., .F., .F.,
 ( 4, 2, 2, 2, 2, 2, 2, 2, 4 ),
 ( 0.000000000000000000, 0.06250000000000001388, 0.1250000000000000000, 0.1874999999999999722, 0.2499999999999999722, 0.3124999999999999445, 0.3749999999999999445, 0.4375000000000000000, 0.5000000000000000000 ),
 .UNSPECIFIED. ) ;
#1338 = CIRCLE ( 'NONE', #2792, 1.979999999999999982 ) ;
#1339 = CARTESIAN_POINT ( 'NONE',  ( 67.64425812963115447, -3.278100896384125829, 72.18376292854775045 ) ) ;
#1340 = CARTESIAN_POINT ( 'NONE',  ( -1.247781088913175962, -4.165504559340670266E-12, 2.248718911086835082 ) ) ;
#1341 = CARTESIAN_POINT ( 'NONE',  ( -0.5573417656250000407, 0.9653442552426449996, 1.130208333674731946 ) ) ;
#1342 = CARTESIAN_POINT ( 'NONE',  ( -7.536819805153395002, -5.166228700122149853, 2.139921993911702902 ) ) ;
#1343 = CARTESIAN_POINT ( 'NONE',  ( 3.492830808016391675, 6.505213034913026604E-16, 4.029289321881345920 ) ) ;
#1344 = ORIENTED_EDGE ( 'NONE', *, *, #5232, .T. ) ;
#1345 = FACE_OUTER_BOUND ( 'NONE', #4608, .T. ) ;
#1346 = EDGE_LOOP ( 'NONE', ( #1359, #5433, #300, #122 ) ) ;
#1347 = APPLICATION_CONTEXT ( 'automotive_design' ) ;
#1348 = VECTOR ( 'NONE', #128, 1000.000000000000000 ) ;
#1349 = CARTESIAN_POINT ( 'NONE',  ( -7.519999999999997797, 2.458186879899658894, 3.198667369592721244 ) ) ;
#1350 = ORIENTED_EDGE ( 'NONE', *, *, #6758, .F. ) ;
#1351 = AXIS2_PLACEMENT_3D ( 'NONE', #5610, #4473, #2859 ) ;
#1352 = CIRCLE ( 'NONE', #5256, 0.1799999999999996048 ) ;
#1353 = CARTESIAN_POINT ( 'NONE',  ( -7.619999999999999218, 2.520903311280845660, 3.277507469529059136 ) ) ;
#1354 = CYLINDRICAL_SURFACE ( 'NONE', #4380, 9.599999999999999645 ) ;
#1355 = CARTESIAN_POINT ( 'NONE',  ( -7.590710678118654187, -5.159432794547390344, -2.137107037654065955 ) ) ;
#1356 = SHAPE_REPRESENTATION ( 'PART 3 BEARING', ( #1443 ), #5686 ) ;
#1357 = CYLINDRICAL_SURFACE ( 'NONE', #3278, 9.597803391643314086 ) ;
#1358 = CARTESIAN_POINT ( 'NONE',  ( -3.500000000000000444, 0.000000000000000000, 5.516360389693211630 ) ) ;
#1359 = ORIENTED_EDGE ( 'NONE', *, *, #2609, .T. ) ;
#1360 = AXIS2_PLACEMENT_3D ( 'NONE', #5632, #6219, #776 ) ;
#1361 = CARTESIAN_POINT ( 'NONE',  ( 1.249999999999999556, 0.7216878364870319418, -0.5729166659838705877 ) ) ;
#1362 = CARTESIAN_POINT ( 'NONE',  ( 1.114683531249999637, 0.6435628368284300738, 1.817708333674732613 ) ) ;
#1363 = ORIENTED_EDGE ( 'NONE', *, *, #2868, .F. ) ;
#1364 = EDGE_CURVE ( 'NONE', #4332, #5684, #1603, .T. ) ;
#1365 = ORIENTED_EDGE ( 'NONE', *, *, #3861, .F. ) ;
#1366 = SURFACE_STYLE_FILL_AREA ( #6154 ) ;
#1367 = CARTESIAN_POINT ( 'NONE',  ( 2.364411504516379476E-16, -1.287125673656860148, -0.3281249996586012019 ) ) ;
#1368 = CARTESIAN_POINT ( 'NONE',  ( -3.500000000000000888, -4.026611827144630951, 4.026611827144603417 ) ) ;
#1369 = EDGE_CURVE ( 'NONE', #3488, #5233, #3347, .T. ) ;
#1370 = CARTESIAN_POINT ( 'NONE',  ( -1.250000000000000000, 0.000000000000000000, 1.500000000000000000 ) ) ;
#1371 = CARTESIAN_POINT ( 'NONE',  ( -0.8919068495783787354, 0.8757866016759878747, 0.9999999999975881515 ) ) ;
#1372 = CARTESIAN_POINT ( 'NONE',  ( -1.148182501533870692, -0.4636059789922044594, 2.258237722786216040 ) ) ;
#1373 = DIRECTION ( 'NONE',  ( 0.000000000000000000, 0.000000000000000000, 1.000000000000000000 ) ) ;
#1374 = APPLICATION_PROTOCOL_DEFINITION ( 'draft international standard', 'automotive_design', 1998, #1119 ) ;
#1375 = EDGE_CURVE ( 'NONE', #6875, #3450, #1770, .T. ) ;
#1376 = FACE_OUTER_BOUND ( 'NONE', #851, .T. ) ;
#1377 = AXIS2_PLACEMENT_3D ( 'NONE', #1386, #1844, #1916 ) ;
#1378 = CARTESIAN_POINT ( 'NONE',  ( 1.114683531250000081, 1.365093618607580186E-16, 0.5468750003413981320 ) ) ;
#1379 = CARTESIAN_POINT ( 'NONE',  ( -7.553639610306789542, -5.421010862427522170E-17, 5.450000000000000178 ) ) ;
#1380 = CARTESIAN_POINT ( 'NONE',  ( 3.470710678118654080, 7.589415207398531038E-16, 4.007169191983609657 ) ) ;
#1381 = ADVANCED_FACE ( 'NONE', ( #2888 ), #6487, .T. ) ;
#1382 = ORIENTED_EDGE ( 'NONE', *, *, #2826, .T. ) ;
#1383 = CARTESIAN_POINT ( 'NONE',  ( 1.164046703291612639, 0.1990179177141032651, 2.331520523459390315 ) ) ;
#1384 = B_SPLINE_CURVE_WITH_KNOTS ( 'NONE', 3,
 ( #3475, #6272, #5756, #4497, #4531, #963, #4035, #5599, #6052, #3098, #5229, #6644, #438, #1268, #3408, #1866, #5533, #743, #2425, #4561 ),
 .UNSPECIFIED., .F., .F.,
 ( 4, 2, 2, 2, 2, 2, 2, 2, 2, 4 ),
 ( 0.003932858143223240573, 0.004424334859510211521, 0.004915811575797183336, 0.005407288292084154284, 0.005653026650227641059, 0.005898765008371126967, 0.006390241724658097915, 0.006881718440945070597, 0.007373195157232041545, 0.007864671873519012493 ),
 .UNSPECIFIED. ) ;
#1385 = ORIENTED_EDGE ( 'NONE', *, *, #6449, .F. ) ;
#1386 = CARTESIAN_POINT ( 'NONE',  ( 0.000000000000000000, 0.000000000000000000, 0.000000000000000000 ) ) ;
#1387 = ORIENTED_EDGE ( 'NONE', *, *, #6423, .T. ) ;
#1388 = ADVANCED_FACE ( 'NONE', ( #2758 ), #2299, .T. ) ;
#1389 = DIRECTION ( 'NONE',  ( -0.000000000000000000, -1.000000000000000000, -0.000000000000000000 ) ) ;
#1390 = CARTESIAN_POINT ( 'NONE',  ( -1.249999999999999556, 0.7216878364870320528, 1.260416667349463893 ) ) ;
#1391 = CARTESIAN_POINT ( 'NONE',  ( -7.590710678118655075, 0.000000000000000000, 5.442830808016390520 ) ) ;
#1392 = CIRCLE ( 'NONE', #4861, 1.979999999999999982 ) ;
#1393 = EDGE_CURVE ( 'NONE', #6294, #6080, #6088, .T. ) ;
#1394 = DIRECTION ( 'NONE',  ( 0.000000000000000000, -1.000000000000000000, 0.000000000000000000 ) ) ;
#1395 = CARTESIAN_POINT ( 'NONE',  ( 0.000000000000000000, 0.000000000000000000, 0.000000000000000000 ) ) ;
#1396 = CARTESIAN_POINT ( 'NONE',  ( -3.500000000000000888, -5.677231363319084956, 2.305963915059378693E-14 ) ) ;
#1397 = ORIENTED_EDGE ( 'NONE', *, *, #5963, .T. ) ;
#1398 = CARTESIAN_POINT ( 'NONE',  ( 1.249999999999999556, 0.7216878364870319418, -0.3229166659838702547 ) ) ;
#1399 = CARTESIAN_POINT ( 'NONE',  ( -1.114683531249999637, 0.6435628368284300738, 1.151041667008064540 ) ) ;
#1400 = ORIENTED_EDGE ( 'NONE', *, *, #4707, .F. ) ;
#1401 = DIRECTION ( 'NONE',  ( 0.000000000000000000, 0.000000000000000000, 1.000000000000000000 ) ) ;
#1402 = CARTESIAN_POINT ( 'NONE',  ( 1.114683531250000081, 1.365093618607580186E-16, -0.2656249996586014794 ) ) ;
#1403 = CARTESIAN_POINT ( 'NONE',  ( -3.500000000000000000, 4.846167063089279026, 2.803424741683435251 ) ) ;
#1404 = CARTESIAN_POINT ( 'NONE',  ( 2.651010643070037087, 0.000000000000000000, 0.000000000000000000 ) ) ;
#1405 = CIRCLE ( 'NONE', #2318, 11.00000000000000000 ) ;
#1406 = CARTESIAN_POINT ( 'NONE',  ( -0.6250000000000000000, -1.082531754730549967, 1.322916667349464115 ) ) ;
#1407 = DIRECTION ( 'NONE',  ( -1.000000000000000000, 0.000000000000000000, 0.000000000000000000 ) ) ;
#1408 = ADVANCED_FACE ( 'NONE', ( #5442 ), #6506, .F. ) ;
#1409 = CARTESIAN_POINT ( 'NONE',  ( 0.000000000000000000, 0.000000000000000000, 0.000000000000000000 ) ) ;
#1410 = DIRECTION ( 'NONE',  ( 1.000000000000000000, 0.000000000000000000, 0.000000000000000000 ) ) ;
#1411 = EDGE_CURVE ( 'NONE', #1478, #6752, #1337, .T. ) ;
#1412 = CARTESIAN_POINT ( 'NONE',  ( -0.5573417656249990415, -0.9653442552426459988, 0.9635416670080649837 ) ) ;
#1413 = CARTESIAN_POINT ( 'NONE',  ( 1.114683531249999637, 0.6435628368284300738, 1.005208333674731058 ) ) ;
#1414 = ORIENTED_EDGE ( 'NONE', *, *, #746, .F. ) ;
#1415 = DIRECTION ( 'NONE',  ( -0.000000000000000000, 1.000000000000000000, -0.000000000000000000 ) ) ;
#1416 = PLANE ( 'NONE',  #3505 ) ;
#1417 = ORIENTED_EDGE ( 'NONE', *, *, #1226, .T. ) ;
#1418 = CARTESIAN_POINT ( 'NONE',  ( -7.620000000000000107, -5.421010862427522170E-17, 4.100000000000000533 ) ) ;
#1419 = CARTESIAN_POINT ( 'NONE',  ( -0.7472441672786229727, -0.4377512472490249773, 1.000000000000000000 ) ) ;
#1420 = DIRECTION ( 'NONE',  ( -0.000000000000000000, -1.000000000000000000, 0.000000000000000000 ) ) ;
#1421 = CARTESIAN_POINT ( 'NONE',  ( -7.612830808016392226, 0.7094738839595250424, 5.420710678118655146 ) ) ;
#1422 = CARTESIAN_POINT ( 'NONE',  ( -1.860000000000000098, 0.000000000000000000, 6.080000000000001847 ) ) ;
#1423 = CARTESIAN_POINT ( 'NONE',  ( 3.410000000000000142, 7.445852538815908762E-16, -6.080000000000000959 ) ) ;
#1424 = EDGE_LOOP ( 'NONE', ( #2469, #934, #2139, #1750, #511, #3519, #5885, #5347, #2890 ) ) ;
#1425 = LINE ( 'NONE', #5755, #31 ) ;
#1426 = ORIENTED_EDGE ( 'NONE', *, *, #4370, .T. ) ;
#1427 = CARTESIAN_POINT ( 'NONE',  ( 0.6250000000000000000, -1.082531754730548190, 0.6145833340161299674 ) ) ;
#1428 = CARTESIAN_POINT ( 'NONE',  ( -7.881371681721266152E-17, 1.287125673656860148, 1.359375000341396911 ) ) ;
#1429 = ORIENTED_EDGE ( 'NONE', *, *, #745, .F. ) ;
#1430 = CARTESIAN_POINT ( 'NONE',  ( 3.500000000000001332, -9.770687937529751289E-16, -4.543596168972990235 ) ) ;
#1431 = CARTESIAN_POINT ( 'NONE',  ( -0.5573417656250000407, 0.9653442552426449996, 2.067708333674729726 ) ) ;
#1432 = CARTESIAN_POINT ( 'NONE',  ( -3.500000000000000000, 4.444434912975503416, 3.404310685877033116 ) ) ;
#1433 = CARTESIAN_POINT ( 'NONE',  ( 18.25000000000000355, 4.000000000000000000, 0.000000000000000000 ) ) ;
#1434 = CARTESIAN_POINT ( 'NONE',  ( -5.888400942558343232, -5.312735388775903900, 1.217159765333318378 ) ) ;
#1435 = FACE_BOUND ( 'NONE', #6380, .T. ) ;
#1436 = VERTEX_POINT ( 'NONE', #3583 ) ;
#1437 =( BOUNDED_SURFACE ( )  B_SPLINE_SURFACE ( 1, 2, ( 
 ( #6320, #5874, #5348, #2177, #5841, #3258, #1048, #555, #4873, #4310, #77, #2212, #3785, #5388, #6466, #3326, #249, #6599, #4912, #4487, #1857, #1820, #3361, #3855, #5487, #6077, #1192, #2313, #111, #698, #1325, #3958, #1292, #3433, #5524, #2769, #6567, #5556, #735, #5975, #5457, #767, #2899, #662, #4947, #1227, #4518, #2803, #147, #5421, #4454, #1781, #5047, #2278, #3891, #3924, #6634, #624, #3398, #1261, #2376, #6005, #4980, #6042, #2247, #3993, #2871, #5015, #6114, #4384, #217, #2346, #183, #6499, #2839, #1717, #4423, #6532, #1751, #6213, #1427, #3033, #931, #3067, #1894, #2967, #6183, #3561, #4584, #342, #2414, #4027, #4552, #3530, #405, #2019, #6696, #3597, #6242, #376, #2513, #4056, #5655, #897, #4157, #5724, #4652, #2480, #5141, #6274, #5111, #1957, #1989, #5202, #1460, #5171, #6667, #863, #2546, #3465, #1927, #4685, #6791, #6763, #4120, #1398, #2997, #5586, #801, #2934, #5077, #4618, #6730, #282, #311, #4088, #6148, #1361, #3499, #5624, #828, #5688, #2448, #3044, #4634 ),
 ( #2106, #6361, #3153, #3718, #6744, #2632, #4100, #6254, #6287, #5768, #4768, #4696, #911, #5844, #5282, #1050, #978, #3608, #5181, #6879, #387, #1580, #5738, #1016, #1505, #1969, #3191, #5317, #3642, #4240, #3575, #5702, #2490, #942, #6222, #4731, #4664, #491, #2031, #3112, #2525, #6772, #1439, #1999, #2592, #5245, #452, #4132, #5214, #2066, #1472, #6800, #4170, #3079, #418, #2560, #1540, #6841, #4202, #6323, #3679, #5805, #3227, #6501, #2250, #3753, #1719, #4802, #3366, #597, #8, #4915, #525, #5913, #4386, #5876, #666, #1651, #1195, #1085, #3819, #6535, #6434, #2281, #1685, #5944, #4312, #2806, #4425, #149, #1753, #3328, #5352, #1618, #5459, #558, #4347, #2144, #2741, #2668, #3859, #5978, #4949, #626, #4278, #1157, #3894, #2772, #2703, #4844, #6007, #1230, #45, #2179, #3260, #6396, #3787, #1121, #5391, #6470, #3295, #4875, #79, #2215, #5425, #115, #1402, #3470, #1330, #1367, #3963, #5052, #6640, #701, #4556, #805, #6120, #832, #6155, #2382, #2939, #254, #2453, #2904, #5081 ) ),
 .UNSPECIFIED., .F., .F., .F. ) 
 B_SPLINE_SURFACE_WITH_KNOTS ( ( 2, 2 ),
 ( 3, 2, 2, 2, 2, 2, 2, 2, 2, 2, 2, 2, 2, 2, 2, 2, 2, 2, 2, 2, 2, 2, 2, 2, 2, 2, 2, 2, 2, 2, 2, 2, 2, 2, 2, 2, 2, 2, 2, 2, 2, 2, 2, 2, 2, 2, 2, 2, 2, 2, 2, 2, 2, 2, 2, 2, 2, 2, 2, 2, 2, 2, 2, 2, 2, 2, 2, 2, 2, 2, 2, 2, 3 ),
 ( 0.000000000000000000, 1.000000000000000000 ),
 ( 0.000000000000000000, 0.01388888888888890026, 0.02777777777777780052, 0.04166666666666665048, 0.05555555555555560104, 0.06944444444444450304, 0.08333333333333330095, 0.09722222222222219601, 0.1111111111111110078, 0.1250000000000000000, 0.1388888888888890061, 0.1527777777777780122, 0.1666666666666665186, 0.1805555555555554970, 0.1944444444444445030, 0.2083333333333335091, 0.2222222222222219878, 0.2361111111111110217, 0.2500000000000000000, 0.2638888888888890061, 0.2777777777777780122, 0.2916666666666665186, 0.3055555555555554692, 0.3194444444444444753, 0.3333333333333335369, 0.3472222222222220434, 0.3611111111111109939, 0.3750000000000000000, 0.3888888888888890061, 0.4027777777777780122, 0.4166666666666665186, 0.4305555555555554692, 0.4444444444444444753, 0.4583333333333329818, 0.4722222222222220434, 0.4861111111111109939, 0.5000000000000000000, 0.5138888888888889506, 0.5277777777777779011, 0.5416666666666670737, 0.5555555555555560243, 0.5694444444444440867, 0.5833333333333330373, 0.5972222222222219878, 0.6111111111111110494, 0.6250000000000000000, 0.6388888888888889506, 0.6527777777777779011, 0.6666666666666670737, 0.6805555555555560243, 0.6944444444444440867, 0.7083333333333330373, 0.7222222222222219878, 0.7361111111111110494, 0.7500000000000000000, 0.7638888888888889506, 0.7777777777777779011, 0.7916666666666670737, 0.8055555555555560243, 0.8194444444444450859, 0.8333333333333330373, 0.8472222222222219878, 0.8611111111111110494, 0.8750000000000000000, 0.8888888888888889506, 0.9027777777777779011, 0.9166666666666670737, 0.9305555555555560243, 0.9444444444444440867, 0.9583333333333330373, 0.9722222222222219878, 0.9861111111111110494, 1.000000000000000000 ),
 .UNSPECIFIED. ) 
 GEOMETRIC_REPRESENTATION_ITEM ( )  RATIONAL_B_SPLINE_SURFACE ( (
 ( 1.000000000000000000, 0.8660254037844389297, 1.000000000000000000, 0.8660254037844389297, 1.000000000000000000, 0.8660254037844389297, 1.000000000000000000, 0.8660254037844389297, 1.000000000000000000, 0.8660254037844389297, 1.000000000000000000, 0.8660254037844389297, 1.000000000000000000, 0.8660254037844389297, 1.000000000000000000, 0.8660254037844389297, 1.000000000000000000, 0.8660254037844389297, 1.000000000000000000, 0.8660254037844389297, 1.000000000000000000, 0.8660254037844389297, 1.000000000000000000, 0.8660254037844389297, 1.000000000000000000, 0.8660254037844389297, 1.000000000000000000, 0.8660254037844389297, 1.000000000000000000, 0.8660254037844389297, 1.000000000000000000, 0.8660254037844389297, 1.000000000000000000, 0.8660254037844389297, 1.000000000000000000, 0.8660254037844389297, 1.000000000000000000, 0.8660254037844389297, 1.000000000000000000, 0.8660254037844389297, 1.000000000000000000, 0.8660254037844389297, 1.000000000000000000, 0.8660254037844389297, 1.000000000000000000, 0.8660254037844389297, 1.000000000000000000, 0.8660254037844389297, 1.000000000000000000, 0.8660254037844389297, 1.000000000000000000, 0.8660254037844389297, 1.000000000000000000, 0.8660254037844389297, 1.000000000000000000, 0.8660254037844389297, 1.000000000000000000, 0.8660254037844389297, 1.000000000000000000, 0.8660254037844389297, 1.000000000000000000, 0.8660254037844389297, 1.000000000000000000, 0.8660254037844389297, 1.000000000000000000, 0.8660254037844389297, 1.000000000000000000, 0.8660254037844389297, 1.000000000000000000, 0.8660254037844389297, 1.000000000000000000, 0.8660254037844389297, 1.000000000000000000, 0.8660254037844389297, 1.000000000000000000, 0.8660254037844389297, 1.000000000000000000, 0.8660254037844389297, 1.000000000000000000, 0.8660254037844389297, 1.000000000000000000, 0.8660254037844389297, 1.000000000000000000, 0.8660254037844389297, 1.000000000000000000, 0.8660254037844389297, 1.000000000000000000, 0.8660254037844389297, 1.000000000000000000, 0.8660254037844389297, 1.000000000000000000, 0.8660254037844389297, 1.000000000000000000, 0.8660254037844389297, 1.000000000000000000, 0.8660254037844389297, 1.000000000000000000, 0.8660254037844389297, 1.000000000000000000, 0.8660254037844389297, 1.000000000000000000, 0.8660254037844389297, 1.000000000000000000, 0.8660254037844389297, 1.000000000000000000, 0.8660254037844389297, 1.000000000000000000, 0.8660254037844389297, 1.000000000000000000, 0.8660254037844389297, 1.000000000000000000, 0.8660254037844389297, 1.000000000000000000, 0.8660254037844389297, 1.000000000000000000, 0.8660254037844389297, 1.000000000000000000, 0.8660254037844389297, 1.000000000000000000, 0.8660254037844389297, 1.000000000000000000, 0.8660254037844389297, 1.000000000000000000, 0.8660254037844389297, 1.000000000000000000, 0.8660254037844389297, 1.000000000000000000, 0.8660254037844389297, 1.000000000000000000, 0.8660254037844389297, 1.000000000000000000, 0.8660254037844389297, 1.000000000000000000, 0.8660254037844389297, 1.000000000000000000, 0.8660254037844389297, 1.000000000000000000, 0.8660254037844389297, 1.000000000000000000, 0.8660254037844389297, 1.000000000000000000, 0.8660254037844389297, 1.000000000000000000, 0.8660254037844389297, 1.000000000000000000),
 ( 1.000000000000000000, 0.8660254037844389297, 1.000000000000000000, 0.8660254037844389297, 1.000000000000000000, 0.8660254037844389297, 1.000000000000000000, 0.8660254037844389297, 1.000000000000000000, 0.8660254037844389297, 1.000000000000000000, 0.8660254037844389297, 1.000000000000000000, 0.8660254037844389297, 1.000000000000000000, 0.8660254037844389297, 1.000000000000000000, 0.8660254037844389297, 1.000000000000000000, 0.8660254037844389297, 1.000000000000000000, 0.8660254037844389297, 1.000000000000000000, 0.8660254037844389297, 1.000000000000000000, 0.8660254037844389297, 1.000000000000000000, 0.8660254037844389297, 1.000000000000000000, 0.8660254037844389297, 1.000000000000000000, 0.8660254037844389297, 1.000000000000000000, 0.8660254037844389297, 1.000000000000000000, 0.8660254037844389297, 1.000000000000000000, 0.8660254037844389297, 1.000000000000000000, 0.8660254037844389297, 1.000000000000000000, 0.8660254037844389297, 1.000000000000000000, 0.8660254037844389297, 1.000000000000000000, 0.8660254037844389297, 1.000000000000000000, 0.8660254037844389297, 1.000000000000000000, 0.8660254037844389297, 1.000000000000000000, 0.8660254037844389297, 1.000000000000000000, 0.8660254037844389297, 1.000000000000000000, 0.8660254037844389297, 1.000000000000000000, 0.8660254037844389297, 1.000000000000000000, 0.8660254037844389297, 1.000000000000000000, 0.8660254037844389297, 1.000000000000000000, 0.8660254037844389297, 1.000000000000000000, 0.8660254037844389297, 1.000000000000000000, 0.8660254037844389297, 1.000000000000000000, 0.8660254037844389297, 1.000000000000000000, 0.8660254037844389297, 1.000000000000000000, 0.8660254037844389297, 1.000000000000000000, 0.8660254037844389297, 1.000000000000000000, 0.8660254037844389297, 1.000000000000000000, 0.8660254037844389297, 1.000000000000000000, 0.8660254037844389297, 1.000000000000000000, 0.8660254037844389297, 1.000000000000000000, 0.8660254037844389297, 1.000000000000000000, 0.8660254037844389297, 1.000000000000000000, 0.8660254037844389297, 1.000000000000000000, 0.8660254037844389297, 1.000000000000000000, 0.8660254037844389297, 1.000000000000000000, 0.8660254037844389297, 1.000000000000000000, 0.8660254037844389297, 1.000000000000000000, 0.8660254037844389297, 1.000000000000000000, 0.8660254037844389297, 1.000000000000000000, 0.8660254037844389297, 1.000000000000000000, 0.8660254037844389297, 1.000000000000000000, 0.8660254037844389297, 1.000000000000000000, 0.8660254037844389297, 1.000000000000000000, 0.8660254037844389297, 1.000000000000000000, 0.8660254037844389297, 1.000000000000000000, 0.8660254037844389297, 1.000000000000000000, 0.8660254037844389297, 1.000000000000000000, 0.8660254037844389297, 1.000000000000000000, 0.8660254037844389297, 1.000000000000000000, 0.8660254037844389297, 1.000000000000000000, 0.8660254037844389297, 1.000000000000000000, 0.8660254037844389297, 1.000000000000000000, 0.8660254037844389297, 1.000000000000000000, 0.8660254037844389297, 1.000000000000000000, 0.8660254037844389297, 1.000000000000000000, 0.8660254037844389297, 1.000000000000000000, 0.8660254037844389297, 1.000000000000000000, 0.8660254037844389297, 1.000000000000000000, 0.8660254037844389297, 1.000000000000000000, 0.8660254037844389297, 1.000000000000000000) ) ) 
 REPRESENTATION_ITEM ( '' )  SURFACE ( )  );
#1438 = APPLICATION_PROTOCOL_DEFINITION ( 'draft international standard', 'automotive_design', 1998, #3128 ) ;
#1439 = CARTESIAN_POINT ( 'NONE',  ( 1.114683531250000081, 1.365093618607580186E-16, 1.484375000341400019 ) ) ;
#1440 = DIRECTION ( 'NONE',  ( 0.000000000000000000, -0.000000000000000000, -1.000000000000000000 ) ) ;
#1441 = CARTESIAN_POINT ( 'NONE',  ( -1.249999999999999556, -0.7216878364870319418, 1.270833333333332593 ) ) ;
#1442 = CARTESIAN_POINT ( 'NONE',  ( 0.5573417656250000407, 0.9653442552426449996, 0.8385416670080649837 ) ) ;
#1443 = AXIS2_PLACEMENT_3D ( 'NONE', #408, #286, #2419 ) ;
#1444 = CARTESIAN_POINT ( 'NONE',  ( 1.114683531249999637, 0.6435628368284300738, 2.005208333674730170 ) ) ;
#1445 = ORIENTED_EDGE ( 'NONE', *, *, #5432, .T. ) ;
#1446 = CARTESIAN_POINT ( 'NONE',  ( -17.00886524340748096, 3.500000000000000000, 4.325457723291028955 ) ) ;
#1447 = CARTESIAN_POINT ( 'NONE',  ( 0.7472441672786229727, 0.4377512472490255324, 2.000000000000000000 ) ) ;
#1448 = STYLED_ITEM ( 'NONE', ( #4975 ), #2485 ) ;
#1449 = EDGE_LOOP ( 'NONE', ( #6568, #2466, #2737, #6552 ) ) ;
#1450 = ADVANCED_FACE ( 'NONE', ( #919 ), #1416, .F. ) ;
#1451 = CARTESIAN_POINT ( 'NONE',  ( 16.66334466764629596, 3.500000000000000000, -4.500042430453816245 ) ) ;
#1452 = CARTESIAN_POINT ( 'NONE',  ( 0.000000000000000000, 0.5000000000000000000, 0.000000000000000000 ) ) ;
#1453 = DIRECTION ( 'NONE',  ( 0.000000000000000000, 0.000000000000000000, -1.000000000000000000 ) ) ;
#1454 = LINE ( 'NONE', #3589, #2252 ) ;
#1455 = CARTESIAN_POINT ( 'NONE',  ( -5.472922920607778963, 3.500000000000000000, 10.39757672170063074 ) ) ;
#1456 = EDGE_LOOP ( 'NONE', ( #881, #4097 ) ) ;
#1457 = AXIS2_PLACEMENT_3D ( 'NONE', #5448, #759, #4938 ) ;
#1458 = DIRECTION ( 'NONE',  ( -0.000000000000000000, 1.000000000000000000, -0.000000000000000000 ) ) ;
#1459 = ORIENTED_EDGE ( 'NONE', *, *, #890, .F. ) ;
#1460 = CARTESIAN_POINT ( 'NONE',  ( 1.250000000000000000, 1.530808498934190091E-16, -0.09374999931720338908 ) ) ;
#1461 = CARTESIAN_POINT ( 'NONE',  ( -7.881371681721266152E-17, 1.287125673656860148, 0.1093750003413983957 ) ) ;
#1462 = AXIS2_PLACEMENT_3D ( 'NONE', #2161, #2790, #3773 ) ;
#1463 = VERTEX_POINT ( 'NONE', #394 ) ;
#1464 = CARTESIAN_POINT ( 'NONE',  ( -1.114683531249999415, -0.6435628368284300738, 1.880208333674729726 ) ) ;
#1465 = CARTESIAN_POINT ( 'NONE',  ( -1.249999999999999556, 0.7216878364870320528, 1.479166666666666075 ) ) ;
#1466 = SURFACE_STYLE_USAGE ( .BOTH. , #6354 ) ;
#1467 = VECTOR ( 'NONE', #3674, 1000.000000000000000 ) ;
#1468 = DIRECTION ( 'NONE',  ( 0.8849001882576207345, 0.000000000000000000, 0.4657806960594516599 ) ) ;
#1469 = PLANE ( 'NONE',  #5936 ) ;
#1470 = ORIENTED_EDGE ( 'NONE', *, *, #3255, .T. ) ;
#1471 = SHAPE_DEFINITION_REPRESENTATION ( #3266, #685 ) ;
#1472 = CARTESIAN_POINT ( 'NONE',  ( -0.5573417656250000407, 0.9653442552426449996, 1.317708333674732168 ) ) ;
#1473 = AXIS2_PLACEMENT_3D ( 'NONE', #5872, #1080, #1468 ) ;
#1474 = FACE_OUTER_BOUND ( 'NONE', #5094, .T. ) ;
#1475 = CARTESIAN_POINT ( 'NONE',  ( -0.6250000000000000000, 1.082531754730549967, 0.7083333333333329263 ) ) ;
#1476 = CARTESIAN_POINT ( 'NONE',  ( -0.5573417656249990415, -0.9653442552426459988, -0.03645833299193484978 ) ) ;
#1477 = CARTESIAN_POINT ( 'NONE',  ( -1.114683531249999637, -0.6435628368284300738, 1.630208333674730836 ) ) ;
#1478 = VERTEX_POINT ( 'NONE', #1315 ) ;
#1479 = CARTESIAN_POINT ( 'NONE',  ( -7.519999999999999574, 5.308151087842319704, -1.426525969758075663 ) ) ;
#1480 = CARTESIAN_POINT ( 'NONE',  ( -3.600000000000000089, 8.455601022002411665E-18, 5.450000000000000178 ) ) ;
#1481 = VECTOR ( 'NONE', #859, 1000.000000000000114 ) ;
#1482 = ORIENTED_EDGE ( 'NONE', *, *, #6303, .F. ) ;
#1483 = FACE_BOUND ( 'NONE', #3943, .T. ) ;
#1484 = PLANE ( 'NONE',  #6286 ) ;
#1485 = CARTESIAN_POINT ( 'NONE',  ( 3.500000000000000444, -1.626303258728256651E-16, -4.100000000000001421 ) ) ;
#1486 = CARTESIAN_POINT ( 'NONE',  ( -7.519999999999998685, 5.166228700122148965, 2.139921993911714448 ) ) ;
#1487 = ADVANCED_FACE ( 'NONE', ( #6621 ), #477, .F. ) ;
#1488 = AXIS2_PLACEMENT_3D ( 'NONE', #5146, #5595, #2877 ) ;
#1489 = VERTEX_POINT ( 'NONE', #3979 ) ;
#1490 = CARTESIAN_POINT ( 'NONE',  ( 0.000000000000000000, 0.000000000000000000, 2.500000000000000000 ) ) ;
#1491 = CARTESIAN_POINT ( 'NONE',  ( 18.25000000000000355, 0.000000000000000000, 0.000000000000000000 ) ) ;
#1492 = ADVANCED_FACE ( 'NONE', ( #1977 ), #2403, .T. ) ;
#1493 = VECTOR ( 'NONE', #5920, 1000.000000000000000 ) ;
#1494 = VECTOR ( 'NONE', #4960, 1000.000000000000000 ) ;
#1495 = CARTESIAN_POINT ( 'NONE',  ( -0.6250000000000000000, -1.082531754730549967, 1.791666666666665186 ) ) ;
#1496 = CARTESIAN_POINT ( 'NONE',  ( 1.114683531250000526, -0.6435628368284300738, 0.7760416670080655388 ) ) ;
#1497 = VERTEX_POINT ( 'NONE', #3520 ) ;
#1498 = CARTESIAN_POINT ( 'NONE',  ( -1.114683531250000081, 0.000000000000000000, 2.109375000341400241 ) ) ;
#1499 = DIRECTION ( 'NONE',  ( 0.000000000000000000, 0.000000000000000000, -1.000000000000000000 ) ) ;
#1500 = CARTESIAN_POINT ( 'NONE',  ( -3.499999999999999556, 7.047314121155778821E-16, -5.549999999999998934 ) ) ;
#1501 = CARTESIAN_POINT ( 'NONE',  ( 5.124223884905132920, 3.500000000000000000, -10.57378028792766855 ) ) ;
#1502 = DIRECTION ( 'NONE',  ( 0.000000000000000000, 0.000000000000000000, 1.000000000000000000 ) ) ;
#1503 = ORIENTED_EDGE ( 'NONE', *, *, #6386, .T. ) ;
#1504 = APPLICATION_PROTOCOL_DEFINITION ( 'draft international standard', 'automotive_design', 1998, #6692 ) ;
#1505 = CARTESIAN_POINT ( 'NONE',  ( -1.114683531250000081, 0.000000000000000000, 1.859375000341400019 ) ) ;
#1506 = CARTESIAN_POINT ( 'NONE',  ( -3.583180194846605993, 5.591885649938924452, 2.496121392263697669E-15 ) ) ;
#1507 = PLANE ( 'NONE',  #606 ) ;
#1508 = CARTESIAN_POINT ( 'NONE',  ( -1.247383799544304006, 0.07870403262291679469, 2.247257543562410032 ) ) ;
#1509 = CARTESIAN_POINT ( 'NONE',  ( -7.520000000000000462, -1.084202172485504434E-16, 4.000000000000000000 ) ) ;
#1510 = AXIS2_PLACEMENT_3D ( 'NONE', #4257, #6267, #6376 ) ;
#1511 = CARTESIAN_POINT ( 'NONE',  ( 1.114683531249999637, 0.6435628368284300738, 0.7552083336747319464 ) ) ;
#1512 = EDGE_LOOP ( 'NONE', ( #3840, #5627, #3321, #1917 ) ) ;
#1513 = CARTESIAN_POINT ( 'NONE',  ( 0.000000000000000000, 0.000000000000000000, 0.000000000000000000 ) ) ;
#1514 = CARTESIAN_POINT ( 'NONE',  ( 1.114683531249999415, -0.6435628368284300738, 2.026041667008062763 ) ) ;
#1515 = ORIENTED_EDGE ( 'NONE', *, *, #2906, .T. ) ;
#1516 = CARTESIAN_POINT ( 'NONE',  ( -6.652170611001099410, 0.6294578096307757997, -5.415636132880411679 ) ) ;
#1517 = EDGE_CURVE ( 'NONE', #3268, #961, #5067, .T. ) ;
#1518 = CARTESIAN_POINT ( 'NONE',  ( 18.25000000000000355, 0.000000000000000000, 0.000000000000000000 ) ) ;
#1519 = CARTESIAN_POINT ( 'NONE',  ( 3.400000000000000355, 2.449293598294706414E-16, -4.000000000000000000 ) ) ;
#1520 = CARTESIAN_POINT ( 'NONE',  ( 2.424800662311759404E-16, 0.000000000000000000, 4.778822509939087304 ) ) ;
#1521 = CARTESIAN_POINT ( 'NONE',  ( -7.553639610306792207, -5.591885649938929781, 2.274001740570571689E-14 ) ) ;
#1522 = CARTESIAN_POINT ( 'NONE',  ( -3.600000000000000977, 5.166228700122152517, -2.139921993911720222 ) ) ;
#1523 = ORIENTED_EDGE ( 'NONE', *, *, #4606, .F. ) ;
#1524 = CARTESIAN_POINT ( 'NONE',  ( -7.536819805153394114, 6.505213034913026604E-16, -5.450000000000000178 ) ) ;
#1525 = CYLINDRICAL_SURFACE ( 'NONE', #5775, 1.250000000000000000 ) ;
#1526 = CARTESIAN_POINT ( 'NONE',  ( 1.114683531250000081, 1.365093618607580186E-16, -0.2031249996586015072 ) ) ;
#1527 = ORIENTED_EDGE ( 'NONE', *, *, #636, .F. ) ;
#1528 = AXIS2_PLACEMENT_3D ( 'NONE', #1409, #321, #5212 ) ;
#1529 = SURFACE_STYLE_FILL_AREA ( #3745 ) ;
#1530 = CARTESIAN_POINT ( 'NONE',  ( -1.114683531250000081, 0.000000000000000000, 1.109375000341397799 ) ) ;
#1531 = ITEM_DEFINED_TRANSFORMATION ( 'NONE', 'NONE', #5330,  #1443 ) ;
#1532 = CARTESIAN_POINT ( 'NONE',  ( 6.288271248675203040, 0.000000000000000000, 11.94659297162485956 ) ) ;
#1533 = DIRECTION ( 'NONE',  ( -1.000000000000000000, -0.000000000000000000, -0.000000000000000000 ) ) ;
#1534 = AXIS2_PLACEMENT_3D ( 'NONE', #3778, #6348, #3139 ) ;
#1535 = CARTESIAN_POINT ( 'NONE',  ( 0.000000000000000000, -4.000000000000000000, 0.000000000000000000 ) ) ;
#1536 = DIRECTION ( 'NONE',  ( 0.000000000000000000, 0.000000000000000000, -1.000000000000000000 ) ) ;
#1537 = EDGE_LOOP ( 'NONE', ( #3632, #4263 ) ) ;
#1538 = CARTESIAN_POINT ( 'NONE',  ( -7.536819805153395890, -1.084202172485504434E-16, 4.000000000000000000 ) ) ;
#1539 = DIRECTION ( 'NONE',  ( -0.000000000000000000, -1.000000000000000000, -0.000000000000000000 ) ) ;
#1540 = CARTESIAN_POINT ( 'NONE',  ( 0.5573417656250010399, -0.9653442552426449996, 1.192708333674731946 ) ) ;
#1541 = CARTESIAN_POINT ( 'NONE',  ( -3.507169191983608769, 0.000000000000000000, 5.479289321881346098 ) ) ;
#1542 = CARTESIAN_POINT ( 'NONE',  ( -7.590710678118655075, 1.046688120581445780, 4.007169191983611434 ) ) ;
#1543 = CARTESIAN_POINT ( 'NONE',  ( 0.6250000000000000000, -1.082531754730548190, -0.4166666666666664631 ) ) ;
#1544 = CARTESIAN_POINT ( 'NONE',  ( 0.005481617016667239897, -0.8660080553175490969, 2.000000000000000000 ) ) ;
#1545 = CARTESIAN_POINT ( 'NONE',  ( 1.114683531250000526, -0.6435628368284300738, 1.213541667008064318 ) ) ;
#1546 = ORIENTED_EDGE ( 'NONE', *, *, #4624, .F. ) ;
#1547 = CARTESIAN_POINT ( 'NONE',  ( -7.519999999999999574, -3.963819624139313660E-16, -5.450000000000000178 ) ) ;
#1548 = CARTESIAN_POINT ( 'NONE',  ( -1.114683531249999415, 0.6435628368284300738, 2.151041667008062763 ) ) ;
#1549 = CARTESIAN_POINT ( 'NONE',  ( -1.250000000000000000, 0.000000000000000000, 1.781250000682794932 ) ) ;
#1550 = ORIENTED_EDGE ( 'NONE', *, *, #2289, .F. ) ;
#1551 = AXIS2_PLACEMENT_3D ( 'NONE', #1049, #5842, #1015 ) ;
#1552 = CARTESIAN_POINT ( 'NONE',  ( -4.343417964873914627, 0.3300911642825587466, -5.442088669159877767 ) ) ;
#1553 = DIRECTION ( 'NONE',  ( 0.000000000000000000, 0.000000000000000000, 1.000000000000000000 ) ) ;
#1554 = FACE_OUTER_BOUND ( 'NONE', #6284, .T. ) ;
#1555 = CARTESIAN_POINT ( 'NONE',  ( 5.124246218721383528, 4.000000000000000000, 10.57382271838148746 ) ) ;
#1556 = CARTESIAN_POINT ( 'NONE',  ( -7.536819805153395002, 3.954060262691558414, 3.954060262691561078 ) ) ;
#1557 = AXIS2_PLACEMENT_3D ( 'NONE', #4533, #158, #4397 ) ;
#1558 = CARTESIAN_POINT ( 'NONE',  ( -3.600000000000000533, 0.7133073313039072216, 5.450000000000000178 ) ) ;
#1559 = ORIENTED_EDGE ( 'NONE', *, *, #3445, .F. ) ;
#1560 = CARTESIAN_POINT ( 'NONE',  ( -7.553639610306790431, 7.589415207398531038E-16, -4.000000000000000000 ) ) ;
#1561 = CYLINDRICAL_SURFACE ( 'NONE', #2302, 13.50049772884731247 ) ;
#1562 = DIRECTION ( 'NONE',  ( 0.8628432422573810712, 0.5054716008746390488, 0.000000000000000000 ) ) ;
#1563 = CARTESIAN_POINT ( 'NONE',  ( -1.114683531249999637, -0.6435628368284300738, 0.9427083336747316133 ) ) ;
#1564 = ORIENTED_EDGE ( 'NONE', *, *, #1889, .F. ) ;
#1565 = PLANE ( 'NONE',  #5843 ) ;
#1566 = CONTEXT_DEPENDENT_SHAPE_REPRESENTATION ( #4698, #5249 ) ;
#1567 = VECTOR ( 'NONE', #727, 1000.000000000000000 ) ;
#1568 = PRODUCT_DEFINITION_SHAPE ( 'NONE', 'NONE',  #6893 ) ;
#1569 = CARTESIAN_POINT ( 'NONE',  ( 1.210805966562294778, 1.578534736742509326, 1.000000000000000000 ) ) ;
#1570 = PRESENTATION_STYLE_ASSIGNMENT (( #1466 ) ) ;
#1571 = DIRECTION ( 'NONE',  ( 0.000000000000000000, -0.000000000000000000, -1.000000000000000000 ) ) ;
#1572 = CARTESIAN_POINT ( 'NONE',  ( 0.000000000000000000, 0.000000000000000000, 2.246499999999999719 ) ) ;
#1573 = ORIENTED_EDGE ( 'NONE', *, *, #5106, .T. ) ;
#1574 = VECTOR ( 'NONE', #3319, 1000.000000000000000 ) ;
#1575 = ADVANCED_FACE ( 'NONE', ( #5673 ), #3054, .T. ) ;
#1576 = CIRCLE ( 'NONE', #5482, 4.778822509939087304 ) ;
#1577 = DIRECTION ( 'NONE',  ( -1.000000000000000000, -0.000000000000000000, -0.000000000000000000 ) ) ;
#1578 = DIRECTION ( 'NONE',  ( 0.000000000000000000, 0.000000000000000000, 1.000000000000000000 ) ) ;
#1579 = EDGE_CURVE ( 'NONE', #896, #6079, #2921, .T. ) ;
#1580 = CARTESIAN_POINT ( 'NONE',  ( 2.364411504516379476E-16, -1.287125673656860148, 1.921875000341400685 ) ) ;
#1581 = CARTESIAN_POINT ( 'NONE',  ( -3.507169191983609657, 5.621937491906765949, 2.379009313848706914E-15 ) ) ;
#1582 = CARTESIAN_POINT ( 'NONE',  ( 1.347111479062088405E-15, -4.000000000000000000, 11.00000000000000000 ) ) ;
#1583 = CARTESIAN_POINT ( 'NONE',  ( -1.250000000000000000, 0.000000000000000000, 0.2500000000000000000 ) ) ;
#1584 = CARTESIAN_POINT ( 'NONE',  ( -7.519999999999998685, 4.222162780531148185E-15, -4.432776750217549910 ) ) ;
#1585 = B_SPLINE_CURVE_WITH_KNOTS ( 'NONE', 3,
 ( #6831, #2059, #4196, #4591, #6314, #6704, #6247, #3602, #381, #5145, #5729, #1403, #1432, #411, #4064, #2554, #6737, #4691 ),
 .UNSPECIFIED., .F., .F.,
 ( 4, 2, 2, 2, 2, 2, 2, 2, 4 ),
 ( 0.5000000000000000000, 0.5625000000000000000, 0.6249999999999998890, 0.6874999999999998890, 0.7500000000000000000, 0.8125000000000000000, 0.8750000000000000000, 0.9375000000000000000, 1.000000000000000000 ),
 .UNSPECIFIED. ) ;
#1586 = CARTESIAN_POINT ( 'NONE',  ( 1.114683531250000081, 1.365093618607580186E-16, -0.5156249996586019790 ) ) ;
#1587 = ORIENTED_EDGE ( 'NONE', *, *, #796, .T. ) ;
#1588 = CIRCLE ( 'NONE', #461, 9.599999999999999645 ) ;
#1589 = DIRECTION ( 'NONE',  ( -0.000000000000000000, 1.000000000000000000, -0.000000000000000000 ) ) ;
#1590 = CARTESIAN_POINT ( 'NONE',  ( 0.5573417656250000407, 0.9653442552426449996, 1.838541667008064762 ) ) ;
#1591 = PLANE ( 'NONE',  #660 ) ;
#1592 = DIRECTION ( 'NONE',  ( -1.000000000000000000, -0.000000000000000000, -0.000000000000000000 ) ) ;
#1593 = CARTESIAN_POINT ( 'NONE',  ( -5.156554586562581477, 1.185917330055199947, -5.319504180123210801 ) ) ;
#1594 = ADVANCED_FACE ( 'NONE', ( #2988 ), #329, .F. ) ;
#1595 = CARTESIAN_POINT ( 'NONE',  ( -7.620000000000000107, 0.000000000000000000, 5.350000000000000533 ) ) ;
#1596 = CARTESIAN_POINT ( 'NONE',  ( 0.6250000000000000000, 1.082531754730549967, 1.947916667349465003 ) ) ;
#1597 = CARTESIAN_POINT ( 'NONE',  ( 0.000000000000000000, -0.5000000000000004441, 0.000000000000000000 ) ) ;
#1598 = CARTESIAN_POINT ( 'NONE',  ( -7.520000000000001350, -5.591885649938929781, 2.274001740570571689E-14 ) ) ;
#1599 = EDGE_CURVE ( 'NONE', #6221, #3396, #92, .T. ) ;
#1600 = CARTESIAN_POINT ( 'NONE',  ( -0.6491325863098248439, 0.9080977177511166953, 2.381816468750001192 ) ) ;
#1601 = ORIENTED_EDGE ( 'NONE', *, *, #1305, .F. ) ;
#1602 = CARTESIAN_POINT ( 'NONE',  ( 1.114683531250000526, -0.6435628368284300738, -0.2239583329919352106 ) ) ;
#1603 = CIRCLE ( 'NONE', #6722, 11.30000000000000071 ) ;
#1604 = DIRECTION ( 'NONE',  ( -1.000000000000000000, -0.000000000000000000, -0.000000000000000000 ) ) ;
#1605 = CARTESIAN_POINT ( 'NONE',  ( 1.114683531250000526, -0.6435628368284300738, 0.02604166700806518145 ) ) ;
#1606 = VERTEX_POINT ( 'NONE', #2116 ) ;
#1607 = AXIS2_PLACEMENT_3D ( 'NONE', #1404, #3536, #5631 ) ;
#1608 = EDGE_CURVE ( 'NONE', #6600, #656, #6371, .T. ) ;
#1609 = CARTESIAN_POINT ( 'NONE',  ( -0.5573417656250000407, 0.9653442552426449996, 2.317708333674729726 ) ) ;
#1610 = DIRECTION ( 'NONE',  ( -1.000000000000000000, -0.000000000000000000, -0.000000000000000000 ) ) ;
#1611 = AXIS2_PLACEMENT_3D ( 'NONE', #2714, #1626, #4852 ) ;
#1612 = AXIS2_PLACEMENT_3D ( 'NONE', #1938, #3010, #4636 ) ;
#1613 = FACE_OUTER_BOUND ( 'NONE', #313, .T. ) ;
#1614 = VECTOR ( 'NONE', #1562, 1000.000000000000227 ) ;
#1615 = ORIENTED_EDGE ( 'NONE', *, *, #3544, .F. ) ;
#1616 = DIRECTION ( 'NONE',  ( -0.000000000000000000, -0.000000000000000000, 1.000000000000000000 ) ) ;
#1617 = CARTESIAN_POINT ( 'NONE',  ( 3.400000000000000799, -3.495145553417031259, 2.014475921483598775 ) ) ;
#1618 = CARTESIAN_POINT ( 'NONE',  ( 2.364411504516379476E-16, -1.287125673656860148, 0.4218750003413979655 ) ) ;
#1619 = CARTESIAN_POINT ( 'NONE',  ( -3.583180194846607325, -2.139921993911704234, -5.166228700122157846 ) ) ;
#1620 = CARTESIAN_POINT ( 'NONE',  ( -7.553639610306790431, -1.044815499854968355, 3.999999999999997335 ) ) ;
#1621 = CARTESIAN_POINT ( 'NONE',  ( 1.249999999999999556, 0.7216878364870319418, -0.3541666666666663521 ) ) ;
#1622 = CARTESIAN_POINT ( 'NONE',  ( -7.519999999999996909, -6.494383187557600503E-15, -5.591885649938926228 ) ) ;
#1623 = CARTESIAN_POINT ( 'NONE',  ( -7.553639610306786878, -4.432776750217545469, 1.167854597469009555E-14 ) ) ;
#1624 = CARTESIAN_POINT ( 'NONE',  ( -0.5573417656250000407, 0.9653442552426449996, 0.5677083336747319464 ) ) ;
#1625 = ORIENTED_EDGE ( 'NONE', *, *, #4059, .F. ) ;
#1626 = DIRECTION ( 'NONE',  ( -0.000000000000000000, -1.000000000000000000, -0.000000000000000000 ) ) ;
#1627 = CARTESIAN_POINT ( 'NONE',  ( 0.5573417656250000407, 0.9653442552426449996, 2.088541667008065428 ) ) ;
#1628 =( BOUNDED_CURVE ( )  B_SPLINE_CURVE ( 2, ( #5366, #575, #1028, #2044, #1664, #3692, #3654 ),
 .UNSPECIFIED., .F., .T. ) 
 B_SPLINE_CURVE_WITH_KNOTS ( ( 3, 2, 2, 3 ),
 ( 0.4583333333333329818, 0.4722222222222220434, 0.4861111111111109939, 0.5000000000000000000 ),
 .UNSPECIFIED. ) 
 CURVE ( )  GEOMETRIC_REPRESENTATION_ITEM ( )  RATIONAL_B_SPLINE_CURVE ( ( 1.000000000000000000, 0.8660254037844389297, 1.000000000000000000, 0.8660254037844389297, 1.000000000000000000, 0.8660254037844389297, 1.000000000000000000 ) ) 
 REPRESENTATION_ITEM ( '' )  );
#1629 = CARTESIAN_POINT ( 'NONE',  ( 18.25000000000000355, 4.000000000000000000, 0.000000000000000000 ) ) ;
#1630 = DIRECTION ( 'NONE',  ( -0.000000000000000000, -1.000000000000000000, -0.000000000000000000 ) ) ;
#1631 = CARTESIAN_POINT ( 'NONE',  ( 3.400000000000001688, 1.046991537437120812, 3.895890706673261761 ) ) ;
#1632 = CARTESIAN_POINT ( 'NONE',  ( -7.620000000000000107, 3.881508698238502308, 3.881508698238504529 ) ) ;
#1633 = CARTESIAN_POINT ( 'NONE',  ( 3.416819805153395340, 4.432776750217553463, -1.045839938031948888E-15 ) ) ;
#1634 = CARTESIAN_POINT ( 'NONE',  ( 20.57884467417692065, 0.000000000000000000, 4.424531894286416467 ) ) ;
#1635 = CARTESIAN_POINT ( 'NONE',  ( -5.396569911429138777, -5.304714883949937843, -1.250000000000000222 ) ) ;
#1636 = CARTESIAN_POINT ( 'NONE',  ( -3.583180194846605549, -3.954060262691568628, -3.954060262691548644 ) ) ;
#1637 = EDGE_LOOP ( 'NONE', ( #3529, #3085, #3992, #87, #1515, #1808 ) ) ;
#1638 = CARTESIAN_POINT ( 'NONE',  ( 1.250000000000001776, -0.7216878364870319418, 2.354166666666665186 ) ) ;
#1639 = SURFACE_STYLE_FILL_AREA ( #1143 ) ;
#1640 = CARTESIAN_POINT ( 'NONE',  ( 0.6250000000000000000, -1.082531754730548190, 1.833333333333334814 ) ) ;
#1641 = CARTESIAN_POINT ( 'NONE',  ( -7.620000000000001883, 5.071435512963946124, -2.100657370170221139 ) ) ;
#1642 = CLOSED_SHELL ( 'NONE', ( #1408, #3192, #6223, #3346, #577, #1575, #1933, #20, #637, #5603, #1790, #6558, #6352, #5597, #1884, #6529, #2606, #3789, #2740, #3628, #6864, #2332 ) ) ;
#1643 = VERTEX_POINT ( 'NONE', #4673 ) ;
#1644 = CARTESIAN_POINT ( 'NONE',  ( -0.6250000000000000000, -1.082531754730549967, 1.572916667349465225 ) ) ;
#1645 = B_SPLINE_SURFACE_WITH_KNOTS ( 'NONE', 5, 3, ( 
 ( #4858, #27, #4362, #5367, #4930, #3732, #1066, #3207, #4404, #2821, #2721 ),
 ( #5332, #539, #576, #2229, #4327, #2159, #6453, #1633, #3771, #5893, #4893 ),
 ( #1665, #5407, #3804, #5926, #613, #97, #6485, #5570, #3516, #5126, #267 ),
 ( #1380, #4471, #784, #5030, #1766, #5093, #4438, #1911, #816, #4998, #2917 ),
 ( #1343, #6681, #2296, #6550, #720, #4504, #3483, #1309, #5063, #3416, #751 ),
 ( #2885, #2397, #3974, #4044, #3909, #5639, #232, #5608, #6024, #2953, #299 ),
 ( #2432, #2359, #6614, #201, #4538, #6060, #4568, #1244, #3382, #5505, #6166 ),
 ( #1839, #6092, #845, #2983, #2331, #3449, #1873, #6651, #2857, #6584, #1802 ) ),
 .UNSPECIFIED., .F., .T., .F.,
 ( 6, 2, 6 ),
 ( 4, 1, 1, 1, 1, 1, 1, 1, 4 ),
 ( 0.000000000000000000, 0.5000000000000000000, 1.000000000000000000 ),
 ( -3.141592653589793116, -2.356194490192344837, -1.570796326794896558, -0.7853981633974482790, 0.000000000000000000, 0.7853981633974482790, 1.570796326794896558, 2.356194490192344837, 3.141592653589793116 ),
 .UNSPECIFIED. ) ;
#1646 = DIRECTION ( 'NONE',  ( -1.000000000000000000, -0.000000000000000000, -0.000000000000000000 ) ) ;
#1647 = ORIENTED_EDGE ( 'NONE', *, *, #1059, .T. ) ;
#1648 = FACE_OUTER_BOUND ( 'NONE', #5759, .T. ) ;
#1649 = VECTOR ( 'NONE', #6564, 1000.000000000000000 ) ;
#1650 = CARTESIAN_POINT ( 'NONE',  ( -0.005481617016667309286, 0.8660080553175490969, 2.000000000000000000 ) ) ;
#1651 = CARTESIAN_POINT ( 'NONE',  ( 1.114683531249999637, 0.6435628368284300738, 0.7552083336747319464 ) ) ;
#1652 = CARTESIAN_POINT ( 'NONE',  ( -7.612830808016394002, -3.157397952676304076, -3.157397952676304076 ) ) ;
#1653 = CARTESIAN_POINT ( 'NONE',  ( 1.250000000000001776, -0.7216878364870319418, 0.1041666666666668378 ) ) ;
#1654 = CARTESIAN_POINT ( 'NONE',  ( -7.520000000000000462, 0.7133073313039072216, 5.450000000000000178 ) ) ;
#1655 = CARTESIAN_POINT ( 'NONE',  ( -7.590710678118654187, 3.140064361744329346, 3.140064361744329346 ) ) ;
#1656 = CARTESIAN_POINT ( 'NONE',  ( 1.114683531250000081, 1.365093618607580186E-16, -0.2656249996586014794 ) ) ;
#1657 = ORIENTED_EDGE ( 'NONE', *, *, #4579, .T. ) ;
#1658 = LINE ( 'NONE', #674, #717 ) ;
#1659 = CARTESIAN_POINT ( 'NONE',  ( -0.5573417656249990415, -0.9653442552426459988, 1.713541667008064984 ) ) ;
#1660 = DIRECTION ( 'NONE',  ( -1.000000000000000000, -0.000000000000000000, -0.000000000000000000 ) ) ;
#1661 = ORIENTED_EDGE ( 'NONE', *, *, #6479, .T. ) ;
#1662 = CARTESIAN_POINT ( 'NONE',  ( 3.400000000000000799, 3.495145553417031259, 2.014475921483597887 ) ) ;
#1663 = B_SPLINE_CURVE_WITH_KNOTS ( 'NONE', 3,
 ( #6478, #159, #3763, #88, #6444, #5326, #4398, #5853, #532, #3866, #6510, #2749, #1168, #635, #2675, #17, #2153, #5886, #3795, #1095 ),
 .UNSPECIFIED., .F., .F.,
 ( 4, 2, 2, 2, 2, 2, 2, 2, 2, 4 ),
 ( 2.677670717661243594E-19, 0.0004901444115972660104, 0.0009802888231945318040, 0.001470433234791797055, 0.001960577646389062741, 0.002205649852187696776, 0.002450722057986329944, 0.002940866469583598448, 0.003431010881180866952, 0.003921155292778135022 ),
 .UNSPECIFIED. ) ;
#1664 = CARTESIAN_POINT ( 'NONE',  ( -0.6250000000000000000, -1.082531754730549967, 1.041666666666666075 ) ) ;
#1665 = CARTESIAN_POINT ( 'NONE',  ( 3.433639610306789880, 7.589415207398531038E-16, 4.000000000000000888 ) ) ;
#1666 = CYLINDRICAL_SURFACE ( 'NONE', #2808, 4.500000000000000888 ) ;
#1667 = EDGE_CURVE ( 'NONE', #5325, #1643, #902, .T. ) ;
#1668 = EDGE_CURVE ( 'NONE', #2623, #2433, #1132, .T. ) ;
#1669 = CARTESIAN_POINT ( 'NONE',  ( -3.583180194846605104, 5.166228700122151629, 2.139921993911715337 ) ) ;
#1670 = ORIENTED_EDGE ( 'NONE', *, *, #4075, .F. ) ;
#1671 = EDGE_CURVE ( 'NONE', #5578, #2337, #797, .T. ) ;
#1672 = CARTESIAN_POINT ( 'NONE',  ( -0.5573417656249990415, -0.9653442552426459988, -0.2864583329919349608 ) ) ;
#1673 = VECTOR ( 'NONE', #4162, 1000.000000000000114 ) ;
#1674 = SURFACE_STYLE_USAGE ( .BOTH. , #3703 ) ;
#1675 =( GEOMETRIC_REPRESENTATION_CONTEXT ( 3 ) GLOBAL_UNCERTAINTY_ASSIGNED_CONTEXT ( ( #6536 ) ) GLOBAL_UNIT_ASSIGNED_CONTEXT ( ( #6427, #5760, #4193 ) ) REPRESENTATION_CONTEXT ( 'NONE', 'WORKASPACE' ) );
#1676 = DIRECTION ( 'NONE',  ( -1.000000000000000000, -0.000000000000000000, -0.000000000000000000 ) ) ;
#1677 = FACE_OUTER_BOUND ( 'NONE', #766, .T. ) ;
#1678 = ORIENTED_EDGE ( 'NONE', *, *, #634, .F. ) ;
#1679 = DIRECTION ( 'NONE',  ( 1.000000000000000000, 0.000000000000000000, 0.000000000000000000 ) ) ;
#1680 =( LENGTH_UNIT ( ) NAMED_UNIT ( * ) SI_UNIT ( .MILLI., .METRE. ) );
#1681 =( LENGTH_UNIT ( ) NAMED_UNIT ( * ) SI_UNIT ( .MILLI., .METRE. ) );
#1682 = ORIENTED_EDGE ( 'NONE', *, *, #6308, .T. ) ;
#1683 = CYLINDRICAL_SURFACE ( 'NONE', #1037, 9.599999999999999645 ) ;
#1684 = DIRECTION ( 'NONE',  ( -0.000000000000000000, 1.000000000000000000, -0.000000000000000000 ) ) ;
#1685 = CARTESIAN_POINT ( 'NONE',  ( -1.114683531250000081, 0.000000000000000000, 0.6093750003413980210 ) ) ;
#1686 = CARTESIAN_POINT ( 'NONE',  ( -7.620000000000000107, 4.543596168972992011, 1.470207187019964132E-15 ) ) ;
#1687 = EDGE_CURVE ( 'NONE', #4180, #2290, #3656, .T. ) ;
#1688 = VECTOR ( 'NONE', #3919, 1000.000000000000000 ) ;
#1689 = CARTESIAN_POINT ( 'NONE',  ( 3.500000000000000000, 3.277372294450064949, -2.520768136199748710 ) ) ;
#1690 = CARTESIAN_POINT ( 'NONE',  ( 1.098508302835906614, -0.4247813819604217001, 2.318826885066171073 ) ) ;
#1691 = CARTESIAN_POINT ( 'NONE',  ( -7.620000000000000995, 3.741458551688220835E-15, -4.506316948359409658 ) ) ;
#1692 = CARTESIAN_POINT ( 'NONE',  ( 1.114683531249999637, 0.6435628368284300738, 0.5052083336747317244 ) ) ;
#1693 = ORIENTED_EDGE ( 'NONE', *, *, #5339, .F. ) ;
#1694 = DIRECTION ( 'NONE',  ( 0.000000000000000000, 0.000000000000000000, -1.000000000000000000 ) ) ;
#1695 = CARTESIAN_POINT ( 'NONE',  ( -0.5573417656249990415, -0.9653442552426459988, 1.213541667008064096 ) ) ;
#1696 = CARTESIAN_POINT ( 'NONE',  ( 0.000000000000000000, 0.000000000000000000, 8.799999999999998934 ) ) ;
#1697 = ORIENTED_EDGE ( 'NONE', *, *, #2609, .F. ) ;
#1698 = CARTESIAN_POINT ( 'NONE',  ( 1.114683531250000526, -0.6435628368284300738, 1.776041667008062541 ) ) ;
#1699 = CIRCLE ( 'NONE', #3489, 6.080000000000000959 ) ;
#1700 = CARTESIAN_POINT ( 'NONE',  ( -7.620000000000000995, -2.113865836585272273, -5.103323571721356089 ) ) ;
#1701 = CARTESIAN_POINT ( 'NONE',  ( -1.250000000000000000, 0.000000000000000000, 2.031250000682795154 ) ) ;
#1702 = CARTESIAN_POINT ( 'NONE',  ( -0.5992833840297780990, 0.9398823333086900877, 2.381816468750005189 ) ) ;
#1703 = DIRECTION ( 'NONE',  ( -0.000000000000000000, -1.000000000000000000, -0.000000000000000000 ) ) ;
#1704 = VECTOR ( 'NONE', #5720, 1000.000000000000000 ) ;
#1705 = CARTESIAN_POINT ( 'NONE',  ( -3.499999999999999112, -6.677626466124525408E-15, -5.659973670278339419 ) ) ;
#1706 = ORIENTED_EDGE ( 'NONE', *, *, #4885, .F. ) ;
#1707 = CARTESIAN_POINT ( 'NONE',  ( 0.5573417656250010399, -0.9653442552426449996, -0.2447916663252685254 ) ) ;
#1708 =( REPRESENTATION_RELATIONSHIP ('NONE','NONE', #728, #1177 ) REPRESENTATION_RELATIONSHIP_WITH_TRANSFORMATION ( #975 )SHAPE_REPRESENTATION_RELATIONSHIP( ) );
#1709 = CARTESIAN_POINT ( 'NONE',  ( 6.288271248675203040, 4.000000000000000000, 11.94659297162485956 ) ) ;
#1710 = CARTESIAN_POINT ( 'NONE',  ( -1.758954545963466343, 0.000000000000000000, 0.000000000000000000 ) ) ;
#1711 = DIRECTION ( 'NONE',  ( 0.000000000000000000, 0.000000000000000000, 1.000000000000000000 ) ) ;
#1712 = CARTESIAN_POINT ( 'NONE',  ( -7.620000000000001883, -0.7002191233900735279, 5.350000000000000533 ) ) ;
#1713 = ORIENTED_EDGE ( 'NONE', *, *, #3001, .T. ) ;
#1714 = PRESENTATION_STYLE_ASSIGNMENT (( #177 ) ) ;
#1715 = EDGE_CURVE ( 'NONE', #5640, #5951, #695, .T. ) ;
#1716 = ORIENTED_EDGE ( 'NONE', *, *, #2208, .F. ) ;
#1717 = CARTESIAN_POINT ( 'NONE',  ( -8.838126989374227166E-17, 1.443375672974063884, 0.7187500006827970411 ) ) ;
#1718 = CARTESIAN_POINT ( 'NONE',  ( 3.470710678118654524, 4.440721607103248481, -1.220146594370607069E-15 ) ) ;
#1719 = CARTESIAN_POINT ( 'NONE',  ( 1.114683531250000081, 1.365093618607580186E-16, 0.9843750003413979099 ) ) ;
#1720 = PRODUCT_DEFINITION_CONTEXT ( 'detailed design', #3621, 'design' ) ;
#1721 = VECTOR ( 'NONE', #2555, 1000.000000000000000 ) ;
#1722 = CARTESIAN_POINT ( 'NONE',  ( -7.620000000000000107, -2.168404344971008868E-16, 4.083180194846605104 ) ) ;
#1723 = CARTESIAN_POINT ( 'NONE',  ( 3.500000000000000444, 4.878909776184769953E-16, 4.100000000000000533 ) ) ;
#1724 = CARTESIAN_POINT ( 'NONE',  ( 0.8919262139934848177, -0.7840433130983793797, 2.309544155534182686 ) ) ;
#1725 = CARTESIAN_POINT ( 'NONE',  ( -7.612830808016390449, 4.036281400256191976E-15, -4.465235006483863955 ) ) ;
#1726 = VECTOR ( 'NONE', #1729, 999.9999999999998863 ) ;
#1727 = ORIENTED_EDGE ( 'NONE', *, *, #5136, .T. ) ;
#1728 =( LENGTH_UNIT ( ) NAMED_UNIT ( * ) SI_UNIT ( .MILLI., .METRE. ) );
#1729 = DIRECTION ( 'NONE',  ( -0.006329626120334542333, 0.9999799677159423306, 0.000000000000000000 ) ) ;
#1730 = CARTESIAN_POINT ( 'NONE',  ( 0.000000000000000000, 0.000000000000000000, 0.000000000000000000 ) ) ;
#1731 = CARTESIAN_POINT ( 'NONE',  ( -3.600000000000000089, -5.421010862427522170E-17, 5.450000000000000178 ) ) ;
#1732 = CARTESIAN_POINT ( 'NONE',  ( -1.114683531250000081, 0.000000000000000000, 1.421875000341397799 ) ) ;
#1733 = CARTESIAN_POINT ( 'NONE',  ( -7.612830808016392226, 2.128421651878572352, 5.138464418413794199 ) ) ;
#1734 = CARTESIAN_POINT ( 'NONE',  ( -1.250000000000003109, 0.7216878364870329410, 2.010416667349465669 ) ) ;
#1735 = CARTESIAN_POINT ( 'NONE',  ( -1.250000000000000000, 0.000000000000000000, 1.000000000000000000 ) ) ;
#1736 = PRODUCT_RELATED_PRODUCT_CATEGORY ( 'part', '', ( #5870 ) ) ;
#1737 = CARTESIAN_POINT ( 'NONE',  ( -6.191534048954392411, -3.848889478914119255, 1.091034250482341150 ) ) ;
#1738 = EDGE_CURVE ( 'NONE', #5372, #4872, #2343, .T. ) ;
#1739 = CARTESIAN_POINT ( 'NONE',  ( -3.566360389693211896, -5.591885649938928005, 2.265286405596187656E-14 ) ) ;
#1740 = ORIENTED_EDGE ( 'NONE', *, *, #2231, .T. ) ;
#1741 = AXIS2_PLACEMENT_3D ( 'NONE', #3935, #2256, #4393 ) ;
#1742 = CARTESIAN_POINT ( 'NONE',  ( 2.651438096812269876E-16, -1.443375672974063884, 1.812499999999999334 ) ) ;
#1743 = DIRECTION ( 'NONE',  ( 0.000000000000000000, -1.000000000000000000, 0.000000000000000000 ) ) ;
#1744 = CARTESIAN_POINT ( 'NONE',  ( -17.00886524340747386, 3.500000000000000000, -4.325457723291027179 ) ) ;
#1745 = CARTESIAN_POINT ( 'NONE',  ( -3.308954545963465943, 0.000000000000000000, 8.799999999999998934 ) ) ;
#1746 = CARTESIAN_POINT ( 'NONE',  ( -7.619999999999998330, -5.087379542342638672, -2.107261603377768910 ) ) ;
#1747 = CARTESIAN_POINT ( 'NONE',  ( 0.000000000000000000, 0.000000000000000000, 0.000000000000000000 ) ) ;
#1748 = FACE_BOUND ( 'NONE', #1537, .T. ) ;
#1749 = CARTESIAN_POINT ( 'NONE',  ( -3.529289321881345920, -5.599241485126964513, 2.209086670946166926E-14 ) ) ;
#1750 = ORIENTED_EDGE ( 'NONE', *, *, #2627, .F. ) ;
#1751 = CARTESIAN_POINT ( 'NONE',  ( 1.250000000000000000, 1.530808498934190091E-16, 0.6562500006827970411 ) ) ;
#1752 = CARTESIAN_POINT ( 'NONE',  ( 3.400000000000001243, -7.142475014960772473E-16, -4.432776750217551687 ) ) ;
#1753 = CARTESIAN_POINT ( 'NONE',  ( 1.114683531250000081, 1.365093618607580186E-16, 0.4843750003413980210 ) ) ;
#1754 = STYLED_ITEM ( 'NONE', ( #1073 ), #4138 ) ;
#1755 = CARTESIAN_POINT ( 'NONE',  ( 1.249999999999999556, -0.7216878364870320528, 2.135416667349463893 ) ) ;
#1756 = CARTESIAN_POINT ( 'NONE',  ( -7.619999999999996554, -4.524956558666195505, 1.220146594370606753E-14 ) ) ;
#1757 = CARTESIAN_POINT ( 'NONE',  ( -3.600000000000000977, -1.426525969758080770, 5.308151087842322369 ) ) ;
#1758 = CARTESIAN_POINT ( 'NONE',  ( 0.2464056214296304059, -1.177896784164025101, 2.293755685541218448 ) ) ;
#1759 = LINE ( 'NONE', #3900, #850 ) ;
#1760 = ORIENTED_EDGE ( 'NONE', *, *, #6711, .F. ) ;
#1761 = CYLINDRICAL_SURFACE ( 'NONE', #2052, 5.450000000000000178 ) ;
#1762 = CYLINDRICAL_SURFACE ( 'NONE', #6406, 1.250000000000000000 ) ;
#1763 = CARTESIAN_POINT ( 'NONE',  ( -3.600000000000000977, 5.591885649938924452, 2.496121392263697669E-15 ) ) ;
#1764 = CARTESIAN_POINT ( 'NONE',  ( 1.114683531249999637, 0.6435628368284300738, 2.317708333674733279 ) ) ;
#1765 = CARTESIAN_POINT ( 'NONE',  ( -7.553639610306789542, 2.139921993911719333, 5.166228700122148076 ) ) ;
#1766 = CARTESIAN_POINT ( 'NONE',  ( 3.470710678118653636, -3.140064361744326682, -3.140064361744332011 ) ) ;
#1767 = ORIENTED_EDGE ( 'NONE', *, *, #6405, .F. ) ;
#1768 = CARTESIAN_POINT ( 'NONE',  ( -4.560917858499195177, -5.396791808195047224, 0.7685584693909806031 ) ) ;
#1769 = EDGE_CURVE ( 'NONE', #3546, #2523, #6528, .T. ) ;
#1770 = LINE ( 'NONE', #3709, #2495 ) ;
#1771 = CARTESIAN_POINT ( 'NONE',  ( -3.529289321881345920, -5.421010862427522170E-17, 5.457169191983608947 ) ) ;
#1772 = ORIENTED_EDGE ( 'NONE', *, *, #1393, .F. ) ;
#1773 = CARTESIAN_POINT ( 'NONE',  ( -0.6250000000000000000, -1.082531754730549967, 0.5416666666666670737 ) ) ;
#1774 = DIRECTION ( 'NONE',  ( 0.000000000000000000, 1.000000000000000000, -0.000000000000000000 ) ) ;
#1775 = CARTESIAN_POINT ( 'NONE',  ( 2.511045454036534341, 0.000000000000000000, -8.799999999999997158 ) ) ;
#1776 = CARTESIAN_POINT ( 'NONE',  ( -6.287533182812741650, 4.000000000000000000, 11.94698143472400886 ) ) ;
#1777 = CARTESIAN_POINT ( 'NONE',  ( 0.000000000000000000, 0.000000000000000000, 0.000000000000000000 ) ) ;
#1778 = CARTESIAN_POINT ( 'NONE',  ( -3.500000000000000444, -5.245077857901653040, 2.172582384445667980 ) ) ;
#1779 = CONICAL_SURFACE ( 'NONE', #3348, 8.799999999999998934, 1.397040855456441966 ) ;
#1780 = ORIENTED_EDGE ( 'NONE', *, *, #6472, .T. ) ;
#1781 = CARTESIAN_POINT ( 'NONE',  ( -8.838126989374227166E-17, 1.443375672974063884, 1.218750000682796486 ) ) ;
#1782 = ORIENTED_EDGE ( 'NONE', *, *, #1517, .F. ) ;
#1783 = EDGE_LOOP ( 'NONE', ( #4489, #4486, #4907, #6099, #1716 ) ) ;
#1784 = CARTESIAN_POINT ( 'NONE',  ( 3.492830808016391675, 6.505213034913026604E-16, 4.029289321881345920 ) ) ;
#1785 = PRODUCT_DEFINITION_CONTEXT ( 'detailed design', #6735, 'design' ) ;
#1787 = CARTESIAN_POINT ( 'NONE',  ( -0.04852462375858937471, -1.147813902806405162, 1.000000000000000444 ) ) ;
#1786 =( GEOMETRIC_REPRESENTATION_CONTEXT ( 3 ) GLOBAL_UNCERTAINTY_ASSIGNED_CONTEXT ( ( #4950 ) ) GLOBAL_UNIT_ASSIGNED_CONTEXT ( ( #3427, #3393, #4339 ) ) REPRESENTATION_CONTEXT ( 'NONE', 'WORKASPACE' ) );
#1788 = DIRECTION ( 'NONE',  ( 0.000000000000000000, 1.000000000000000000, -0.000000000000000000 ) ) ;
#1789 = CARTESIAN_POINT ( 'NONE',  ( -7.620000000000002771, -3.212807662054036673, 3.212807662054002478 ) ) ;
#1790 = ADVANCED_FACE ( 'NONE', ( #5484 ), #5521, .F. ) ;
#1791 = CYLINDRICAL_SURFACE ( 'NONE', #5265, 1.250000000000000000 ) ;
#1792 = CARTESIAN_POINT ( 'NONE',  ( -0.9495554137130709504, -0.7869815112066544938, 2.266235013077453786 ) ) ;
#1793 = CARTESIAN_POINT ( 'NONE',  ( -7.620000000000000107, -1.070935887351342819, 4.099999999999997868 ) ) ;
#1794 = EDGE_LOOP ( 'NONE', ( #3715, #1876, #2987, #4965 ) ) ;
#1795 = ADVANCED_FACE ( 'NONE', ( #3429 ), #659, .F. ) ;
#1796 =( NAMED_UNIT ( * ) SI_UNIT ( $, .STERADIAN. ) SOLID_ANGLE_UNIT ( ) );
#1797 = AXIS2_PLACEMENT_3D ( 'NONE', #6474, #5462, #3334 ) ;
#1798 = FACE_OUTER_BOUND ( 'NONE', #1262, .T. ) ;
#1799 = CARTESIAN_POINT ( 'NONE',  ( -3.600000000000000533, -3.954060262691568628, -3.954060262691548644 ) ) ;
#1800 = CARTESIAN_POINT ( 'NONE',  ( 1.114683531250000526, -0.6435628368284300738, 1.526041667008062763 ) ) ;
#1801 = CARTESIAN_POINT ( 'NONE',  ( -7.620000000000000995, 5.523797629599510373, 3.048999343850746968E-15 ) ) ;
#1802 = CARTESIAN_POINT ( 'NONE',  ( 3.500000000000000888, 6.505213034913026604E-16, 4.100000000000000533 ) ) ;
#1803 = VECTOR ( 'NONE', #2266, 1000.000000000000000 ) ;
#1804 = ORIENTED_EDGE ( 'NONE', *, *, #3669, .F. ) ;
#1805 = CARTESIAN_POINT ( 'NONE',  ( -3.808989356929962433, 1.175391920242159397E-15, -9.597803391643314086 ) ) ;
#1806 = CARTESIAN_POINT ( 'NONE',  ( -6.650772982468169836, -3.952671669523778242, -0.6323769462539159392 ) ) ;
#1807 = CARTESIAN_POINT ( 'NONE',  ( -3.507169191983608769, 2.151422335944883635, -5.193992981830495737 ) ) ;
#1808 = ORIENTED_EDGE ( 'NONE', *, *, #945, .T. ) ;
#1809 = AXIS2_PLACEMENT_3D ( 'NONE', #4462, #3407, #3862 ) ;
#1810 = CARTESIAN_POINT ( 'NONE',  ( 2.651438096812269876E-16, -1.443375672974063884, 0.8125000000000005551 ) ) ;
#1811 = CARTESIAN_POINT ( 'NONE',  ( 2.651010643070037087, 0.000000000000000000, 0.000000000000000000 ) ) ;
#1812 = CARTESIAN_POINT ( 'NONE',  ( 0.000000000000000000, 4.898587196589412829E-16, -4.000000000000000000 ) ) ;
#1813 = CARTESIAN_POINT ( 'NONE',  ( -7.590710678118655963, 0.7123690125513508775, 5.442830808016390520 ) ) ;
#1814 =( NAMED_UNIT ( * ) SI_UNIT ( $, .STERADIAN. ) SOLID_ANGLE_UNIT ( ) );
#1815 = AXIS2_PLACEMENT_3D ( 'NONE', #895, #4650, #4188 ) ;
#1816 = ADVANCED_FACE ( 'NONE', ( #279 ), #5010, .F. ) ;
#1817 = DIRECTION ( 'NONE',  ( -0.1728824826746871712, 0.000000000000000000, 0.9849424588189080731 ) ) ;
#1818 = CARTESIAN_POINT ( 'NONE',  ( -3.500000000000001332, -2.172582384445668868, -5.245077857901659257 ) ) ;
#1819 = EDGE_LOOP ( 'NONE', ( #3498, #3417, #5526, #1153 ) ) ;
#1820 = CARTESIAN_POINT ( 'NONE',  ( 2.651438096812269876E-16, -1.443375672974063884, 1.843750000682798262 ) ) ;
#1821 = CARTESIAN_POINT ( 'NONE',  ( -1.114683531249999637, -0.6435628368284300738, -0.3697916663252683867 ) ) ;
#1822 = VERTEX_POINT ( 'NONE', #4484 ) ;
#1823 = EDGE_CURVE ( 'NONE', #480, #2872, #5553, .T. ) ;
#1824 = ORIENTED_EDGE ( 'NONE', *, *, #3650, .T. ) ;
#1825 = CARTESIAN_POINT ( 'NONE',  ( 3.492830808016390787, 3.157397952676301411, -3.157397952676301411 ) ) ;
#1826 = CARTESIAN_POINT ( 'NONE',  ( -1.114683531250000081, 0.000000000000000000, 2.359375000341399797 ) ) ;
#1827 = CARTESIAN_POINT ( 'NONE',  ( -3.499999999999999556, 4.014408795367872429, 4.014408795367873317 ) ) ;
#1828 = CARTESIAN_POINT ( 'NONE',  ( -18.25000000000000000, 0.000000000000000000, 0.000000000000000000 ) ) ;
#1829 = ADVANCED_FACE ( 'NONE', ( #3324 ), #2373, .T. ) ;
#1830 = CARTESIAN_POINT ( 'NONE',  ( 3.499999999999999556, 2.520903311279626191, -3.277507469529941986 ) ) ;
#1831 = DIRECTION ( 'NONE',  ( 0.000000000000000000, 1.000000000000000000, -0.000000000000000000 ) ) ;
#1832 = CARTESIAN_POINT ( 'NONE',  ( -7.620000000000000107, 1.062149090786938865, 4.066360389693213229 ) ) ;
#1833 = STYLED_ITEM ( 'NONE', ( #3748 ), #6461 ) ;
#1834 = DIRECTION ( 'NONE',  ( 0.000000000000000000, 0.000000000000000000, 1.000000000000000000 ) ) ;
#1835 = CARTESIAN_POINT ( 'NONE',  ( -0.5573417656249990415, -0.9653442552426459988, 1.963541667008065206 ) ) ;
#1836 = VECTOR ( 'NONE', #6750, 1000.000000000000000 ) ;
#1837 = AXIS2_PLACEMENT_3D ( 'NONE', #6224, #4534, #1440 ) ;
#1838 = CARTESIAN_POINT ( 'NONE',  ( -7.536819805153395002, 5.166228700122148965, 2.139921993911714448 ) ) ;
#1839 = CARTESIAN_POINT ( 'NONE',  ( 3.500000000000000888, 6.505213034913026604E-16, 4.100000000000000533 ) ) ;
#1840 = VERTEX_POINT ( 'NONE', #732 ) ;
#1841 = CARTESIAN_POINT ( 'NONE',  ( 1.168534264386303922, 1.431041746574693826E-16, 2.327965735613704901 ) ) ;
#1842 = ORIENTED_EDGE ( 'NONE', *, *, #5424, .F. ) ;
#1843 =( REPRESENTATION_RELATIONSHIP ('NONE','NONE', #6877, #1356 ) REPRESENTATION_RELATIONSHIP_WITH_TRANSFORMATION ( #3184 )SHAPE_REPRESENTATION_RELATIONSHIP( ) );
#1844 = DIRECTION ( 'NONE',  ( -1.000000000000000000, -0.000000000000000000, -0.000000000000000000 ) ) ;
#1845 = CARTESIAN_POINT ( 'NONE',  ( -3.529289321881347252, -2.142736950169374044, -5.173024605696909362 ) ) ;
#1846 = EDGE_LOOP ( 'NONE', ( #6319, #6762, #5242, #107, #135, #3301, #466, #6181, #3069, #4026, #4681, #6669, #181, #2418, #3750 ) ) ;
#1847 = CARTESIAN_POINT ( 'NONE',  ( -1.249999999999999556, 0.7216878364870319418, 1.229166666666666075 ) ) ;
#1848 = CARTESIAN_POINT ( 'NONE',  ( 3.500000000000000444, -3.572668520434615136, -2.076055874271811152 ) ) ;
#1849 = DIRECTION ( 'NONE',  ( 0.000000000000000000, 0.000000000000000000, -1.000000000000000000 ) ) ;
#1850 = CARTESIAN_POINT ( 'NONE',  ( -7.553639610306789542, -5.421010862427522170E-17, 5.450000000000000178 ) ) ;
#1851 = DIRECTION ( 'NONE',  ( -0.3939572814174826521, -0.3267348088975816633, 0.8590937231017390374 ) ) ;
#1852 =( BOUNDED_CURVE ( )  B_SPLINE_CURVE ( 2, ( #1148, #5871, #109, #3815, #1644, #1079, #6463 ),
 .UNSPECIFIED., .F., .T. ) 
 B_SPLINE_CURVE_WITH_KNOTS ( ( 3, 2, 2, 3 ),
 ( 0.2083333333333335091, 0.2222222222222224874, 0.2361111111111110217, 0.2500000000000000000 ),
 .UNSPECIFIED. ) 
 CURVE ( )  GEOMETRIC_REPRESENTATION_ITEM ( )  RATIONAL_B_SPLINE_CURVE ( ( 1.000000000000000000, 0.8660254037844389297, 1.000000000000000000, 0.8660254037844389297, 1.000000000000000000, 0.8660254037844389297, 1.000000000000000000 ) ) 
 REPRESENTATION_ITEM ( '' )  );
#1853 = CARTESIAN_POINT ( 'NONE',  ( -3.500000000000000444, 5.677231363319083179, 2.741239695922980674E-15 ) ) ;
#1854 = VECTOR ( 'NONE', #4219, 1000.000000000000000 ) ;
#1855 = VERTEX_POINT ( 'NONE', #1891 ) ;
#1856 = MANIFOLD_SOLID_BREP ( 'Cut-Extrude26', #2529 ) ;
#1857 = CARTESIAN_POINT ( 'NONE',  ( 0.6250000000000000000, -1.082531754730548190, 1.864583334016129745 ) ) ;
#1858 = CARTESIAN_POINT ( 'NONE',  ( 1.114683531250000081, 1.365093618607580186E-16, 2.046875000341400241 ) ) ;
#1859 = EDGE_LOOP ( 'NONE', ( #5904, #5588, #2211, #5919 ) ) ;
#1860 = ORIENTED_EDGE ( 'NONE', *, *, #5713, .F. ) ;
#1861 = CARTESIAN_POINT ( 'NONE',  ( 3.470710678118654080, 7.589415207398531038E-16, 4.007169191983609657 ) ) ;
#1862 = CARTESIAN_POINT ( 'NONE',  ( -7.620000000000000107, 2.702309657249192476, -4.671358064004869526 ) ) ;
#1863 = DIRECTION ( 'NONE',  ( -0.000000000000000000, -1.000000000000000000, -0.000000000000000000 ) ) ;
#1864 = CARTESIAN_POINT ( 'NONE',  ( -18.25000000000000000, 4.000000000000000000, 0.000000000000000000 ) ) ;
#1865 = CARTESIAN_POINT ( 'NONE',  ( -6.559689365257293403, -5.396877445424893338, -0.7681284757034334554 ) ) ;
#1866 = CARTESIAN_POINT ( 'NONE',  ( -4.561794462786821214, -0.7696361249615664146, -3.927015735750194914 ) ) ;
#1867 = DIRECTION ( 'NONE',  ( 0.000000000000000000, 1.000000000000000000, 0.000000000000000000 ) ) ;
#1868 = PRODUCT_DEFINITION ( 'UNKNOWN', '', #95, #5490 ) ;
#1869 = DIRECTION ( 'NONE',  ( 0.9123507013817376832, -0.02570947921959013116, 0.4086015422958025889 ) ) ;
#1870 = DIRECTION ( 'NONE',  ( 0.000000000000000000, 0.000000000000000000, 1.000000000000000000 ) ) ;
#1871 = CARTESIAN_POINT ( 'NONE',  ( -1.114683531250000081, 0.000000000000000000, 0.4218750003413985206 ) ) ;
#1872 = CARTESIAN_POINT ( 'NONE',  ( -7.536819805153395002, 3.954060262691558414, 3.954060262691561078 ) ) ;
#1873 = CARTESIAN_POINT ( 'NONE',  ( 3.500000000000000000, 3.212807662054020241, -3.212807662054020241 ) ) ;
#1874 = ORIENTED_EDGE ( 'NONE', *, *, #6844, .T. ) ;
#1875 = FACE_OUTER_BOUND ( 'NONE', #6431, .T. ) ;
#1876 = ORIENTED_EDGE ( 'NONE', *, *, #4065, .F. ) ;
#1877 = VECTOR ( 'NONE', #5710, 1000.000000000000000 ) ;
#1878 = CARTESIAN_POINT ( 'NONE',  ( 0.000000000000000000, 0.000000000000000000, 0.000000000000000000 ) ) ;
#1879 = AXIS2_PLACEMENT_3D ( 'NONE', #964, #2093, #5340 ) ;
#1880 = CARTESIAN_POINT ( 'NONE',  ( -3.500000000000000888, -0.7219927170793840610, 5.516360389693211630 ) ) ;
#1881 = EDGE_LOOP ( 'NONE', ( #4029, #521 ) ) ;
#1882 = CARTESIAN_POINT ( 'NONE',  ( -1.250000000000000000, 0.000000000000000000, 1.750000000000000000 ) ) ;
#1883 = B_SPLINE_CURVE_WITH_KNOTS ( 'NONE', 3,
 ( #546, #5338, #4828, #2165, #4300, #1036, #5788, #6422, #999, #13, #2638, #5810, #5217, #4773, #2565, #6292, #5850, #983, #2036, #2149, #423, #3118 ),
 .UNSPECIFIED., .F., .F.,
 ( 4, 2, 2, 2, 2, 2, 2, 2, 2, 2, 4 ),
 ( 8.411980865571757911E-20, 0.0004916072679029045295, 0.0009832145358058088421, 0.001474821803708712938, 0.001966429071611617251, 0.002212232705563070816, 0.002458036339514523948, 0.002949643607417431080, 0.003195447241368883345, 0.003441250875320336043, 0.003932858143223240573 ),
 .UNSPECIFIED. ) ;
#1884 = ADVANCED_FACE ( 'NONE', ( #5198, #1748 ), #960, .T. ) ;
#1885 = CARTESIAN_POINT ( 'NONE',  ( 0.000000000000000000, 4.000000000000000000, 0.000000000000000000 ) ) ;
#1886 = CARTESIAN_POINT ( 'NONE',  ( 0.000000000000000000, 1.175393416428758969E-15, -9.597815608934052278 ) ) ;
#1887 = CARTESIAN_POINT ( 'NONE',  ( -7.612830808016394002, -2.128421651878556808, -5.138464418413803081 ) ) ;
#1888 = ADVANCED_FACE ( 'NONE', ( #435 ), #3028, .T. ) ;
#1889 = EDGE_CURVE ( 'NONE', #2872, #5188, #2940, .T. ) ;
#1890 = ADVANCED_FACE ( 'NONE', ( #6725 ), #4053, .F. ) ;
#1891 = CARTESIAN_POINT ( 'NONE',  ( 1.250000000000000000, 1.530808498934190091E-16, 2.156250000682795154 ) ) ;
#1892 = CARTESIAN_POINT ( 'NONE',  ( -3.500000000000000444, 0.000000000000000000, 5.516360389693211630 ) ) ;
#1893 = ORIENTED_EDGE ( 'NONE', *, *, #4277, .F. ) ;
#1894 = CARTESIAN_POINT ( 'NONE',  ( -1.250000000000000000, 0.000000000000000000, 0.5312500006827970411 ) ) ;
#1895 = CARTESIAN_POINT ( 'NONE',  ( -0.5573417656250000407, 0.9653442552426449996, 1.130208333674731946 ) ) ;
#1896 = ORIENTED_EDGE ( 'NONE', *, *, #236, .F. ) ;
#1897 = ORIENTED_EDGE ( 'NONE', *, *, #1608, .T. ) ;
#1898 = CONTEXT_DEPENDENT_SHAPE_REPRESENTATION ( #6126, #4760 ) ;
#1899 = EDGE_CURVE ( 'NONE', #1978, #3313, #892, .T. ) ;
#1900 = CARTESIAN_POINT ( 'NONE',  ( -0.6062125237620846763, -1.015422175236128766, 0.9999999999999997780 ) ) ;
#1901 = CARTESIAN_POINT ( 'NONE',  ( -3.500000000000000000, 5.245077857901651264, 2.172582384445680415 ) ) ;
#1902 = DIRECTION ( 'NONE',  ( 0.000000000000000000, 0.000000000000000000, 1.000000000000000000 ) ) ;
#1903 = CARTESIAN_POINT ( 'NONE',  ( -6.776842103379354221, -5.442148838762096652, 0.3290737049055579289 ) ) ;
#1904 = CARTESIAN_POINT ( 'NONE',  ( -1.166242662271786301, -0.4217325217261745363, 2.257393384820035376 ) ) ;
#1905 = LINE ( 'NONE', #2945, #3868 ) ;
#1906 = CARTESIAN_POINT ( 'NONE',  ( 33.75524495492626897, 8.998380195960411498, -39.19755087906649749 ) ) ;
#1907 = EDGE_CURVE ( 'NONE', #3325, #1840, #5226, .T. ) ;
#1908 = DIRECTION ( 'NONE',  ( 0.000000000000000000, 0.000000000000000000, 1.000000000000000000 ) ) ;
#1909 = CARTESIAN_POINT ( 'NONE',  ( -0.5573417656250000407, 0.9653442552426449996, -0.1197916663252679981 ) ) ;
#1910 = CARTESIAN_POINT ( 'NONE',  ( -7.553639610306789542, -2.139921993911723330, 5.166228700122148965 ) ) ;
#1911 = CARTESIAN_POINT ( 'NONE',  ( 3.470710678118654524, 4.440721607103248481, -1.220146594370607069E-15 ) ) ;
#1912 = ORIENTED_EDGE ( 'NONE', *, *, #3115, .F. ) ;
#1913 = CARTESIAN_POINT ( 'NONE',  ( 0.3753516159882506198, 1.091053335931145618, 2.358551054859281848 ) ) ;
#1914 = EDGE_CURVE ( 'NONE', #1915, #1128, #4714, .T. ) ;
#1915 = VERTEX_POINT ( 'NONE', #6821 ) ;
#1916 = DIRECTION ( 'NONE',  ( 0.000000000000000000, 0.000000000000000000, 1.000000000000000000 ) ) ;
#1917 = ORIENTED_EDGE ( 'NONE', *, *, #1175, .F. ) ;
#1918 = AXIS2_PLACEMENT_3D ( 'NONE', #1115, #3219, #4232 ) ;
#1919 = VECTOR ( 'NONE', #4051, 1000.000000000000000 ) ;
#1920 = DIRECTION ( 'NONE',  ( -1.000000000000000000, 0.000000000000000000, -0.000000000000000000 ) ) ;
#1921 = CARTESIAN_POINT ( 'NONE',  ( 6.288271248675203040, 0.5000000000000000000, 11.94659297162485956 ) ) ;
#1922 = CARTESIAN_POINT ( 'NONE',  ( -7.620000000000001883, -0.7046219455284291611, 5.383639610306790502 ) ) ;
#1923 = CARTESIAN_POINT ( 'NONE',  ( 2.511045454036534341, 0.000000000000000000, 0.000000000000000000 ) ) ;
#1924 = CARTESIAN_POINT ( 'NONE',  ( -3.499999999999999556, -5.245077857901644158, -2.172582384445700843 ) ) ;
#1925 = EDGE_CURVE ( 'NONE', #6404, #171, #2509, .T. ) ;
#1926 = ORIENTED_EDGE ( 'NONE', *, *, #4075, .T. ) ;
#1927 = CARTESIAN_POINT ( 'NONE',  ( -1.250000000000000000, 0.000000000000000000, -0.2187499993172035140 ) ) ;
#1928 = CARTESIAN_POINT ( 'NONE',  ( 0.5573417656250010399, -0.9653442552426449996, 1.755208333674730170 ) ) ;
#1929 = ORIENTED_EDGE ( 'NONE', *, *, #5848, .T. ) ;
#1930 = ORIENTED_EDGE ( 'NONE', *, *, #3853, .T. ) ;
#1931 = CARTESIAN_POINT ( 'NONE',  ( 3.500000000000000000, 3.212807662054020241, -3.212807662054020241 ) ) ;
#1932 = CARTESIAN_POINT ( 'NONE',  ( -7.620000000000000995, 4.671540549956293198, -2.702385245404173020 ) ) ;
#1933 = ADVANCED_FACE ( 'NONE', ( #4152 ), #1357, .F. ) ;
#1934 = CARTESIAN_POINT ( 'NONE',  ( -0.9964999999999999414, 0.000000000000000000, 2.500000000000000000 ) ) ;
#1935 = DIRECTION ( 'NONE',  ( 0.000000000000000000, 0.000000000000000000, 1.000000000000000000 ) ) ;
#1936 = CARTESIAN_POINT ( 'NONE',  ( -1.250000000000002442, 0.5111021762269801760, 1.016495751731393948 ) ) ;
#1937 = CARTESIAN_POINT ( 'NONE',  ( 1.289384503919179137, 1.444400672974063937, 1.000000000000000000 ) ) ;
#1938 = CARTESIAN_POINT ( 'NONE',  ( -3.410000000000000142, 0.000000000000000000, 0.000000000000000000 ) ) ;
#1939 = AXIS2_PLACEMENT_3D ( 'NONE', #4799, #4237, #6358 ) ;
#1940 = CARTESIAN_POINT ( 'NONE',  ( -7.881371681721266152E-17, 1.287125673656860148, 0.6093750003413982430 ) ) ;
#1941 = CARTESIAN_POINT ( 'NONE',  ( -1.114683531250000081, 0.000000000000000000, 1.109375000341397799 ) ) ;
#1942 = ORIENTED_EDGE ( 'NONE', *, *, #5097, .F. ) ;
#1943 =( GEOMETRIC_REPRESENTATION_CONTEXT ( 3 ) GLOBAL_UNCERTAINTY_ASSIGNED_CONTEXT ( ( #3182 ) ) GLOBAL_UNIT_ASSIGNED_CONTEXT ( ( #4692, #2, #4163 ) ) REPRESENTATION_CONTEXT ( 'NONE', 'WORKASPACE' ) );
#1944 = FACE_OUTER_BOUND ( 'NONE', #2362, .T. ) ;
#1945 = CARTESIAN_POINT ( 'NONE',  ( -7.619999999999999218, -2.520903311279916181, -3.277507469529988171 ) ) ;
#1946 = ORIENTED_EDGE ( 'NONE', *, *, #745, .T. ) ;
#1947 = AXIS2_PLACEMENT_3D ( 'NONE', #1133, #3272, #5987 ) ;
#1948 = CIRCLE ( 'NONE', #5520, 8.799999999999998934 ) ;
#1949 = FACE_OUTER_BOUND ( 'NONE', #2840, .T. ) ;
#1950 = LINE ( 'NONE', #1921, #6152 ) ;
#1951 = CARTESIAN_POINT ( 'NONE',  ( -7.612830808016393114, -5.561833807971088284, 2.270962711895550351E-14 ) ) ;
#1952 = EDGE_CURVE ( 'NONE', #33, #425, #2041, .T. ) ;
#1953 = CARTESIAN_POINT ( 'NONE',  ( -7.620000000000000107, 6.674325055353075238E-16, 5.450000000000000178 ) ) ;
#1954 = CARTESIAN_POINT ( 'NONE',  ( -0.7590756507534959230, 1.431434426329047493, 1.000000000000000000 ) ) ;
#1955 = EDGE_LOOP ( 'NONE', ( #2375, #926, #6597, #6652 ) ) ;
#1956 = ORIENTED_EDGE ( 'NONE', *, *, #5692, .T. ) ;
#1957 = CARTESIAN_POINT ( 'NONE',  ( -8.838126989374227166E-17, 1.443375672974063884, -0.03124999931720332663 ) ) ;
#1958 = CARTESIAN_POINT ( 'NONE',  ( 1.114683531249999637, 0.6435628368284300738, 2.317708333674733279 ) ) ;
#1959 = VERTEX_POINT ( 'NONE', #308 ) ;
#1960 = DIRECTION ( 'NONE',  ( -1.000000000000000000, 0.000000000000000000, 0.000000000000000000 ) ) ;
#1961 = CARTESIAN_POINT ( 'NONE',  ( 1.114683531249999415, -0.6435628368284300738, 1.213541667008064096 ) ) ;
#1962 = CARTESIAN_POINT ( 'NONE',  ( -1.250000000000000000, 0.000000000000000000, 1.250000000000000000 ) ) ;
#1963 = DIRECTION ( 'NONE',  ( 0.000000000000000000, 1.000000000000000000, -0.000000000000000000 ) ) ;
#1964 = CARTESIAN_POINT ( 'NONE',  ( -1.086249565434808995, 0.5326944336760357501, 2.286446435788425546 ) ) ;
#1965 = PLANE ( 'NONE',  #142 ) ;
#1966 = ORIENTED_EDGE ( 'NONE', *, *, #711, .F. ) ;
#1967 = SHAPE_DEFINITION_REPRESENTATION ( #4823, #6659 ) ;
#1968 = EDGE_CURVE ( 'NONE', #2016, #4649, #6208, .T. ) ;
#1969 = CARTESIAN_POINT ( 'NONE',  ( -1.114683531249999637, 0.6435628368284300738, 1.838541667008064984 ) ) ;
#1970 = CARTESIAN_POINT ( 'NONE',  ( 2.424800662311759404E-16, 0.000000000000000000, 0.000000000000000000 ) ) ;
#1971 = CARTESIAN_POINT ( 'NONE',  ( 1.249999999999999556, 0.7216878364870319418, 1.145833333333333925 ) ) ;
#1972 = CARTESIAN_POINT ( 'NONE',  ( 0.5573417656250010399, -0.9653442552426449996, 0.7552083336747319464 ) ) ;
#1973 = CIRCLE ( 'NONE', #1304, 11.30000000000000071 ) ;
#1974 = CARTESIAN_POINT ( 'NONE',  ( 0.5573417656250010399, -0.9653442552426449996, 1.692708333674729948 ) ) ;
#1975 = ORIENTED_EDGE ( 'NONE', *, *, #1907, .T. ) ;
#1976 = FACE_OUTER_BOUND ( 'NONE', #2836, .T. ) ;
#1977 = FACE_OUTER_BOUND ( 'NONE', #3050, .T. ) ;
#1978 = VERTEX_POINT ( 'NONE', #3557 ) ;
#1979 = CARTESIAN_POINT ( 'NONE',  ( -7.520000000000000462, -3.895890706673262649, 1.046991537437121478 ) ) ;
#1980 = LINE ( 'NONE', #4111, #929 ) ;
#1981 = EDGE_CURVE ( 'NONE', #2813, #594, #592, .T. ) ;
#1982 = DIRECTION ( 'NONE',  ( 0.000000000000000000, 0.000000000000000000, 1.000000000000000000 ) ) ;
#1983 = CARTESIAN_POINT ( 'NONE',  ( -7.536819805153395890, -5.421010862427522170E-17, 5.450000000000000178 ) ) ;
#1984 = EDGE_CURVE ( 'NONE', #6619, #2870, #3527, .T. ) ;
#1985 = DIRECTION ( 'NONE',  ( 0.4945083668413040034, 0.8691728683777160125, 0.000000000000000000 ) ) ;
#1986 = EDGE_LOOP ( 'NONE', ( #4520, #281, #270, #4087 ) ) ;
#1987 = DIRECTION ( 'NONE',  ( 0.8849001878009898903, 0.000000000000000000, -0.4657806969269687736 ) ) ;
#1988 = EDGE_LOOP ( 'NONE', ( #378, #4630, #4810, #5079 ) ) ;
#1989 = CARTESIAN_POINT ( 'NONE',  ( 0.6250000000000000000, 1.082531754730549967, -0.05208333265053650268 ) ) ;
#1990 = CARTESIAN_POINT ( 'NONE',  ( -0.5573417656250000407, 0.9653442552426449996, 2.380208333674729726 ) ) ;
#1991 = EDGE_LOOP ( 'NONE', ( #689, #4569, #5149, #4465 ) ) ;
#1992 = CARTESIAN_POINT ( 'NONE',  ( 3.500000000000000000, 3.199627467207415421, -3.199627467207414089 ) ) ;
#1993 = CARTESIAN_POINT ( 'NONE',  ( -0.5573417656249990415, -0.9653442552426459988, 1.151041667008064096 ) ) ;
#1994 = CARTESIAN_POINT ( 'NONE',  ( 1.250000000000000000, 1.530808498934190091E-16, 1.375000000000000000 ) ) ;
#1995 = LINE ( 'NONE', #5797, #370 ) ;
#1996 = CARTESIAN_POINT ( 'NONE',  ( -6.746066283236321404, -5.435605579757535999, -0.4031004937652436504 ) ) ;
#1997 = DIRECTION ( 'NONE',  ( 0.8628432422573810712, 0.5054716008746390488, -0.000000000000000000 ) ) ;
#1998 = ORIENTED_EDGE ( 'NONE', *, *, #2028, .T. ) ;
#1999 = CARTESIAN_POINT ( 'NONE',  ( 1.114683531250000526, -0.6435628368284300738, 1.463541667008065206 ) ) ;
#2000 = DIRECTION ( 'NONE',  ( -1.000000000000000000, -0.000000000000000000, -0.000000000000000000 ) ) ;
#2001 = AXIS2_PLACEMENT_3D ( 'NONE', #3003, #3567, #937 ) ;
#2002 = CARTESIAN_POINT ( 'NONE',  ( 1.250000000000000000, 1.530808498934190091E-16, 0.3750000000000000000 ) ) ;
#2003 = CARTESIAN_POINT ( 'NONE',  ( 0.5573417656250010399, -0.9653442552426449996, 1.005208333674731946 ) ) ;
#2004 = AXIS2_PLACEMENT_3D ( 'NONE', #3503, #347, #3600 ) ;
#2005 = CARTESIAN_POINT ( 'NONE',  ( 0.5573417656250000407, 0.9653442552426449996, 1.276041667008064096 ) ) ;
#2006 = ORIENTED_EDGE ( 'NONE', *, *, #357, .F. ) ;
#2007 = LINE ( 'NONE', #2600, #1245 ) ;
#2008 = CARTESIAN_POINT ( 'NONE',  ( -0.5992833840297780990, 0.9398823333086900877, 2.381816468750005189 ) ) ;
#2009 = EDGE_CURVE ( 'NONE', #5486, #171, #5397, .T. ) ;
#2010 = ORIENTED_EDGE ( 'NONE', *, *, #5827, .F. ) ;
#2011 = CARTESIAN_POINT ( 'NONE',  ( 9.904545454545443661, 0.5000000000000000000, -4.785392286829072361 ) ) ;
#2012 = DIRECTION ( 'NONE',  ( 0.000000000000000000, 0.000000000000000000, -1.000000000000000000 ) ) ;
#2013 = DIRECTION ( 'NONE',  ( 0.000000000000000000, 0.000000000000000000, -1.000000000000000000 ) ) ;
#2014 = CARTESIAN_POINT ( 'NONE',  ( -7.553639610306791319, 5.166228700122150741, -2.139921993911719778 ) ) ;
#2015 = DIRECTION ( 'NONE',  ( -0.000000000000000000, 0.000000000000000000, 1.000000000000000000 ) ) ;
#2016 = VERTEX_POINT ( 'NONE', #1423 ) ;
#2017 = DIRECTION ( 'NONE',  ( 0.000000000000000000, 0.000000000000000000, 1.000000000000000000 ) ) ;
#2018 = CARTESIAN_POINT ( 'NONE',  ( -0.6211423456497239259, -1.055210559698050332, 2.275108163896477187 ) ) ;
#2019 = CARTESIAN_POINT ( 'NONE',  ( -1.249999999999999556, -0.7216878364870319418, 0.3020833340161300229 ) ) ;
#2020 = CARTESIAN_POINT ( 'NONE',  ( 1.114683531249999637, 0.6435628368284300738, 0.06770833367473154396 ) ) ;
#2021 = ORIENTED_EDGE ( 'NONE', *, *, #3494, .T. ) ;
#2022 = CARTESIAN_POINT ( 'NONE',  ( 3.500000000000000888, 6.505213034913026604E-16, 4.100000000000000533 ) ) ;
#2023 = CARTESIAN_POINT ( 'NONE',  ( 0.8820355364989860281, 0.7778822192243541878, 1.013904673197293160 ) ) ;
#2024 = CARTESIAN_POINT ( 'NONE',  ( 1.250000000000000000, 1.530808498934190091E-16, 2.500000000000000000 ) ) ;
#2025 = DIRECTION ( 'NONE',  ( -0.000000000000000000, 1.000000000000000000, 1.224646799147353207E-16 ) ) ;
#2026 = CIRCLE ( 'NONE', #6807, 1.250000000000000000 ) ;
#2027 = CARTESIAN_POINT ( 'NONE',  ( 0.000000000000000000, 0.5000000000000000000, 0.000000000000000000 ) ) ;
#2028 = EDGE_CURVE ( 'NONE', #3292, #721, #265, .T. ) ;
#2029 = CYLINDRICAL_SURFACE ( 'NONE', #5058, 11.30000000000000071 ) ;
#2030 = ORIENTED_EDGE ( 'NONE', *, *, #1375, .F. ) ;
#2031 = CARTESIAN_POINT ( 'NONE',  ( -0.5573417656250000407, 0.9653442552426449996, 1.567708333674730170 ) ) ;
#2032 = EDGE_CURVE ( 'NONE', #2314, #2623, #3173, .T. ) ;
#2033 = CARTESIAN_POINT ( 'NONE',  ( -3.529289321881346364, 2.142736950169389143, 5.173024605696902256 ) ) ;
#2034 = CARTESIAN_POINT ( 'NONE',  ( 3.400000000000000355, 2.449293598294706414E-16, -4.000000000000000000 ) ) ;
#2035 = CARTESIAN_POINT ( 'NONE',  ( -1.249999999999999556, 0.7216878364870319418, -0.2708333333333327042 ) ) ;
#2036 = CARTESIAN_POINT ( 'NONE',  ( -6.682956661896705342, 0.5550865591310157887, -3.962024030600820979 ) ) ;
#2037 = CARTESIAN_POINT ( 'NONE',  ( 0.5573417656250010399, -0.9653442552426449996, 0.9427083336747319464 ) ) ;
#2038 = VERTEX_POINT ( 'NONE', #1032 ) ;
#2039 = CYLINDRICAL_SURFACE ( 'NONE', #4261, 1.250000000000000000 ) ;
#2040 = CARTESIAN_POINT ( 'NONE',  ( 0.5573417656250000407, 0.9653442552426449996, 2.338541667008064984 ) ) ;
#2041 = CIRCLE ( 'NONE', #3607, 12.67999999999999972 ) ;
#2042 = ORIENTED_EDGE ( 'NONE', *, *, #3211, .F. ) ;
#2043 = CARTESIAN_POINT ( 'NONE',  ( -4.468635887339958757, 0.6308378543862911414, -5.415471619462985942 ) ) ;
#2044 = CARTESIAN_POINT ( 'NONE',  ( 2.651438096812270369E-16, -1.443375672974064106, 1.062499999999999556 ) ) ;
#2045 = CARTESIAN_POINT ( 'NONE',  ( 2.831010643070036803, 0.000000000000000000, 0.000000000000000000 ) ) ;
#2046 = DIRECTION ( 'NONE',  ( 0.000000000000000000, -1.000000000000000000, 0.000000000000000000 ) ) ;
#2047 = CARTESIAN_POINT ( 'NONE',  ( -7.520000000000000462, 3.954060262691558414, 3.954060262691561078 ) ) ;
#2048 = AXIS2_PLACEMENT_3D ( 'NONE', #3711, #2025, #6391 ) ;
#2049 = ORIENTED_EDGE ( 'NONE', *, *, #2308, .T. ) ;
#2050 = CARTESIAN_POINT ( 'NONE',  ( -4.928398029717122597, -3.848889111105435301, 1.091041144677123764 ) ) ;
#2051 = DIRECTION ( 'NONE',  ( 0.000000000000000000, 0.000000000000000000, -1.000000000000000000 ) ) ;
#2052 = AXIS2_PLACEMENT_3D ( 'NONE', #3904, #2573, #2012 ) ;
#2053 = CARTESIAN_POINT ( 'NONE',  ( 0.8895089009568472038, -0.6879415904816069682, 1.000000000000000000 ) ) ;
#2054 = CARTESIAN_POINT ( 'NONE',  ( -0.5573417656249990415, -0.9653442552426459988, -0.03645833299193484978 ) ) ;
#2055 = ORIENTED_EDGE ( 'NONE', *, *, #3156, .T. ) ;
#2056 =( LENGTH_UNIT ( ) NAMED_UNIT ( * ) SI_UNIT ( .MILLI., .METRE. ) );
#2057 = CARTESIAN_POINT ( 'NONE',  ( -1.114683531250000081, 0.000000000000000000, 1.359375000341397799 ) ) ;
#2058 = CONTEXT_DEPENDENT_SHAPE_REPRESENTATION ( #2551, #442 ) ;
#2059 = CARTESIAN_POINT ( 'NONE',  ( -3.500000000000000000, 0.7354788942609022939, -5.550098763242790056 ) ) ;
#2060 = LINE ( 'NONE', #382, #712 ) ;
#2061 = CARTESIAN_POINT ( 'NONE',  ( -1.250000000000000000, 0.000000000000000000, 2.000000000000000000 ) ) ;
#2062 = FACE_OUTER_BOUND ( 'NONE', #5559, .T. ) ;
#2063 = VERTEX_POINT ( 'NONE', #2726 ) ;
#2064 = LINE ( 'NONE', #1118, #6177 ) ;
#2065 = CARTESIAN_POINT ( 'NONE',  ( 3.400000000000000355, 2.449293598294706414E-16, -4.000000000000000000 ) ) ;
#2066 = CARTESIAN_POINT ( 'NONE',  ( -1.114683531249999637, 0.6435628368284300738, 1.338541667008065650 ) ) ;
#2067 = CIRCLE ( 'NONE', #2633, 0.1799999999999996048 ) ;
#2068 = CARTESIAN_POINT ( 'NONE',  ( -3.529289321881347252, -2.142736950169374044, -5.173024605696909362 ) ) ;
#2069 = CARTESIAN_POINT ( 'NONE',  ( -7.553639610306788654, 3.134446499564892630, -3.134446499564902400 ) ) ;
#2070 = PRODUCT_DEFINITION ( 'UNKNOWN', '', #6557, #1229 ) ;
#2071 =( BOUNDED_CURVE ( )  B_SPLINE_CURVE ( 2, ( #6628, #1390, #854, #5134, #5581, #6103, #5647 ),
 .UNSPECIFIED., .F., .F. ) 
 B_SPLINE_CURVE_WITH_KNOTS ( ( 3, 2, 2, 3 ),
 ( 0.3333333333333335369, 0.3472222222222220434, 0.3611111111111109939, 0.3750000000000000000 ),
 .UNSPECIFIED. ) 
 CURVE ( )  GEOMETRIC_REPRESENTATION_ITEM ( )  RATIONAL_B_SPLINE_CURVE ( ( 1.000000000000000000, 0.8660254037844389297, 1.000000000000000000, 0.8660254037844389297, 1.000000000000000000, 0.8660254037844389297, 1.000000000000000000 ) ) 
 REPRESENTATION_ITEM ( '' )  );
#2072 = CARTESIAN_POINT ( 'NONE',  ( -7.620000000000000107, 6.776263578034402713E-16, -5.349999999999999645 ) ) ;
#2073 = FACE_OUTER_BOUND ( 'NONE', #3374, .T. ) ;
#2074 = AXIS2_PLACEMENT_3D ( 'NONE', #4784, #4712, #1067 ) ;
#2075 = CARTESIAN_POINT ( 'NONE',  ( -7.881371681721266152E-17, 1.287125673656860148, 1.296875000341398465 ) ) ;
#2076 = EDGE_LOOP ( 'NONE', ( #6054, #2405, #2095, #37 ) ) ;
#2077 = DIRECTION ( 'NONE',  ( 0.000000000000000000, 0.000000000000000000, 1.000000000000000000 ) ) ;
#2078 = CARTESIAN_POINT ( 'NONE',  ( 1.114683531249999415, 0.6435628368284300738, 1.817708333674732613 ) ) ;
#2079 = CARTESIAN_POINT ( 'NONE',  ( -5.469766788528103163, 3.500000000000000000, 10.39923799990627984 ) ) ;
#2080 = CARTESIAN_POINT ( 'NONE',  ( -5.559999999999999609, 0.000000000000000000, -9.600999999999999091 ) ) ;
#2081 = CARTESIAN_POINT ( 'NONE',  ( -5.888109506306670404, 1.217330767627202270, -5.312699998459140538 ) ) ;
#2082 = DIRECTION ( 'NONE',  ( -1.000000000000000000, -0.000000000000000000, -0.000000000000000000 ) ) ;
#2083 = CYLINDRICAL_SURFACE ( 'NONE', #3616, 9.599999999999999645 ) ;
#2084 = CARTESIAN_POINT ( 'NONE',  ( 5.124223884905132920, 3.500000000000000000, -10.57378028792766855 ) ) ;
#2085 = CARTESIAN_POINT ( 'NONE',  ( -7.536819805153398555, 2.139921993911734877, -5.166228700122141859 ) ) ;
#2086 = PRESENTATION_LAYER_ASSIGNMENT (  '', '', ( #1754 ) ) ;
#2087 = ADVANCED_FACE ( 'NONE', ( #3245 ), #5938, .T. ) ;
#2088 = CARTESIAN_POINT ( 'NONE',  ( -3.583180194846605104, -5.166228700122143636, -2.139921993911734877 ) ) ;
#2089 = ORIENTED_EDGE ( 'NONE', *, *, #4399, .F. ) ;
#2090 = CARTESIAN_POINT ( 'NONE',  ( -5.472922936753940704, 3.500000000000000000, -10.39757672764454455 ) ) ;
#2091 = DIRECTION ( 'NONE',  ( 0.000000000000000000, 0.000000000000000000, 1.000000000000000000 ) ) ;
#2092 = EDGE_CURVE ( 'NONE', #6760, #5372, #2421, .T. ) ;
#2093 = DIRECTION ( 'NONE',  ( -0.000000000000000000, -1.000000000000000000, -0.000000000000000000 ) ) ;
#2094 = CARTESIAN_POINT ( 'NONE',  ( -1.114683531249999637, -0.6435628368284300738, 0.6927083336747313913 ) ) ;
#2095 = ORIENTED_EDGE ( 'NONE', *, *, #5614, .T. ) ;
#2096 = CARTESIAN_POINT ( 'NONE',  ( 1.114683531250000081, 1.365093618607580186E-16, 2.234375000341399797 ) ) ;
#2097 = DIRECTION ( 'NONE',  ( 0.4684174389710418218, 0.000000000000000000, -0.8835072738058302733 ) ) ;
#2098 = CARTESIAN_POINT ( 'NONE',  ( -3.500000000000000444, -4.845984572410946711, 2.803349151572017028 ) ) ;
#2099 = CIRCLE ( 'NONE', #1534, 11.00000000000000000 ) ;
#2100 = CARTESIAN_POINT ( 'NONE',  ( 3.500000000000000888, 6.505213034913026604E-16, 4.066360389693210564 ) ) ;
#2101 = DIRECTION ( 'NONE',  ( -0.000000000000000000, -1.000000000000000000, -0.000000000000000000 ) ) ;
#2102 = VERTEX_POINT ( 'NONE', #833 ) ;
#2103 = DIRECTION ( 'NONE',  ( -0.4657774430578107694, 0.000000000000000000, 0.8849019005169600494 ) ) ;
#2104 = EDGE_CURVE ( 'NONE', #3910, #966, #774, .T. ) ;
#2105 = LINE ( 'NONE', #2667, #4922 ) ;
#2106 = CARTESIAN_POINT ( 'NONE',  ( -1.114683531250000081, 0.000000000000000000, 2.359375000341399797 ) ) ;
#2107 = EDGE_CURVE ( 'NONE', #5143, #2767, #6157, .T. ) ;
#2108 = CARTESIAN_POINT ( 'NONE',  ( -3.529289321881346364, -5.173024605696895151, -2.142736950169402910 ) ) ;
#2109 = LINE ( 'NONE', #4734, #2499 ) ;
#2110 = CARTESIAN_POINT ( 'NONE',  ( -7.619999999999999218, -4.671540549956806565, 2.702385245404285818 ) ) ;
#2111 = DIRECTION ( 'NONE',  ( 0.5054716008746390488, -0.8628432422573810712, 0.000000000000000000 ) ) ;
#2112 = CARTESIAN_POINT ( 'NONE',  ( 1.114683531250000081, 1.365093618607580186E-16, 0.2343750003413984928 ) ) ;
#2113 = ORIENTED_EDGE ( 'NONE', *, *, #3764, .F. ) ;
#2114 = CARTESIAN_POINT ( 'NONE',  ( -7.520000000000000462, 0.7134033317526843332, 5.450000000000000178 ) ) ;
#2115 = EDGE_CURVE ( 'NONE', #1295, #6657, #4557, .T. ) ;
#2116 = CARTESIAN_POINT ( 'NONE',  ( 0.005481617016667239897, -0.8660080553175490969, 1.000000000000000000 ) ) ;
#2117 = FACE_BOUND ( 'NONE', #1105, .T. ) ;
#2118 = DIRECTION ( 'NONE',  ( 0.000000000000000000, 0.000000000000000000, -1.000000000000000000 ) ) ;
#2119 = CARTESIAN_POINT ( 'NONE',  ( 3.400000000000000355, 2.449293598294706414E-16, -4.000000000000000000 ) ) ;
#2120 = CARTESIAN_POINT ( 'NONE',  ( 20.57884467417692065, 4.000000000000000000, 4.424531894286416467 ) ) ;
#2121 = CARTESIAN_POINT ( 'NONE',  ( -7.620000000000000107, -2.981555974335137194E-16, 5.350000000000000533 ) ) ;
#2122 = EDGE_CURVE ( 'NONE', #6530, #365, #2319, .T. ) ;
#2123 = CARTESIAN_POINT ( 'NONE',  ( -1.249999999999999556, -0.7216878364870320528, 1.520833333333333481 ) ) ;
#2124 = CARTESIAN_POINT ( 'NONE',  ( -7.536819805153397667, -3.954060262691574845, 3.954060262691548644 ) ) ;
#2125 = CARTESIAN_POINT ( 'NONE',  ( -3.600000000000000977, -5.166228700122151629, 2.139921993911703346 ) ) ;
#2126 = ORIENTED_EDGE ( 'NONE', *, *, #6479, .F. ) ;
#2127 = CARTESIAN_POINT ( 'NONE',  ( 5.469920153669276530, 3.500000000000000000, 10.39187197574504573 ) ) ;
#2128 =( LENGTH_UNIT ( ) NAMED_UNIT ( * ) SI_UNIT ( .MILLI., .METRE. ) );
#2129 = CARTESIAN_POINT ( 'NONE',  ( -20.57890348029726368, 4.000000000000000000, 4.424500941288103562 ) ) ;
#2130 = CARTESIAN_POINT ( 'NONE',  ( -0.5573417656249990415, -0.9653442552426459988, 0.2135416670080650114 ) ) ;
#2131 = ORIENTED_EDGE ( 'NONE', *, *, #5389, .T. ) ;
#2132 = UNCERTAINTY_MEASURE_WITH_UNIT (LENGTH_MEASURE( 1.000000000000000082E-05 ), #2128, 'distance_accuracy_value', 'NONE');
#2133 = CONTEXT_DEPENDENT_SHAPE_REPRESENTATION ( #4112, #3071 ) ;
#2134 = EDGE_CURVE ( 'NONE', #1855, #1146, #5027, .T. ) ;
#2135 = AXIS2_PLACEMENT_3D ( 'NONE', #4291, #3206, #5223 ) ;
#2136 = PRODUCT ( 'FLANGE^KFL08', 'FLANGE^KFL08', '', ( #4098 ) ) ;
#2137 = SURFACE_STYLE_USAGE ( .BOTH. , #3289 ) ;
#2138 = DIRECTION ( 'NONE',  ( 0.000000000000000000, 0.000000000000000000, 1.000000000000000000 ) ) ;
#2139 = ORIENTED_EDGE ( 'NONE', *, *, #3850, .T. ) ;
#2140 = VECTOR ( 'NONE', #6295, 999.9999999999998863 ) ;
#2141 = CARTESIAN_POINT ( 'NONE',  ( 1.250000000000001776, -0.7216878364870320528, 1.354166666666666741 ) ) ;
#2142 = CARTESIAN_POINT ( 'NONE',  ( -7.520000000000000462, -4.358184291070082317, -3.349279623863284705 ) ) ;
#2143 = EDGE_CURVE ( 'NONE', #4794, #3450, #5033, .T. ) ;
#2144 = CARTESIAN_POINT ( 'NONE',  ( -1.114683531249999637, 0.6435628368284300738, 0.3385416670080649837 ) ) ;
#2145 = CIRCLE ( 'NONE', #6041, 8.799999999999998934 ) ;
#2146 = CARTESIAN_POINT ( 'NONE',  ( -3.507169191983606993, 3.975310123934157502, -3.975310123934170381 ) ) ;
#2147 = CARTESIAN_POINT ( 'NONE',  ( -7.536819805153392338, -4.432776750217545469, 1.167854597469009555E-14 ) ) ;
#2148 = CARTESIAN_POINT ( 'NONE',  ( -7.620000000000000107, -2.702548326783054566, 4.671259164892301641 ) ) ;
#2149 = CARTESIAN_POINT ( 'NONE',  ( -6.776873675689086163, 0.3291344222641582329, -3.989322318492951602 ) ) ;
#2150 = CARTESIAN_POINT ( 'NONE',  ( 0.5573417656250010399, -0.9653442552426449996, 0.4427083336747315023 ) ) ;
#2151 = ORIENTED_EDGE ( 'NONE', *, *, #3428, .F. ) ;
#2152 = AXIS2_PLACEMENT_3D ( 'NONE', #2027, #6282, #1571 ) ;
#2153 = CARTESIAN_POINT ( 'NONE',  ( -6.651925192021822753, -0.6300186848946618401, -5.415584318427855592 ) ) ;
#2154 = CARTESIAN_POINT ( 'NONE',  ( -1.114683531249999415, -0.6435628368284300738, 2.192708333674733279 ) ) ;
#2155 = DIRECTION ( 'NONE',  ( 0.000000000000000000, 0.000000000000000000, 1.000000000000000000 ) ) ;
#2156 = PLANE ( 'NONE',  #80 ) ;
#2157 = CARTESIAN_POINT ( 'NONE',  ( 3.400000000000000799, 4.000000000000000888, 0.5235987755982989267 ) ) ;
#2158 = CARTESIAN_POINT ( 'NONE',  ( -7.620000000000004547, -2.100657370170224691, 5.071435512963944348 ) ) ;
#2159 = CARTESIAN_POINT ( 'NONE',  ( 3.416819805153395784, -7.142475014960772473E-16, -4.432776750217551687 ) ) ;
#2160 = CARTESIAN_POINT ( 'NONE',  ( -18.25000000000000000, 0.000000000000000000, -2.499999999999998668 ) ) ;
#2161 = CARTESIAN_POINT ( 'NONE',  ( -3.448989356929962558, 0.000000000000000000, 0.000000000000000000 ) ) ;
#2162 = CARTESIAN_POINT ( 'NONE',  ( -3.566360389693211452, 2.139921993911720222, 5.166228700122148965 ) ) ;
#2163 = EDGE_LOOP ( 'NONE', ( #5690, #6260, #5929, #2151 ) ) ;
#2164 = CARTESIAN_POINT ( 'NONE',  ( 1.250000000000000000, 1.530808498934190091E-16, 1.875000000000000000 ) ) ;
#2165 = CARTESIAN_POINT ( 'NONE',  ( -4.469036155313744985, 0.6317550100419796477, -3.952729808113604193 ) ) ;
#2166 = CARTESIAN_POINT ( 'NONE',  ( 1.644700651254895438E-15, 0.000000000000000000, -13.43000000000000149 ) ) ;
#2167 = CARTESIAN_POINT ( 'NONE',  ( -0.5573417656250000407, 0.9653442552426449996, 0.8802083336747319464 ) ) ;
#2168 = ORIENTED_EDGE ( 'NONE', *, *, #796, .F. ) ;
#2169 =( NAMED_UNIT ( * ) SI_UNIT ( $, .STERADIAN. ) SOLID_ANGLE_UNIT ( ) );
#2170 = AXIS2_PLACEMENT_3D ( 'NONE', #1828, #1963, #1299 ) ;
#2171 = CARTESIAN_POINT ( 'NONE',  ( 0.5573417656250000407, 0.9653442552426449996, 2.276041667008064984 ) ) ;
#2172 = DIRECTION ( 'NONE',  ( 0.000000000000000000, 1.000000000000000000, -0.000000000000000000 ) ) ;
#2173 = CIRCLE ( 'NONE', #4179, 1.979999999999999982 ) ;
#2174 = VECTOR ( 'NONE', #6447, 1000.000000000000000 ) ;
#2175 = PLANE ( 'NONE',  #1473 ) ;
#2176 = VERTEX_POINT ( 'NONE', #4723 ) ;
#2177 = CARTESIAN_POINT ( 'NONE',  ( -8.838126989374227166E-17, 1.443375672974063884, 2.218750000682799151 ) ) ;
#2178 = CARTESIAN_POINT ( 'NONE',  ( 3.400000000000000355, -3.895890706673261761, -1.046991537437123476 ) ) ;
#2179 = CARTESIAN_POINT ( 'NONE',  ( 1.114683531249999637, 0.6435628368284300738, 0.005208333674731547430 ) ) ;
#2180 = CARTESIAN_POINT ( 'NONE',  ( -3.566360389693211008, -5.166228700122143636, -2.139921993911734877 ) ) ;
#2181 = CARTESIAN_POINT ( 'NONE',  ( 1.250000000000000000, 1.530808498934190091E-16, 1.625000000000000000 ) ) ;
#2182 = CARTESIAN_POINT ( 'NONE',  ( -3.600000000000000089, -0.7134033317526823348, -5.450000000000001066 ) ) ;
#2183 = CARTESIAN_POINT ( 'NONE',  ( 0.4655078022122994819, -1.103909824000565143, 2.298647305666531526 ) ) ;
#2184 = CARTESIAN_POINT ( 'NONE',  ( -7.536819805153395890, -1.044815499854968355, 3.999999999999997335 ) ) ;
#2185 = CARTESIAN_POINT ( 'NONE',  ( 1.114683531249999637, 0.6435628368284300738, -0.2447916663252681924 ) ) ;
#2186 = ORIENTED_EDGE ( 'NONE', *, *, #2852, .T. ) ;
#2187 = EDGE_CURVE ( 'NONE', #803, #331, #1336, .T. ) ;
#2188 = CARTESIAN_POINT ( 'NONE',  ( 0.000000000000000000, -4.500000000000000888, 12.67999999999999972 ) ) ;
#2189 = ADVANCED_FACE ( 'NONE', ( #1007 ), #5237, .F. ) ;
#2190 = CARTESIAN_POINT ( 'NONE',  ( 2.364411504516379476E-16, -1.287125673656860148, 1.234375000341398465 ) ) ;
#2191 = DIRECTION ( 'NONE',  ( 0.000000000000000000, 0.000000000000000000, -1.000000000000000000 ) ) ;
#2192 = FACE_OUTER_BOUND ( 'NONE', #5101, .T. ) ;
#2193 = CARTESIAN_POINT ( 'NONE',  ( 3.400000000000001243, 0.5235987755982988157, 4.000000000000000888 ) ) ;
#2194 = CARTESIAN_POINT ( 'NONE',  ( -7.619999999999999218, -3.881508698238511634, -3.881508698238492094 ) ) ;
#2195 = DIRECTION ( 'NONE',  ( 0.000000000000000000, -1.000000000000000000, 0.000000000000000000 ) ) ;
#2196 = DIRECTION ( 'NONE',  ( 0.000000000000000000, 0.000000000000000000, -1.000000000000000000 ) ) ;
#2197 = LINE ( 'NONE', #2230, #899 ) ;
#2198 = CARTESIAN_POINT ( 'NONE',  ( -3.566360389693211896, 0.7133073313039072216, 5.450000000000000178 ) ) ;
#2199 = EDGE_LOOP ( 'NONE', ( #5288, #5507 ) ) ;
#2200 = CARTESIAN_POINT ( 'NONE',  ( 0.6250000000000000000, 1.082531754730549967, 1.916666666666664964 ) ) ;
#2201 = APPLICATION_CONTEXT ( 'automotive_design' ) ;
#2202 = LINE ( 'NONE', #3138, #3193 ) ;
#2203 = ADVANCED_FACE ( 'NONE', ( #4126 ), #5117, .T. ) ;
#2204 = DIRECTION ( 'NONE',  ( -1.000000000000000000, -0.000000000000000000, -0.000000000000000000 ) ) ;
#2205 = CARTESIAN_POINT ( 'NONE',  ( 0.5573417656250000407, 0.9653442552426449996, -0.4114583329919349608 ) ) ;
#2206 = CIRCLE ( 'NONE', #2869, 13.43000000000000149 ) ;
#2207 = ORIENTED_EDGE ( 'NONE', *, *, #4363, .F. ) ;
#2208 = EDGE_CURVE ( 'NONE', #515, #2314, #5695, .T. ) ;
#2209 = CARTESIAN_POINT ( 'NONE',  ( 1.114683531250000081, 1.365093618607580186E-16, 2.234375000341399797 ) ) ;
#2210 = CARTESIAN_POINT ( 'NONE',  ( -3.410000000000000142, 0.000000000000000000, 9.599999999999999645 ) ) ;
#2211 = ORIENTED_EDGE ( 'NONE', *, *, #1393, .T. ) ;
#2212 = CARTESIAN_POINT ( 'NONE',  ( -1.249999999999999556, -0.7216878364870319418, 2.052083334016128191 ) ) ;
#2213 = AXIS2_PLACEMENT_3D ( 'NONE', #1878, #6137, #3453 ) ;
#2214 = CARTESIAN_POINT ( 'NONE',  ( -7.519999999999999574, -5.449999999999999289, -0.7134033317526811135 ) ) ;
#2215 = CARTESIAN_POINT ( 'NONE',  ( -7.881371681721266152E-17, 1.287125673656860148, -0.2031249996586016737 ) ) ;
#2216 = MECHANICAL_DESIGN_GEOMETRIC_PRESENTATION_REPRESENTATION (  '', ( #5777 ), #757 ) ;
#2217 = CARTESIAN_POINT ( 'NONE',  ( -7.590710678118654187, -4.440721607103243151, 1.185285263102875235E-14 ) ) ;
#2218 = LINE ( 'NONE', #6606, #6378 ) ;
#2219 = CARTESIAN_POINT ( 'NONE',  ( -7.520000000000000462, -5.421010862427522170E-17, 5.450000000000000178 ) ) ;
#2220 = CARTESIAN_POINT ( 'NONE',  ( -7.620000000000000107, -2.168404344971008868E-16, 4.083180194846605104 ) ) ;
#2221 = CARTESIAN_POINT ( 'NONE',  ( -0.5573417656250000407, 0.9653442552426449996, -0.4322916663252684977 ) ) ;
#2222 = ORIENTED_EDGE ( 'NONE', *, *, #2493, .F. ) ;
#2223 = DIRECTION ( 'NONE',  ( 0.000000000000000000, 0.000000000000000000, 1.000000000000000000 ) ) ;
#2224 = CARTESIAN_POINT ( 'NONE',  ( 1.114683531249999415, -0.6435628368284300738, 1.276041667008064984 ) ) ;
#2225 = CARTESIAN_POINT ( 'NONE',  ( -1.183524649664348116, 0.7600673978977944278, 2.226950821655478308 ) ) ;
#2226 = EDGE_LOOP ( 'NONE', ( #4395, #3213, #4045, #3360, #2402, #5222, #1956, #6701, #2984, #1180, #3362, #988, #4209, #2301, #4826 ) ) ;
#2227 = CARTESIAN_POINT ( 'NONE',  ( 0.5573417656250000407, 0.9653442552426449996, 2.338541667008064984 ) ) ;
#2228 = CARTESIAN_POINT ( 'NONE',  ( -7.553639610306789542, -5.421010862427522170E-17, 5.450000000000000178 ) ) ;
#2229 = CARTESIAN_POINT ( 'NONE',  ( 3.416819805153394896, -4.432776750217551687, -3.310688776696808239E-15 ) ) ;
#2230 = CARTESIAN_POINT ( 'NONE',  ( -6.288271236271614661, 4.000000000000000000, -11.94659296667416903 ) ) ;
#2231 = EDGE_CURVE ( 'NONE', #4872, #4284, #3038, .T. ) ;
#2232 = CARTESIAN_POINT ( 'NONE',  ( -3.566360389693211896, -5.421010862427522170E-17, 5.450000000000000178 ) ) ;
#2233 = AXIS2_PLACEMENT_3D ( 'NONE', #535, #6409, #2155 ) ;
#2234 = CARTESIAN_POINT ( 'NONE',  ( -3.529289321881345920, 5.173024605696903144, 2.142736950169384258 ) ) ;
#2235 = VERTEX_POINT ( 'NONE', #2584 ) ;
#2236 = CARTESIAN_POINT ( 'NONE',  ( -8.838126989374227166E-17, 1.443375672974063884, 1.687499999999999334 ) ) ;
#2237 = AXIS2_PLACEMENT_3D ( 'NONE', #3103, #2454, #1499 ) ;
#2238 = CARTESIAN_POINT ( 'NONE',  ( 3.499999999999999556, -3.994418803551850417, -1.058334322984920695 ) ) ;
#2239 = CARTESIAN_POINT ( 'NONE',  ( 0.000000000000000000, 4.000000000000000000, 0.000000000000000000 ) ) ;
#2240 = AXIS2_PLACEMENT_3D ( 'NONE', #2644, #5363, #5293 ) ;
#2241 = DIRECTION ( 'NONE',  ( 0.000000000000000000, 0.000000000000000000, -1.000000000000000000 ) ) ;
#2242 = CARTESIAN_POINT ( 'NONE',  ( -0.5573417656250000407, 0.9653442552426449996, -0.3697916663252684977 ) ) ;
#2243 = ORIENTED_EDGE ( 'NONE', *, *, #3110, .F. ) ;
#2244 = DIRECTION ( 'NONE',  ( 1.000000000000000000, -7.006492321624085355E-46, 0.000000000000000000 ) ) ;
#2245 = SURFACE_STYLE_FILL_AREA ( #622 ) ;
#2246 = ORIENTED_EDGE ( 'NONE', *, *, #5232, .F. ) ;
#2247 = CARTESIAN_POINT ( 'NONE',  ( 0.6250000000000000000, 1.082531754730549967, 0.9479166673494628936 ) ) ;
#2248 = CARTESIAN_POINT ( 'NONE',  ( 3.433639610306789436, 1.044815499854966578, 4.000000000000001776 ) ) ;
#2249 = VECTOR ( 'NONE', #4610, 1000.000000000000000 ) ;
#2250 = CARTESIAN_POINT ( 'NONE',  ( 0.5573417656250000407, 0.9653442552426449996, 1.026041667008064096 ) ) ;
#2251 = CARTESIAN_POINT ( 'NONE',  ( -7.619999999999996554, -4.506316948359405217, 1.220146594370606753E-14 ) ) ;
#2252 = VECTOR ( 'NONE', #4678, 1000.000000000000000 ) ;
#2253 = AXIS2_PLACEMENT_3D ( 'NONE', #3458, #5104, #6690 ) ;
#2254 = FACE_OUTER_BOUND ( 'NONE', #4303, .T. ) ;
#2255 = CARTESIAN_POINT ( 'NONE',  ( -7.520000000000000462, -2.139921993911723330, 5.166228700122148965 ) ) ;
#2256 = DIRECTION ( 'NONE',  ( -0.000000000000000000, -1.000000000000000000, 0.000000000000000000 ) ) ;
#2257 = CARTESIAN_POINT ( 'NONE',  ( 1.114683531249999637, 0.6435628368284300738, 0.2552083336747318909 ) ) ;
#2258 = ORIENTED_EDGE ( 'NONE', *, *, #1035, .F. ) ;
#2259 = LINE ( 'NONE', #2291, #4525 ) ;
#2260 = EDGE_CURVE ( 'NONE', #966, #6201, #6767, .T. ) ;
#2261 = CARTESIAN_POINT ( 'NONE',  ( -5.230905315269614775, -3.810969364385915270, -1.216874262391308026 ) ) ;
#2262 = CARTESIAN_POINT ( 'NONE',  ( -3.600000000000000533, -5.591885649938928005, 2.265286405596187656E-14 ) ) ;
#2263 = CARTESIAN_POINT ( 'NONE',  ( -7.881371681721266152E-17, 1.287125673656860148, 2.109375000341398021 ) ) ;
#2264 = CARTESIAN_POINT ( 'NONE',  ( -7.620000000000001883, 5.103323571721350760, -2.113865836585289149 ) ) ;
#2265 = CARTESIAN_POINT ( 'NONE',  ( 1.249999999999996891, 0.7216878364870320528, 1.927083334016127969 ) ) ;
#2266 = DIRECTION ( 'NONE',  ( -0.000000000000000000, -1.000000000000000000, -0.000000000000000000 ) ) ;
#2267 = CARTESIAN_POINT ( 'NONE',  ( -7.620000000000000995, -2.076125246344558306, 3.572835999435948651 ) ) ;
#2268 = CARTESIAN_POINT ( 'NONE',  ( -3.566360389693212785, -3.954060262691574845, 3.954060262691549532 ) ) ;
#2269 = EDGE_LOOP ( 'NONE', ( #3141, #2786, #3794, #2996, #2924, #4615, #4855, #2512, #2312, #1250, #5776 ) ) ;
#2270 = CARTESIAN_POINT ( 'NONE',  ( 1.250000000000001776, -0.7216878364870319418, 2.104166666666664742 ) ) ;
#2271 = CARTESIAN_POINT ( 'NONE',  ( -7.519999999999999574, -2.014475921483597443, -3.495145553417032147 ) ) ;
#2272 = CARTESIAN_POINT ( 'NONE',  ( -20.57894581320645599, 4.000000000000000000, -4.424478658457749347 ) ) ;
#2273 = DIRECTION ( 'NONE',  ( 0.000000000000000000, 0.000000000000000000, -1.000000000000000000 ) ) ;
#2274 = CARTESIAN_POINT ( 'NONE',  ( -7.620000000000000995, 5.506539936558767501, 2.861075311045296704E-15 ) ) ;
#2275 = DIRECTION ( 'NONE',  ( -0.4657806969269686070, 0.000000000000000000, -0.8849001878009900013 ) ) ;
#2276 = AXIS2_PLACEMENT_3D ( 'NONE', #169, #2363, #4408 ) ;
#2277 = EDGE_LOOP ( 'NONE', ( #4479, #5996, #605, #2042 ) ) ;
#2278 = CARTESIAN_POINT ( 'NONE',  ( 1.249999999999999556, 0.7216878364870319418, 1.177083334016129745 ) ) ;
#2279 = CARTESIAN_POINT ( 'NONE',  ( 3.399999999999999911, 3.134446499564893074, 3.134446499564900623 ) ) ;
#2280 = PRODUCT_DEFINITION_CONTEXT ( 'detailed design', #3128, 'design' ) ;
#2281 = CARTESIAN_POINT ( 'NONE',  ( -1.114683531249999637, -0.6435628368284300738, 0.6302083336747319464 ) ) ;
#2282 = UNCERTAINTY_MEASURE_WITH_UNIT (LENGTH_MEASURE( 1.000000000000000082E-05 ), #621, 'distance_accuracy_value', 'NONE');
#2283 = DIRECTION ( 'NONE',  ( -1.000000000000000000, -0.000000000000000000, -0.000000000000000000 ) ) ;
#2284 = AXIS2_PLACEMENT_3D ( 'NONE', #1433, #5563, #2385 ) ;
#2285 = CARTESIAN_POINT ( 'NONE',  ( -7.620000000000002771, -3.186447272360826144, 3.186447272360791949 ) ) ;
#2286 = DIRECTION ( 'NONE',  ( -1.000000000000000000, 0.000000000000000000, 0.000000000000000000 ) ) ;
#2287 = CARTESIAN_POINT ( 'NONE',  ( 1.030078356753834523, -0.5968042224912574190, 2.314708921976341038 ) ) ;
#2288 = CARTESIAN_POINT ( 'NONE',  ( -7.612830808016391337, 3.157397952676295638, -3.157397952676304964 ) ) ;
#2289 = EDGE_CURVE ( 'NONE', #6215, #41, #4711, .T. ) ;
#2290 = VERTEX_POINT ( 'NONE', #317 ) ;
#2291 = CARTESIAN_POINT ( 'NONE',  ( 6.288199648210911263, 4.000000000000000000, -11.94656354116590435 ) ) ;
#2292 = CARTESIAN_POINT ( 'NONE',  ( -5.559999999999999609, -9.600999999999999091, 1.250000000000000000 ) ) ;
#2293 = CARTESIAN_POINT ( 'NONE',  ( -3.583180194846605104, 3.954060262691557526, 3.954060262691560190 ) ) ;
#2294 = CARTESIAN_POINT ( 'NONE',  ( -0.5573417656250000407, 0.9653442552426449996, 1.380208333674731946 ) ) ;
#2295 = CARTESIAN_POINT ( 'NONE',  ( -7.612830808016388673, 3.932810401448943782, -3.932810401448955773 ) ) ;
#2296 = CARTESIAN_POINT ( 'NONE',  ( 3.492830808016390787, -3.157397952676304076, 3.157397952676298303 ) ) ;
#2297 = ORIENTED_EDGE ( 'NONE', *, *, #72, .F. ) ;
#2298 = DIRECTION ( 'NONE',  ( 0.000000000000000000, 0.000000000000000000, -1.000000000000000000 ) ) ;
#2299 = CYLINDRICAL_SURFACE ( 'NONE', #2276, 1.250000000000000000 ) ;
#2300 = CARTESIAN_POINT ( 'NONE',  ( -3.529289321881347252, -5.173024605696903144, 2.142736950169373600 ) ) ;
#2301 = ORIENTED_EDGE ( 'NONE', *, *, #1175, .T. ) ;
#2302 = AXIS2_PLACEMENT_3D ( 'NONE', #5901, #6383, #3777 ) ;
#2303 = CARTESIAN_POINT ( 'NONE',  ( 2.651438096812269876E-16, -1.443375672974063884, 0.3125000000000004441 ) ) ;
#2304 = CYLINDRICAL_SURFACE ( 'NONE', #4141, 5.000000000000000888 ) ;
#2305 = CARTESIAN_POINT ( 'NONE',  ( -7.553639610306789542, -5.421010862427522170E-17, 5.450000000000000178 ) ) ;
#2306 = CARTESIAN_POINT ( 'NONE',  ( 1.114683531250000526, -0.6435628368284300738, -0.4739583329919349053 ) ) ;
#2307 = SURFACE_STYLE_FILL_AREA ( #3287 ) ;
#2308 = EDGE_CURVE ( 'NONE', #2901, #1463, #1585, .T. ) ;
#2309 = DIRECTION ( 'NONE',  ( -0.000000000000000000, 1.000000000000000000, -0.000000000000000000 ) ) ;
#2310 = CARTESIAN_POINT ( 'NONE',  ( -3.500000000000001776, -2.172582384445689296, 5.245077857901653040 ) ) ;
#2311 = ADVANCED_FACE ( 'NONE', ( #6189 ), #5234, .F. ) ;
#2312 = ORIENTED_EDGE ( 'NONE', *, *, #5634, .F. ) ;
#2313 = CARTESIAN_POINT ( 'NONE',  ( -8.838126989374227166E-17, 1.443375672974063884, 1.718750000682794710 ) ) ;
#2314 = VERTEX_POINT ( 'NONE', #5795 ) ;
#2315 = EDGE_LOOP ( 'NONE', ( #6685, #1350, #1094, #6061 ) ) ;
#2316 = CARTESIAN_POINT ( 'NONE',  ( 3.433639610306788992, 3.134446499564897515, -3.134446499564897515 ) ) ;
#2317 = CARTESIAN_POINT ( 'NONE',  ( -0.8516302080607673908, -0.8599650467022403877, 0.9999999999999995559 ) ) ;
#2318 = AXIS2_PLACEMENT_3D ( 'NONE', #3442, #2944, #4155 ) ;
#2319 = LINE ( 'NONE', #3999, #4356 ) ;
#2320 = CARTESIAN_POINT ( 'NONE',  ( -7.620000000000000107, -1.062149090786939309, 4.066360389693207900 ) ) ;
#2321 = CARTESIAN_POINT ( 'NONE',  ( 16.66334466764629596, 3.500000000000000000, 4.500042430453816245 ) ) ;
#2322 = CARTESIAN_POINT ( 'NONE',  ( 0.7711988497758673899, -0.9102583082733747277, 2.305821615531073565 ) ) ;
#2323 = CARTESIAN_POINT ( 'NONE',  ( -7.620000000000001883, -3.212807662054024682, -3.212807662054022462 ) ) ;
#2324 = ORIENTED_EDGE ( 'NONE', *, *, #2868, .T. ) ;
#2325 = DIRECTION ( 'NONE',  ( -1.000000000000000000, -0.000000000000000000, -0.000000000000000000 ) ) ;
#2326 = EDGE_CURVE ( 'NONE', #5455, #6045, #3535, .T. ) ;
#2327 = DIRECTION ( 'NONE',  ( -1.000000000000000000, -0.000000000000000000, -0.000000000000000000 ) ) ;
#2328 = DIRECTION ( 'NONE',  ( 0.000000000000000000, 0.000000000000000000, -1.000000000000000000 ) ) ;
#2329 = CARTESIAN_POINT ( 'NONE',  ( -0.5573417656250000407, 0.9653442552426449996, 1.880208333674729948 ) ) ;
#2330 = CARTESIAN_POINT ( 'NONE',  ( -7.612830808016392226, 3.932810401448951332, 3.932810401448953108 ) ) ;
#2331 = CARTESIAN_POINT ( 'NONE',  ( 3.500000000000000000, -3.212807662054016689, -3.212807662054022018 ) ) ;
#2332 = ADVANCED_FACE ( 'NONE', ( #869 ), #5910, .F. ) ;
#2333 = ORIENTED_EDGE ( 'NONE', *, *, #840, .F. ) ;
#2334 = CARTESIAN_POINT ( 'NONE',  ( -18.25000000000000000, 3.500000000000000000, 0.000000000000000000 ) ) ;
#2335 = FACE_OUTER_BOUND ( 'NONE', #6521, .T. ) ;
#2336 = CARTESIAN_POINT ( 'NONE',  ( -3.529289321881348140, -3.959261623634326988, 3.959261623634299010 ) ) ;
#2337 = VERTEX_POINT ( 'NONE', #1962 ) ;
#2338 = EDGE_CURVE ( 'NONE', #1840, #566, #1, .T. ) ;
#2339 = CARTESIAN_POINT ( 'NONE',  ( 0.6250000000000000000, 1.082531754730549967, 0.4166666666666670182 ) ) ;
#2340 = CARTESIAN_POINT ( 'NONE',  ( 1.250000000000000000, 1.530808498934190091E-16, 1.625000000000000000 ) ) ;
#2341 = CARTESIAN_POINT ( 'NONE',  ( -3.500000000000000000, 0.000000000000000000, 0.000000000000000000 ) ) ;
#2342 = CARTESIAN_POINT ( 'NONE',  ( 2.364411504516379476E-16, -1.287125673656860148, -0.2656249996586012019 ) ) ;
#2343 = LINE ( 'NONE', #178, #2537 ) ;
#2344 = CARTESIAN_POINT ( 'NONE',  ( -3.500000000000000444, 0.000000000000000000, 5.550000000000000711 ) ) ;
#2345 = EDGE_LOOP ( 'NONE', ( #4455, #1860, #3008, #5864, #2324, #4236 ) ) ;
#2346 = CARTESIAN_POINT ( 'NONE',  ( -1.249999999999999556, -0.7216878364870319418, 0.8020833340161301894 ) ) ;
#2347 = ORIENTED_EDGE ( 'NONE', *, *, #72, .T. ) ;
#2348 = CARTESIAN_POINT ( 'NONE',  ( 3.470710678118654524, -1.046688120581442227, 4.007169191983607881 ) ) ;
#2349 = CARTESIAN_POINT ( 'NONE',  ( -18.25000000000000000, 4.000000000000000000, 2.499999999999998668 ) ) ;
#2350 = CARTESIAN_POINT ( 'NONE',  ( -0.6250000000000000000, -1.082531754730549967, 2.072916667349464781 ) ) ;
#2351 = CARTESIAN_POINT ( 'NONE',  ( -7.620000000000000107, 6.776263578034402713E-16, -5.349999999999999645 ) ) ;
#2352 = DIRECTION ( 'NONE',  ( -1.000000000000000000, -0.000000000000000000, -0.000000000000000000 ) ) ;
#2353 = CARTESIAN_POINT ( 'NONE',  ( -11.00454545454544331, 0.5000000000000000000, 4.785392286829072361 ) ) ;
#2354 = CARTESIAN_POINT ( 'NONE',  ( -7.619999999999999218, 3.199627467207410536, -3.199627467207418530 ) ) ;
#2355 = CONICAL_SURFACE ( 'NONE', #4037, 9.597815608934052278, 1.397128121818806301 ) ;
#2356 = LINE ( 'NONE', #2292, #2174 ) ;
#2357 = CARTESIAN_POINT ( 'NONE',  ( -1.114683531250000081, 0.000000000000000000, 1.171875000341397799 ) ) ;
#2358 = CARTESIAN_POINT ( 'NONE',  ( -7.590710678118655075, -2.137107037654034869, -5.159432794547401890 ) ) ;
#2359 = CARTESIAN_POINT ( 'NONE',  ( 3.500000000000001332, -1.066542489069137734, 4.083180194846604216 ) ) ;
#2360 = ORIENTED_EDGE ( 'NONE', *, *, #6308, .F. ) ;
#2361 = CARTESIAN_POINT ( 'NONE',  ( -0.5195442886082950462, 0.9933862862880988853, 2.379928275555315942 ) ) ;
#2362 = EDGE_LOOP ( 'NONE', ( #1615, #633 ) ) ;
#2363 = DIRECTION ( 'NONE',  ( 0.000000000000000000, 0.000000000000000000, -1.000000000000000000 ) ) ;
#2364 = CARTESIAN_POINT ( 'NONE',  ( -3.499999999999999556, 4.002205763591129006, 4.002205763591130783 ) ) ;
#2365 = EDGE_LOOP ( 'NONE', ( #6014, #5420, #2568, #588 ) ) ;
#2366 = VECTOR ( 'NONE', #2557, 1000.000000000000114 ) ;
#2367 = CARTESIAN_POINT ( 'NONE',  ( -1.249999999999999556, -0.7216878364870319418, 1.020833333333333703 ) ) ;
#2368 = CARTESIAN_POINT ( 'NONE',  ( 0.6250000000000000000, 1.082531754730549967, 1.666666666666664964 ) ) ;
#2369 = LINE ( 'NONE', #3918, #2774 ) ;
#2370 = CARTESIAN_POINT ( 'NONE',  ( -7.620000000000001883, -3.893711730015262162, 3.893711730015236405 ) ) ;
#2371 = DIRECTION ( 'NONE',  ( 1.000000000000000000, -7.006492321624085355E-46, 0.000000000000000000 ) ) ;
#2372 = AXIS2_PLACEMENT_3D ( 'NONE', #4164, #40, #2138 ) ;
#2373 = PLANE ( 'NONE',  #409 ) ;
#2374 = CARTESIAN_POINT ( 'NONE',  ( -3.500000000000000444, 0.000000000000000000, 5.533180194846606170 ) ) ;
#2375 = ORIENTED_EDGE ( 'NONE', *, *, #663, .T. ) ;
#2376 = CARTESIAN_POINT ( 'NONE',  ( -1.250000000000000000, 0.000000000000000000, 1.031250000682796042 ) ) ;
#2377 = CARTESIAN_POINT ( 'NONE',  ( 1.114683531250000081, 1.365093618607580186E-16, 2.296875000341399797 ) ) ;
#2378 = EDGE_LOOP ( 'NONE', ( #3572, #167, #4981, #1804 ) ) ;
#2379 = ORIENTED_EDGE ( 'NONE', *, *, #3165, .F. ) ;
#2380 = CARTESIAN_POINT ( 'NONE',  ( 3.500000000000000000, -3.186447272360806604, -3.186447272360811489 ) ) ;
#2381 =( BOUNDED_SURFACE ( )  B_SPLINE_SURFACE ( 1, 2, ( 
 ( #2662, #4796, #1609, #3747, #2171, #590, #2209, #5344, #2696, #4835, #4306, #6428, #4341, #3254, #2734, #4870, #73, #1444, #360, #3049, #3545, #3579, #949, #3159, #3084, #6748, #5706, #2497, #916, #5187, #4639, #3647, #1974, #5218, #4105, #1477, #325, #2598, #391, #2462, #4669, #6228, #6847, #4208, #4074, #5156, #2530, #424, #5774, #2567, #6776, #2075, #2005, #6330, #4737, #1545, #3685, #4603, #6713, #459, #1941, #4703, #6196, #4137, #984, #1413, #3013, #3119, #2037, #6259, #3612, #5811, #5742, #6805, #5670, #4175, #6293, #1511, #880, #5253, #1021, #1293, #1127, #4809, #6402, #5324, #1624, #3761, #530, #1692, #15, #5918, #2150, #6442, #5287, #632, #5884, #498, #2711, #4283, #4920, #2257, #2112, #3199, #1093, #3267, #3825, #5396, #4850, #6507, #4881, #3233, #1056, #2673, #5359, #2640, #53, #603, #121, #4394, #2781, #4318, #565, #2746, #6884, #2185, #1656, #3793, #5431, #86, #3723, #1821, #3959, #6078, #2221, #4775, #4246, #6368, #1586, #4352, #6476, #5949, #1165, #5851, #3300 ),
 ( #4585, #1326, #1990, #5656, #5587, #1958, #2377, #4519, #3034, #768, #5112, #802, #2514, #3434, #2900, #4028, #4121, #312, #1858, #5048, #343, #5557, #5078, #250, #2481, #3466, #6697, #6149, #6635, #1362, #377, #4089, #1928, #3500, #6731, #4619, #6184, #5625, #4057, #829, #2998, #2935, #6214, #283, #3994, #898, #864, #5172, #5689, #5142, #6115, #1428, #3562, #4653, #2415, #2968, #4553, #6764, #6243, #2449, #6668, #1399, #1895, #3531, #5270, #550, #5231, #2659, #3140, #514, #4793, #1563, #5725, #36, #2167, #965, #4158, #5203, #5791, #1496, #6792, #5833, #932, #2094, #3217, #440, #2621, #4267, #3630, #1075, #5758, #6828, #4756, #2690, #4302, #6349, #4227, #4830, #3100, #6866, #4191, #3068, #6385, #3598, #5341, #3743, #2130, #479, #1039, #857, #5867, #1461, #406, #2020, #3665, #1605, #3705, #2547, #2054, #4686, #6275, #6310, #3179, #5306, #2581, #4719, #1526, #1001, #587, #2342, #2832, #693, #4336, #176, #2242, #106, #2205, #6526, #3285, #2306, #6425, #3250, #5376, #5480, #4449 ) ),
 .UNSPECIFIED., .F., .F., .T. ) 
 B_SPLINE_SURFACE_WITH_KNOTS ( ( 2, 2 ),
 ( 3, 2, 2, 2, 2, 2, 2, 2, 2, 2, 2, 2, 2, 2, 2, 2, 2, 2, 2, 2, 2, 2, 2, 2, 2, 2, 2, 2, 2, 2, 2, 2, 2, 2, 2, 2, 2, 2, 2, 2, 2, 2, 2, 2, 2, 2, 2, 2, 2, 2, 2, 2, 2, 2, 2, 2, 2, 2, 2, 2, 2, 2, 2, 2, 2, 2, 2, 2, 2, 2, 2, 2, 3 ),
 ( 0.000000000000000000, 1.000000000000000000 ),
 ( 0.000000000000000000, 0.01388888888888890026, 0.02777777777777780052, 0.04166666666666665048, 0.05555555555555560104, 0.06944444444444450304, 0.08333333333333330095, 0.09722222222222219601, 0.1111111111111110078, 0.1250000000000000000, 0.1388888888888890061, 0.1527777777777780122, 0.1666666666666665186, 0.1805555555555554970, 0.1944444444444445030, 0.2083333333333335091, 0.2222222222222219878, 0.2361111111111110217, 0.2500000000000000000, 0.2638888888888890061, 0.2777777777777780122, 0.2916666666666665186, 0.3055555555555554692, 0.3194444444444444753, 0.3333333333333335369, 0.3472222222222220434, 0.3611111111111109939, 0.3750000000000000000, 0.3888888888888890061, 0.4027777777777780122, 0.4166666666666665186, 0.4305555555555554692, 0.4444444444444444753, 0.4583333333333329818, 0.4722222222222220434, 0.4861111111111109939, 0.5000000000000000000, 0.5138888888888889506, 0.5277777777777779011, 0.5416666666666670737, 0.5555555555555560243, 0.5694444444444440867, 0.5833333333333330373, 0.5972222222222219878, 0.6111111111111110494, 0.6250000000000000000, 0.6388888888888889506, 0.6527777777777779011, 0.6666666666666670737, 0.6805555555555560243, 0.6944444444444440867, 0.7083333333333330373, 0.7222222222222219878, 0.7361111111111110494, 0.7500000000000000000, 0.7638888888888889506, 0.7777777777777779011, 0.7916666666666670737, 0.8055555555555560243, 0.8194444444444450859, 0.8333333333333330373, 0.8472222222222219878, 0.8611111111111110494, 0.8750000000000000000, 0.8888888888888889506, 0.9027777777777779011, 0.9166666666666670737, 0.9305555555555560243, 0.9444444444444440867, 0.9583333333333330373, 0.9722222222222219878, 0.9861111111111110494, 1.000000000000000000 ),
 .UNSPECIFIED. ) 
 GEOMETRIC_REPRESENTATION_ITEM ( )  RATIONAL_B_SPLINE_SURFACE ( (
 ( 1.000000000000000000, 0.8660254037844389297, 1.000000000000000000, 0.8660254037844389297, 1.000000000000000000, 0.8660254037844389297, 1.000000000000000000, 0.8660254037844389297, 1.000000000000000000, 0.8660254037844389297, 1.000000000000000000, 0.8660254037844389297, 1.000000000000000000, 0.8660254037844389297, 1.000000000000000000, 0.8660254037844389297, 1.000000000000000000, 0.8660254037844389297, 1.000000000000000000, 0.8660254037844389297, 1.000000000000000000, 0.8660254037844389297, 1.000000000000000000, 0.8660254037844389297, 1.000000000000000000, 0.8660254037844389297, 1.000000000000000000, 0.8660254037844389297, 1.000000000000000000, 0.8660254037844389297, 1.000000000000000000, 0.8660254037844389297, 1.000000000000000000, 0.8660254037844389297, 1.000000000000000000, 0.8660254037844389297, 1.000000000000000000, 0.8660254037844389297, 1.000000000000000000, 0.8660254037844389297, 1.000000000000000000, 0.8660254037844389297, 1.000000000000000000, 0.8660254037844389297, 1.000000000000000000, 0.8660254037844389297, 1.000000000000000000, 0.8660254037844389297, 1.000000000000000000, 0.8660254037844389297, 1.000000000000000000, 0.8660254037844389297, 1.000000000000000000, 0.8660254037844389297, 1.000000000000000000, 0.8660254037844389297, 1.000000000000000000, 0.8660254037844389297, 1.000000000000000000, 0.8660254037844389297, 1.000000000000000000, 0.8660254037844389297, 1.000000000000000000, 0.8660254037844389297, 1.000000000000000000, 0.8660254037844389297, 1.000000000000000000, 0.8660254037844389297, 1.000000000000000000, 0.8660254037844389297, 1.000000000000000000, 0.8660254037844389297, 1.000000000000000000, 0.8660254037844389297, 1.000000000000000000, 0.8660254037844389297, 1.000000000000000000, 0.8660254037844389297, 1.000000000000000000, 0.8660254037844389297, 1.000000000000000000, 0.8660254037844389297, 1.000000000000000000, 0.8660254037844389297, 1.000000000000000000, 0.8660254037844389297, 1.000000000000000000, 0.8660254037844389297, 1.000000000000000000, 0.8660254037844389297, 1.000000000000000000, 0.8660254037844389297, 1.000000000000000000, 0.8660254037844389297, 1.000000000000000000, 0.8660254037844389297, 1.000000000000000000, 0.8660254037844389297, 1.000000000000000000, 0.8660254037844389297, 1.000000000000000000, 0.8660254037844389297, 1.000000000000000000, 0.8660254037844389297, 1.000000000000000000, 0.8660254037844389297, 1.000000000000000000, 0.8660254037844389297, 1.000000000000000000, 0.8660254037844389297, 1.000000000000000000, 0.8660254037844389297, 1.000000000000000000, 0.8660254037844389297, 1.000000000000000000, 0.8660254037844389297, 1.000000000000000000, 0.8660254037844389297, 1.000000000000000000, 0.8660254037844389297, 1.000000000000000000, 0.8660254037844389297, 1.000000000000000000, 0.8660254037844389297, 1.000000000000000000, 0.8660254037844389297, 1.000000000000000000, 0.8660254037844389297, 1.000000000000000000, 0.8660254037844389297, 1.000000000000000000, 0.8660254037844389297, 1.000000000000000000, 0.8660254037844389297, 1.000000000000000000, 0.8660254037844389297, 1.000000000000000000, 0.8660254037844389297, 1.000000000000000000, 0.8660254037844389297, 1.000000000000000000, 0.8660254037844389297, 1.000000000000000000, 0.8660254037844389297, 1.000000000000000000),
 ( 1.000000000000000000, 0.8660254037844389297, 1.000000000000000000, 0.8660254037844389297, 1.000000000000000000, 0.8660254037844389297, 1.000000000000000000, 0.8660254037844389297, 1.000000000000000000, 0.8660254037844389297, 1.000000000000000000, 0.8660254037844389297, 1.000000000000000000, 0.8660254037844389297, 1.000000000000000000, 0.8660254037844389297, 1.000000000000000000, 0.8660254037844389297, 1.000000000000000000, 0.8660254037844389297, 1.000000000000000000, 0.8660254037844389297, 1.000000000000000000, 0.8660254037844389297, 1.000000000000000000, 0.8660254037844389297, 1.000000000000000000, 0.8660254037844389297, 1.000000000000000000, 0.8660254037844389297, 1.000000000000000000, 0.8660254037844389297, 1.000000000000000000, 0.8660254037844389297, 1.000000000000000000, 0.8660254037844389297, 1.000000000000000000, 0.8660254037844389297, 1.000000000000000000, 0.8660254037844389297, 1.000000000000000000, 0.8660254037844389297, 1.000000000000000000, 0.8660254037844389297, 1.000000000000000000, 0.8660254037844389297, 1.000000000000000000, 0.8660254037844389297, 1.000000000000000000, 0.8660254037844389297, 1.000000000000000000, 0.8660254037844389297, 1.000000000000000000, 0.8660254037844389297, 1.000000000000000000, 0.8660254037844389297, 1.000000000000000000, 0.8660254037844389297, 1.000000000000000000, 0.8660254037844389297, 1.000000000000000000, 0.8660254037844389297, 1.000000000000000000, 0.8660254037844389297, 1.000000000000000000, 0.8660254037844389297, 1.000000000000000000, 0.8660254037844389297, 1.000000000000000000, 0.8660254037844389297, 1.000000000000000000, 0.8660254037844389297, 1.000000000000000000, 0.8660254037844389297, 1.000000000000000000, 0.8660254037844389297, 1.000000000000000000, 0.8660254037844389297, 1.000000000000000000, 0.8660254037844389297, 1.000000000000000000, 0.8660254037844389297, 1.000000000000000000, 0.8660254037844389297, 1.000000000000000000, 0.8660254037844389297, 1.000000000000000000, 0.8660254037844389297, 1.000000000000000000, 0.8660254037844389297, 1.000000000000000000, 0.8660254037844389297, 1.000000000000000000, 0.8660254037844389297, 1.000000000000000000, 0.8660254037844389297, 1.000000000000000000, 0.8660254037844389297, 1.000000000000000000, 0.8660254037844389297, 1.000000000000000000, 0.8660254037844389297, 1.000000000000000000, 0.8660254037844389297, 1.000000000000000000, 0.8660254037844389297, 1.000000000000000000, 0.8660254037844389297, 1.000000000000000000, 0.8660254037844389297, 1.000000000000000000, 0.8660254037844389297, 1.000000000000000000, 0.8660254037844389297, 1.000000000000000000, 0.8660254037844389297, 1.000000000000000000, 0.8660254037844389297, 1.000000000000000000, 0.8660254037844389297, 1.000000000000000000, 0.8660254037844389297, 1.000000000000000000, 0.8660254037844389297, 1.000000000000000000, 0.8660254037844389297, 1.000000000000000000, 0.8660254037844389297, 1.000000000000000000, 0.8660254037844389297, 1.000000000000000000, 0.8660254037844389297, 1.000000000000000000, 0.8660254037844389297, 1.000000000000000000, 0.8660254037844389297, 1.000000000000000000, 0.8660254037844389297, 1.000000000000000000, 0.8660254037844389297, 1.000000000000000000, 0.8660254037844389297, 1.000000000000000000, 0.8660254037844389297, 1.000000000000000000) ) ) 
 REPRESENTATION_ITEM ( '' )  SURFACE ( )  );
#2382 = CARTESIAN_POINT ( 'NONE',  ( 1.114683531250000526, -0.6435628368284300738, -0.5364583329919344612 ) ) ;
#2383 = AXIS2_PLACEMENT_3D ( 'NONE', #5620, #825, #6759 ) ;
#2384 = CARTESIAN_POINT ( 'NONE',  ( -10.96959910844336683, 0.5000000000000000000, 9.482504700765428396 ) ) ;
#2385 = DIRECTION ( 'NONE',  ( 0.000000000000000000, 0.000000000000000000, -1.000000000000000000 ) ) ;
#2386 = CARTESIAN_POINT ( 'NONE',  ( -6.327689384647140258, -5.358754923042041263, -1.000026595093903792 ) ) ;
#2387 = CARTESIAN_POINT ( 'NONE',  ( 0.09369229770624605547, -1.202847484713585491, 2.290398212444678006 ) ) ;
#2388 = PLANE ( 'NONE',  #248 ) ;
#2389 = DIRECTION ( 'NONE',  ( -0.3939572814174826521, 0.6671246877085702520, -0.6322517785407084645 ) ) ;
#2390 = AXIS2_PLACEMENT_3D ( 'NONE', #1864, #3005, #350 ) ;
#2391 = EDGE_CURVE ( 'NONE', #5455, #5325, #1852, .T. ) ;
#2392 = CYLINDRICAL_SURFACE ( 'NONE', #6631, 2.499999999999998668 ) ;
#2393 = CARTESIAN_POINT ( 'NONE',  ( -1.114683531250000081, 0.000000000000000000, 0.9218750003413980210 ) ) ;
#2394 = CIRCLE ( 'NONE', #5179, 4.500000000000000888 ) ;
#2395 = ADVANCED_FACE ( 'NONE', ( #5418, #6497 ), #4910, .T. ) ;
#2396 = CARTESIAN_POINT ( 'NONE',  ( -7.553639610306791319, 5.166228700122150741, -2.139921993911719778 ) ) ;
#2397 = CARTESIAN_POINT ( 'NONE',  ( 3.500000000000001332, -1.062149090786935757, 4.066360389693209676 ) ) ;
#2398 = ADVANCED_FACE ( 'NONE', ( #4761 ), #6390, .F. ) ;
#2399 = ORIENTED_EDGE ( 'NONE', *, *, #3132, .T. ) ;
#2400 = DIRECTION ( 'NONE',  ( -0.000000000000000000, -1.000000000000000000, -0.000000000000000000 ) ) ;
#2401 = EDGE_CURVE ( 'NONE', #4744, #3336, #3932, .T. ) ;
#2402 = ORIENTED_EDGE ( 'NONE', *, *, #4011, .T. ) ;
#2403 = CYLINDRICAL_SURFACE ( 'NONE', #5552, 1.250000000000000000 ) ;
#2404 = CARTESIAN_POINT ( 'NONE',  ( -3.500000000000000444, 0.000000000000000000, 5.533180194846606170 ) ) ;
#2405 = ORIENTED_EDGE ( 'NONE', *, *, #1981, .F. ) ;
#2406 = ADVANCED_FACE ( 'NONE', ( #6353 ), #2381, .T. ) ;
#2407 = CARTESIAN_POINT ( 'NONE',  ( -7.619999999999998330, 0.5349999309734536634, -4.100095583215299655 ) ) ;
#2408 = CARTESIAN_POINT ( 'NONE',  ( 0.000000000000000000, 0.000000000000000000, 13.43000000000000149 ) ) ;
#2409 = CARTESIAN_POINT ( 'NONE',  ( -7.612830808016391337, 0.000000000000000000, 5.420710678118655146 ) ) ;
#2410 = CARTESIAN_POINT ( 'NONE',  ( -1.114683531249999415, -0.6435628368284300738, 1.192708333674730836 ) ) ;
#2411 = CARTESIAN_POINT ( 'NONE',  ( -3.500000000000000888, -0.7219927170793840610, 5.516360389693211630 ) ) ;
#2412 = CIRCLE ( 'NONE', #3978, 13.43000000000000149 ) ;
#2413 = VERTEX_POINT ( 'NONE', #1219 ) ;
#2414 = CARTESIAN_POINT ( 'NONE',  ( 1.250000000000000000, 1.530808498934190091E-16, 0.4062500006827969856 ) ) ;
#2415 = CARTESIAN_POINT ( 'NONE',  ( 1.114683531250000081, 1.365093618607580186E-16, 1.296875000341400241 ) ) ;
#2416 = VERTEX_POINT ( 'NONE', #2730 ) ;
#2417 = EDGE_CURVE ( 'NONE', #3936, #4047, #6562, .T. ) ;
#2418 = ORIENTED_EDGE ( 'NONE', *, *, #5088, .T. ) ;
#2419 = DIRECTION ( 'NONE',  ( 1.000000000000000000, 0.000000000000000000, 0.000000000000000000 ) ) ;
#2420 = CARTESIAN_POINT ( 'NONE',  ( -0.9891740508440359791, -0.7170272580717980127, 0.9999999999999995559 ) ) ;
#2421 = LINE ( 'NONE', #6049, #5618 ) ;
#2422 = CARTESIAN_POINT ( 'NONE',  ( 0.6250000000000000000, -1.082531754730548190, 2.083333333333335258 ) ) ;
#2423 = B_SPLINE_CURVE_WITH_KNOTS ( 'NONE', 3,
 ( #818, #2361, #6168, #2887, #5032, #234, #1913, #5642, #6617, #3976, #5096, #4046, #1383, #1841 ),
 .UNSPECIFIED., .F., .F.,
 ( 4, 2, 2, 2, 2, 2, 4 ),
 ( 0.000000000000000000, 0.1250000000000000278, 0.2500000000000000555, 0.5000000000000000000, 0.6250000000000000000, 0.7499999999999998890, 1.000000000000000000 ),
 .UNSPECIFIED. ) ;
#2424 = DIRECTION ( 'NONE',  ( -1.000000000000000000, -0.000000000000000000, -0.000000000000000000 ) ) ;
#2425 = CARTESIAN_POINT ( 'NONE',  ( -4.310000000000001386, -0.1662597369756282084, -4.000000000000000888 ) ) ;
#2426 = LINE ( 'NONE', #414, #2925 ) ;
#2427 = DIRECTION ( 'NONE',  ( 0.5974757281358586969, -2.457318142611680031E-29, 0.8018869959592345165 ) ) ;
#2428 = AXIS2_PLACEMENT_3D ( 'NONE', #1235, #5057, #320 ) ;
#2429 = FACE_OUTER_BOUND ( 'NONE', #6171, .T. ) ;
#2430 = CARTESIAN_POINT ( 'NONE',  ( -1.114683531250000081, 0.000000000000000000, -0.07812499965860168760 ) ) ;
#2431 = CARTESIAN_POINT ( 'NONE',  ( -7.536819805153395890, -5.421010862427522170E-17, 5.450000000000000178 ) ) ;
#2432 = CARTESIAN_POINT ( 'NONE',  ( 3.500000000000000888, 6.505213034913026604E-16, 4.083180194846605104 ) ) ;
#2433 = VERTEX_POINT ( 'NONE', #6460 ) ;
#2434 = PRODUCT_DEFINITION_FORMATION_WITH_SPECIFIED_SOURCE ( 'ANY', '', #2136, .NOT_KNOWN. ) ;
#2435 = DIRECTION ( 'NONE',  ( -1.000000000000000000, -0.000000000000000000, -0.000000000000000000 ) ) ;
#2436 = ORIENTED_EDGE ( 'NONE', *, *, #3020, .T. ) ;
#2437 = EDGE_CURVE ( 'NONE', #2956, #2571, #140, .T. ) ;
#2438 = CARTESIAN_POINT ( 'NONE',  ( -7.619999999999999218, -3.994418803551517350, 1.058334322986035358 ) ) ;
#2439 = AXIS2_PLACEMENT_3D ( 'NONE', #2580, #1074, #4718 ) ;
#2440 = ORIENTED_EDGE ( 'NONE', *, *, #6360, .T. ) ;
#2441 = PLANE ( 'NONE',  #894 ) ;
#2442 = DIRECTION ( 'NONE',  ( 0.000000000000000000, 0.000000000000000000, 1.000000000000000000 ) ) ;
#2443 = CARTESIAN_POINT ( 'NONE',  ( -7.612830808016388673, 3.932810401448943782, -3.932810401448955773 ) ) ;
#2444 = EDGE_CURVE ( 'NONE', #1489, #4422, #6035, .T. ) ;
#2445 = DIRECTION ( 'NONE',  ( -1.000000000000000000, -0.000000000000000000, -0.000000000000000000 ) ) ;
#2446 = CARTESIAN_POINT ( 'NONE',  ( -3.500000000000000000, 5.245077857901651264, 2.172582384445680415 ) ) ;
#2447 = ORIENTED_EDGE ( 'NONE', *, *, #3025, .F. ) ;
#2448 = CARTESIAN_POINT ( 'NONE',  ( -0.6250000000000000000, -1.082531754730549967, -0.6770833326505369953 ) ) ;
#2449 = CARTESIAN_POINT ( 'NONE',  ( -1.114683531249999637, -0.6435628368284300738, 1.192708333674730836 ) ) ;
#2450 = ORIENTED_EDGE ( 'NONE', *, *, #5102, .F. ) ;
#2451 = ORIENTED_EDGE ( 'NONE', *, *, #6334, .T. ) ;
#2452 = CARTESIAN_POINT ( 'NONE',  ( 3.499999999999998668, 3.212807662054016244, 3.212807662054023350 ) ) ;
#2453 = CARTESIAN_POINT ( 'NONE',  ( -0.5573417656249990415, -0.9653442552426459988, -0.5989583329919350163 ) ) ;
#2454 = DIRECTION ( 'NONE',  ( 0.000000000000000000, -1.000000000000000000, 0.000000000000000000 ) ) ;
#2455 = CARTESIAN_POINT ( 'NONE',  ( 3.101010643070036821, 1.175393416428758969E-15, -9.597815608934052278 ) ) ;
#2456 = CARTESIAN_POINT ( 'NONE',  ( -6.769773356059712199, -5.440892177133224372, -0.3250368239875203735 ) ) ;
#2457 = FACE_OUTER_BOUND ( 'NONE', #247, .T. ) ;
#2458 = COLOUR_RGB ( '',0.7921568627450980005, 0.8196078431372548767, 0.9333333333333333481 ) ;
#2459 = APPLICATION_PROTOCOL_DEFINITION ( 'draft international standard', 'automotive_design', 1998, #6382 ) ;
#2460 = DIRECTION ( 'NONE',  ( -0.000000000000000000, 1.000000000000000000, -0.000000000000000000 ) ) ;
#2461 = CARTESIAN_POINT ( 'NONE',  ( 0.5573417656250010399, -0.9653442552426449996, 0.005208333674731539624 ) ) ;
#2462 = CARTESIAN_POINT ( 'NONE',  ( -7.881371681721266152E-17, 1.287125673656860148, 1.546875000341396467 ) ) ;
#2463 = ADVANCED_FACE ( 'NONE', ( #1677 ), #85, .T. ) ;
#2464 = ORIENTED_EDGE ( 'NONE', *, *, #4707, .T. ) ;
#2465 = CARTESIAN_POINT ( 'NONE',  ( 0.000000000000000000, -4.500000000000000888, 0.000000000000000000 ) ) ;
#2466 = ORIENTED_EDGE ( 'NONE', *, *, #4786, .T. ) ;
#2467 = AXIS2_PLACEMENT_3D ( 'NONE', #5040, #1774, #691 ) ;
#2468 = CARTESIAN_POINT ( 'NONE',  ( 0.000000000000000000, 0.5000000000000000000, 0.000000000000000000 ) ) ;
#2469 = ORIENTED_EDGE ( 'NONE', *, *, #3020, .F. ) ;
#2470 = AXIS2_PLACEMENT_3D ( 'NONE', #3384, #4821, #29 ) ;
#2471 = CONICAL_SURFACE ( 'NONE', #3370, 8.799999999999998934, 1.397040855456441966 ) ;
#2472 = CARTESIAN_POINT ( 'NONE',  ( 6.323636270852379226, 4.000000000000000000, -11.92791110130234600 ) ) ;
#2473 = CARTESIAN_POINT ( 'NONE',  ( -3.448989356929962558, 1.175391920242159397E-15, -9.597803391643314086 ) ) ;
#2474 = CARTESIAN_POINT ( 'NONE',  ( -7.619999999999996554, 3.905914761791982048, -3.905914761791992706 ) ) ;
#2475 = CARTESIAN_POINT ( 'NONE',  ( -1.250000000000000000, 0.000000000000000000, 2.500000000000000000 ) ) ;
#2476 = CARTESIAN_POINT ( 'NONE',  ( -3.898989356929963179, 0.000000000000000000, 0.000000000000000000 ) ) ;
#2477 = ORIENTED_EDGE ( 'NONE', *, *, #6421, .T. ) ;
#2478 = ORIENTED_EDGE ( 'NONE', *, *, #76, .T. ) ;
#2479 = VECTOR ( 'NONE', #1536, 1000.000000000000000 ) ;
#2480 = CARTESIAN_POINT ( 'NONE',  ( -1.249999999999999556, -0.7216878364870319418, 0.05208333401612990493 ) ) ;
#2481 = CARTESIAN_POINT ( 'NONE',  ( -1.114683531250000081, 0.000000000000000000, 1.921875000341400019 ) ) ;
#2482 = ORIENTED_EDGE ( 'NONE', *, *, #4812, .F. ) ;
#2483 = CARTESIAN_POINT ( 'NONE',  ( 3.500000000000000888, 6.505213034913026604E-16, 4.100000000000000533 ) ) ;
#2484 = CARTESIAN_POINT ( 'NONE',  ( 1.114683531250000081, 1.365093618607580186E-16, 1.234375000341400019 ) ) ;
#2485 = ADVANCED_BREP_SHAPE_REPRESENTATION ( '', ( #6461, #1443 ), #3354 ) ;
#2486 = LINE ( 'NONE', #5662, #1159 ) ;
#2487 = CARTESIAN_POINT ( 'NONE',  ( 1.250000000000000000, 1.530808498934190091E-16, 1.406250000682796042 ) ) ;
#2488 = DIRECTION ( 'NONE',  ( -0.000000000000000000, 0.000000000000000000, -1.000000000000000000 ) ) ;
#2489 = ORIENTED_EDGE ( 'NONE', *, *, #542, .T. ) ;
#2490 = CARTESIAN_POINT ( 'NONE',  ( 0.5573417656250010399, -0.9653442552426449996, 1.692708333674729948 ) ) ;
#2491 = DIRECTION ( 'NONE',  ( 0.000000000000000000, 1.000000000000000000, -0.000000000000000000 ) ) ;
#2492 = EDGE_CURVE ( 'NONE', #4488, #310, #1454, .T. ) ;
#2493 = EDGE_CURVE ( 'NONE', #6886, #3617, #6784, .T. ) ;
#2494 = CARTESIAN_POINT ( 'NONE',  ( 2.651438096812269876E-16, -1.443375672974063884, 0.5625000000000001110 ) ) ;
#2495 = VECTOR ( 'NONE', #3311, 1000.000000000000000 ) ;
#2496 = CARTESIAN_POINT ( 'NONE',  ( 1.114683531250000526, -0.6435628368284300738, 0.2760416670080649282 ) ) ;
#2497 = CARTESIAN_POINT ( 'NONE',  ( -7.881371681721266152E-17, 1.287125673656860148, 1.796875000341400463 ) ) ;
#2498 = ORIENTED_EDGE ( 'NONE', *, *, #6128, .T. ) ;
#2499 = VECTOR ( 'NONE', #3720, 1000.000000000000000 ) ;
#2500 = DIRECTION ( 'NONE',  ( 0.000000000000000000, 0.000000000000000000, -1.000000000000000000 ) ) ;
#2501 = CARTESIAN_POINT ( 'NONE',  ( -7.519999999999998685, 3.198667369592721244, 2.458186879899659782 ) ) ;
#2502 = ORIENTED_EDGE ( 'NONE', *, *, #5190, .F. ) ;
#2503 = VECTOR ( 'NONE', #3046, 1000.000000000000000 ) ;
#2504 = AXIS2_PLACEMENT_3D ( 'NONE', #4468, #4961, #2328 ) ;
#2505 = DIRECTION ( 'NONE',  ( 0.000000000000000000, 0.000000000000000000, -1.000000000000000000 ) ) ;
#2506 = DIRECTION ( 'NONE',  ( 0.000000000000000000, 0.000000000000000000, 1.000000000000000000 ) ) ;
#2507 = CARTESIAN_POINT ( 'NONE',  ( 0.6250000000000000000, 1.082531754730549967, 1.697916667349465003 ) ) ;
#2508 = CARTESIAN_POINT ( 'NONE',  ( -7.519999999999998685, 5.591885649938925340, 2.497483160617360109E-15 ) ) ;
#2509 = LINE ( 'NONE', #6693, #1150 ) ;
#2510 = ORIENTED_EDGE ( 'NONE', *, *, #3555, .F. ) ;
#2511 = CARTESIAN_POINT ( 'NONE',  ( -5.230610175638436665, -3.810974153299089284, 1.216878864904243462 ) ) ;
#2512 = ORIENTED_EDGE ( 'NONE', *, *, #3867, .T. ) ;
#2513 = CARTESIAN_POINT ( 'NONE',  ( 0.6250000000000000000, 1.082531754730549967, 0.1979166673494630047 ) ) ;
#2514 = CARTESIAN_POINT ( 'NONE',  ( -1.114683531250000081, 0.000000000000000000, 2.171875000341400241 ) ) ;
#2515 = EDGE_CURVE ( 'NONE', #2416, #5031, #5246, .T. ) ;
#2516 = ORIENTED_EDGE ( 'NONE', *, *, #4103, .T. ) ;
#2517 = FACE_OUTER_BOUND ( 'NONE', #2076, .T. ) ;
#2518 = CARTESIAN_POINT ( 'NONE',  ( 2.364411504516379476E-16, -1.287125673656860148, 1.171875000341399353 ) ) ;
#2519 = DIRECTION ( 'NONE',  ( -0.7071067811865631159, 0.000000000000000000, -0.7071067811865320296 ) ) ;
#2520 = CARTESIAN_POINT ( 'NONE',  ( 0.9610454540365345188, 1.077689183249670605E-15, -8.799999999999998934 ) ) ;
#2521 = CARTESIAN_POINT ( 'NONE',  ( 0.9610454540365345188, 0.000000000000000000, 0.000000000000000000 ) ) ;
#2522 = CARTESIAN_POINT ( 'NONE',  ( -3.410000000000000142, 0.000000000000000000, 0.000000000000000000 ) ) ;
#2523 = VERTEX_POINT ( 'NONE', #646 ) ;
#2524 = CONTEXT_DEPENDENT_SHAPE_REPRESENTATION ( #1708, #1568 ) ;
#2525 = CARTESIAN_POINT ( 'NONE',  ( 0.5573417656250000407, 0.9653442552426449996, 1.526041667008064984 ) ) ;
#2526 = DIRECTION ( 'NONE',  ( -1.000000000000000000, 0.000000000000000000, 0.000000000000000000 ) ) ;
#2527 = CARTESIAN_POINT ( 'NONE',  ( 1.249999999999999556, 0.7216878364870319418, 0.6458333333333333703 ) ) ;
#2528 = CARTESIAN_POINT ( 'NONE',  ( -7.881371681721266152E-17, 1.287125673656860148, 0.8593750003413986871 ) ) ;
#2529 = CLOSED_SHELL ( 'NONE', ( #4877, #2747, #2698, #5113, #2189, #1147, #3875, #4679, #1381, #5295, #2975, #4079, #160, #4475, #872, #6732, #417, #1829, #3678, #5320, #3740, #5801, #6312, #332, #4616, #4575, #1152, #3276, #4366, #6577, #5043, #2636, #5939, #1816, #1594, #3226, #6178, #2946, #3053, #4460, #2203, #5170, #4474, #4598, #5291, #5307, #5748, #152, #2398, #4732, #3122, #6858 ) ) ;
#2530 = CARTESIAN_POINT ( 'NONE',  ( -0.5573417656249990415, -0.9653442552426459988, 1.401041667008064096 ) ) ;
#2531 = ORIENTED_EDGE ( 'NONE', *, *, #5386, .F. ) ;
#2532 = FACE_OUTER_BOUND ( 'NONE', #4720, .T. ) ;
#2533 = CARTESIAN_POINT ( 'NONE',  ( -7.620000000000000107, -4.100095583215633610, -0.5349999309731549024 ) ) ;
#2534 = VERTEX_POINT ( 'NONE', #5409 ) ;
#2535 = CARTESIAN_POINT ( 'NONE',  ( 0.000000000000000000, 0.000000000000000000, 0.000000000000000000 ) ) ;
#2536 = DIRECTION ( 'NONE',  ( -0.000000000000000000, -1.000000000000000000, -0.000000000000000000 ) ) ;
#2537 = VECTOR ( 'NONE', #1289, 1000.000000000000000 ) ;
#2538 = CARTESIAN_POINT ( 'NONE',  ( 18.25000000000000355, 4.000000000000000000, 2.499999999999998668 ) ) ;
#2539 = CARTESIAN_POINT ( 'NONE',  ( -7.553639610306791319, -2.139921993911703790, -5.166228700122156070 ) ) ;
#2540 = AXIS2_PLACEMENT_3D ( 'NONE', #4655, #2971, #1960 ) ;
#2541 = EDGE_CURVE ( 'NONE', #4864, #6025, #6412, .T. ) ;
#2542 = DIRECTION ( 'NONE',  ( 0.000000000000000000, -1.000000000000000000, 0.000000000000000000 ) ) ;
#2543 = ORIENTED_EDGE ( 'NONE', *, *, #5091, .F. ) ;
#2544 = CARTESIAN_POINT ( 'NONE',  ( 1.250000000000000000, 1.530808498934190091E-16, 2.500000000000000000 ) ) ;
#2545 = CARTESIAN_POINT ( 'NONE',  ( -1.228765963442525422, -0.2092924629263246405, 2.252803210546891588 ) ) ;
#2546 = CARTESIAN_POINT ( 'NONE',  ( -0.6250000000000000000, -1.082531754730549967, -0.1770833326505364957 ) ) ;
#2547 = CARTESIAN_POINT ( 'NONE',  ( 2.364411504516379476E-16, -1.287125673656860148, -0.01562499965860165638 ) ) ;
#2548 = EDGE_CURVE ( 'NONE', #1328, #940, #3345, .T. ) ;
#2549 = ORIENTED_EDGE ( 'NONE', *, *, #952, .T. ) ;
#2550 =( LENGTH_UNIT ( ) NAMED_UNIT ( * ) SI_UNIT ( .MILLI., .METRE. ) );
#2551 =( REPRESENTATION_RELATIONSHIP ('NONE','NONE', #6877, #1356 ) REPRESENTATION_RELATIONSHIP_WITH_TRANSFORMATION ( #6278 )SHAPE_REPRESENTATION_RELATIONSHIP( ) );
#2552 = CARTESIAN_POINT ( 'NONE',  ( -1.114683531249999415, 0.6435628368284300738, 1.338541667008063207 ) ) ;
#2553 = ITEM_DEFINED_TRANSFORMATION ( 'NONE', 'NONE', #5891,  #1443 ) ;
#2554 = CARTESIAN_POINT ( 'NONE',  ( -3.500000000000000000, 1.444198280627393860, 5.409177135145881721 ) ) ;
#2555 = DIRECTION ( 'NONE',  ( -1.000000000000000000, -0.000000000000000000, -0.000000000000000000 ) ) ;
#2556 = FACE_OUTER_BOUND ( 'NONE', #5834, .T. ) ;
#2557 = DIRECTION ( 'NONE',  ( 0.8849001878009898903, 0.000000000000000000, -0.4657806969269687736 ) ) ;
#2558 = EDGE_LOOP ( 'NONE', ( #2333, #2823, #184, #207 ) ) ;
#2559 = DIRECTION ( 'NONE',  ( 0.5974757281358586969, 1.122124691113881575E-29, 0.8018869959592345165 ) ) ;
#2560 = CARTESIAN_POINT ( 'NONE',  ( 1.114683531250000526, -0.6435628368284300738, 1.213541667008064318 ) ) ;
#2561 = LINE ( 'NONE', #4666, #5731 ) ;
#2562 =( BOUNDED_CURVE ( )  B_SPLINE_CURVE ( 2, ( #5945, #1160, #2422, #6122, #2974, #741, #4528 ),
 .UNSPECIFIED., .F., .T. ) 
 B_SPLINE_CURVE_WITH_KNOTS ( ( 3, 2, 2, 3 ),
 ( 0.1250000000000000000, 0.1388888888888890061, 0.1527777777777780122, 0.1666666666666665186 ),
 .UNSPECIFIED. ) 
 CURVE ( )  GEOMETRIC_REPRESENTATION_ITEM ( )  RATIONAL_B_SPLINE_CURVE ( ( 1.000000000000000000, 0.8660254037844379305, 1.000000000000000000, 0.8660254037844389297, 1.000000000000000000, 0.8660254037844389297, 1.000000000000000000 ) ) 
 REPRESENTATION_ITEM ( '' )  );
#2563 = VECTOR ( 'NONE', #2519, 999.9999999999998863 ) ;
#2564 = CARTESIAN_POINT ( 'NONE',  ( -8.838126989374227166E-17, 1.443375672974063884, 0.1875000000000002220 ) ) ;
#2565 = CARTESIAN_POINT ( 'NONE',  ( -6.328978348099585816, 0.9988689406104755975, -3.875078762714043279 ) ) ;
#2566 = CIRCLE ( 'NONE', #3004, 2.499999999999998668 ) ;
#2567 = CARTESIAN_POINT ( 'NONE',  ( -1.114683531249999637, 0.6435628368284300738, 1.338541667008065650 ) ) ;
#2568 = ORIENTED_EDGE ( 'NONE', *, *, #5636, .T. ) ;
#2569 = CARTESIAN_POINT ( 'NONE',  ( -7.520000000000000462, 2.744723443021405807, 4.762135816530704169 ) ) ;
#2570 = CARTESIAN_POINT ( 'NONE',  ( -3.599999999999998757, 2.744723443021404030, 4.762135816530702392 ) ) ;
#2571 = VERTEX_POINT ( 'NONE', #1735 ) ;
#2572 = CARTESIAN_POINT ( 'NONE',  ( -7.620000000000003659, -5.489282243518030846, 2.230917664496554016E-14 ) ) ;
#2573 = DIRECTION ( 'NONE',  ( 1.000000000000000000, -0.000000000000000000, -0.000000000000000000 ) ) ;
#2574 = LINE ( 'NONE', #3171, #3305 ) ;
#2575 = CARTESIAN_POINT ( 'NONE',  ( -7.536819805153390561, 3.954060262691551308, -3.954060262691563299 ) ) ;
#2576 = CARTESIAN_POINT ( 'NONE',  ( -9.904545454545443661, 0.5000000000000000000, -4.785392286829072361 ) ) ;
#2577 = VERTEX_POINT ( 'NONE', #1247 ) ;
#2578 = CARTESIAN_POINT ( 'NONE',  ( -5.559999999999999609, -3.799671038392665956, 1.250000000000000000 ) ) ;
#2579 = CARTESIAN_POINT ( 'NONE',  ( -0.5523830078186213743, -1.090764728813883533, 2.276406421153835069 ) ) ;
#2580 = CARTESIAN_POINT ( 'NONE',  ( 6.288199648210911263, 4.000000000000000000, -11.94656354116590435 ) ) ;
#2581 = CARTESIAN_POINT ( 'NONE',  ( 0.5573417656250000407, 0.9653442552426449996, -0.1614583329919350163 ) ) ;
#2582 = ORIENTED_EDGE ( 'NONE', *, *, #5038, .F. ) ;
#2583 = CARTESIAN_POINT ( 'NONE',  ( -1.114683531249999415, 0.6435628368284300738, 1.838541667008064984 ) ) ;
#2584 = CARTESIAN_POINT ( 'NONE',  ( 16.66334466764629596, 4.000000000000000000, -4.500042430453816245 ) ) ;
#2585 = CARTESIAN_POINT ( 'NONE',  ( -3.500000000000000888, -5.549901236757209588, 0.7354788942628969206 ) ) ;
#2586 = CIRCLE ( 'NONE', #25, 4.771567564183824217 ) ;
#2587 = CARTESIAN_POINT ( 'NONE',  ( 1.250000000000000000, 1.530808498934190091E-16, 1.875000000000000000 ) ) ;
#2588 = DIRECTION ( 'NONE',  ( -1.000000000000000000, -0.000000000000000000, -0.000000000000000000 ) ) ;
#2589 = ORIENTED_EDGE ( 'NONE', *, *, #1952, .F. ) ;
#2590 = CARTESIAN_POINT ( 'NONE',  ( -1.249999999999996891, -0.7216878364870320528, 1.270833333333332815 ) ) ;
#2591 = CARTESIAN_POINT ( 'NONE',  ( 0.000000000000000000, -4.000000000000000000, -11.30000000000000071 ) ) ;
#2592 = CARTESIAN_POINT ( 'NONE',  ( 0.5573417656250010399, -0.9653442552426449996, 1.442708333674731946 ) ) ;
#2593 = AXIS2_PLACEMENT_3D ( 'NONE', #1535, #413, #4839 ) ;
#2594 = CARTESIAN_POINT ( 'NONE',  ( -3.566360389693211896, -5.421010862427522170E-17, 5.450000000000000178 ) ) ;
#2595 = CARTESIAN_POINT ( 'NONE',  ( -7.553639610306790431, 4.222162780531148185E-15, -4.432776750217549910 ) ) ;
#2596 = CARTESIAN_POINT ( 'NONE',  ( -1.250000000000000000, 0.000000000000000000, 0.000000000000000000 ) ) ;
#2597 = CARTESIAN_POINT ( 'NONE',  ( -7.536819805153397667, -3.134446499564901512, -3.134446499564899735 ) ) ;
#2598 = CARTESIAN_POINT ( 'NONE',  ( -1.114683531249999637, 0.6435628368284300738, 1.588541667008063873 ) ) ;
#2599 = ORIENTED_EDGE ( 'NONE', *, *, #6028, .F. ) ;
#2600 = CARTESIAN_POINT ( 'NONE',  ( -6.288271217291956816, 0.000000000000000000, 11.94659295903148788 ) ) ;
#2601 = EDGE_CURVE ( 'NONE', #4060, #5754, #2723, .T. ) ;
#2602 = CARTESIAN_POINT ( 'NONE',  ( 1.114683531250000081, 1.365093618607580186E-16, 2.296875000341399797 ) ) ;
#2603 = DIRECTION ( 'NONE',  ( 0.000000000000000000, 0.000000000000000000, 1.000000000000000000 ) ) ;
#2604 = AXIS2_PLACEMENT_3D ( 'NONE', #1923, #4116, #6179 ) ;
#2605 = ORIENTED_EDGE ( 'NONE', *, *, #5088, .F. ) ;
#2606 = ADVANCED_FACE ( 'NONE', ( #3836, #1176 ), #4364, .T. ) ;
#2607 = DIRECTION ( 'NONE',  ( -1.000000000000000000, -0.000000000000000000, -0.000000000000000000 ) ) ;
#2608 = CARTESIAN_POINT ( 'NONE',  ( -7.620000000000001883, -5.087379542342646666, 2.107261603377737380 ) ) ;
#2609 = EDGE_CURVE ( 'NONE', #6530, #2102, #4379, .T. ) ;
#2610 = CARTESIAN_POINT ( 'NONE',  ( 0.000000000000000000, 8.277170352801982750E-16, -6.758822509939086842 ) ) ;
#2611 = CYLINDRICAL_SURFACE ( 'NONE', #6859, 5.450000000000000178 ) ;
#2612 = CARTESIAN_POINT ( 'NONE',  ( -0.5731475008889171940, 1.104976586138432193, 0.9999999999999983347 ) ) ;
#2613 = VECTOR ( 'NONE', #870, 1000.000000000000000 ) ;
#2614 = CARTESIAN_POINT ( 'NONE',  ( -3.600000000000000533, -2.139921993911704234, -5.166228700122157846 ) ) ;
#2615 = VERTEX_POINT ( 'NONE', #2757 ) ;
#2616 = EDGE_CURVE ( 'NONE', #656, #2872, #18, .T. ) ;
#2617 = CARTESIAN_POINT ( 'NONE',  ( 5.124246218721383528, 3.500000000000000000, 10.57382271838148746 ) ) ;
#2618 = SURFACE_STYLE_USAGE ( .BOTH. , #476 ) ;
#2619 = VECTOR ( 'NONE', #1589, 1000.000000000000000 ) ;
#2620 = CARTESIAN_POINT ( 'NONE',  ( 0.9723233731132115976, -0.5645893978653110379, 1.000000000000000222 ) ) ;
#2621 = CARTESIAN_POINT ( 'NONE',  ( -0.5573417656250000407, 0.9653442552426449996, 0.6302083336747319464 ) ) ;
#2622 = ADVANCED_FACE ( 'NONE', ( #98 ), #65, .T. ) ;
#2623 = VERTEX_POINT ( 'NONE', #1702 ) ;
#2624 = CARTESIAN_POINT ( 'NONE',  ( -0.5573417656249990415, -0.9653442552426459988, 2.151041667008065428 ) ) ;
#2625 = CARTESIAN_POINT ( 'NONE',  ( 0.000000000000000000, 0.000000000000000000, 9.599999999999999645 ) ) ;
#2626 = PLANE ( 'NONE',  #5161 ) ;
#2627 = EDGE_CURVE ( 'NONE', #4744, #1295, #2197, .T. ) ;
#2628 = DIRECTION ( 'NONE',  ( 0.000000000000000000, 0.000000000000000000, -1.000000000000000000 ) ) ;
#2629 = EDGE_LOOP ( 'NONE', ( #3501, #2902, #5169, #341 ) ) ;
#2630 = CYLINDRICAL_SURFACE ( 'NONE', #4063, 2.499999999999998668 ) ;
#2631 = CARTESIAN_POINT ( 'NONE',  ( 3.400000000000000355, -3.134446499564901067, 3.134446499564895294 ) ) ;
#2632 = CARTESIAN_POINT ( 'NONE',  ( 1.114683531249999637, 0.6435628368284300738, 2.255208333674730614 ) ) ;
#2633 = AXIS2_PLACEMENT_3D ( 'NONE', #6608, #84, #6475 ) ;
#2634 = CARTESIAN_POINT ( 'NONE',  ( -3.583180194846607325, 2.139921993911734877, -5.166228700122144524 ) ) ;
#2635 = DIRECTION ( 'NONE',  ( 0.000000000000000000, -1.000000000000000000, 0.000000000000000000 ) ) ;
#2636 = ADVANCED_FACE ( 'NONE', ( #4329 ), #1666, .T. ) ;
#2637 = CARTESIAN_POINT ( 'NONE',  ( 0.6250000000000000000, 1.082531754730549967, -0.3333333333333330373 ) ) ;
#2638 = CARTESIAN_POINT ( 'NONE',  ( -5.724953101038845027, 1.241777296332726710, -3.802403825525205061 ) ) ;
#2639 = PRODUCT_DEFINITION_SHAPE ( 'NONE', 'NONE',  #4441 ) ;
#2640 = CARTESIAN_POINT ( 'NONE',  ( 1.114683531250000526, -0.6435628368284300738, -0.03645833299193484978 ) ) ;
#2641 = ORIENTED_EDGE ( 'NONE', *, *, #4663, .F. ) ;
#2642 = DIRECTION ( 'NONE',  ( 0.000000000000000000, 1.000000000000000000, 1.224646799147353207E-16 ) ) ;
#2643 = CARTESIAN_POINT ( 'NONE',  ( -0.6250000000000000000, 1.082531754730549967, 1.489583334016129967 ) ) ;
#2644 = CARTESIAN_POINT ( 'NONE',  ( 5.270971560210249013E-05, 3.500000000000000000, 2.770985862293739999E-05 ) ) ;
#2645 = LINE ( 'NONE', #3204, #3991 ) ;
#2646 = CARTESIAN_POINT ( 'NONE',  ( -5.396694248007197992, 1.241980525111162859, -5.306623365613695853 ) ) ;
#2647 = CARTESIAN_POINT ( 'NONE',  ( -7.620000000000000107, -5.421010862427522170E-17, 5.366819805153395073 ) ) ;
#2648 = CARTESIAN_POINT ( 'NONE',  ( 3.500000000000000444, -2.168404344971008868E-16, -4.083180194846605993 ) ) ;
#2649 = DIRECTION ( 'NONE',  ( 0.8835072738058302733, -0.000000000000000000, 0.4684174389710418218 ) ) ;
#2650 = CARTESIAN_POINT ( 'NONE',  ( -7.520000000000002238, -2.139921993911703790, -5.166228700122156070 ) ) ;
#2651 = ADVANCED_FACE ( 'NONE', ( #1944 ), #2986, .T. ) ;
#2652 = CIRCLE ( 'NONE', #6598, 9.597803391643314086 ) ;
#2653 = CARTESIAN_POINT ( 'NONE',  ( -1.114683531250000303, 0.06460419574608461390, 2.381816468750006965 ) ) ;
#2654 = ORIENTED_EDGE ( 'NONE', *, *, #3363, .T. ) ;
#2655 = FACE_OUTER_BOUND ( 'NONE', #6244, .T. ) ;
#2656 = CARTESIAN_POINT ( 'NONE',  ( -1.758954545963466343, 1.077689183249670605E-15, -8.799999999999998934 ) ) ;
#2657 = EDGE_CURVE ( 'NONE', #4086, #4106, #5589, .T. ) ;
#2658 = CYLINDRICAL_SURFACE ( 'NONE', #1879, 2.499999999999998668 ) ;
#2659 = CARTESIAN_POINT ( 'NONE',  ( 1.114683531250000526, -0.6435628368284300738, 1.026041667008064540 ) ) ;
#2660 = ORIENTED_EDGE ( 'NONE', *, *, #1715, .T. ) ;
#2661 = SHAPE_REPRESENTATION_RELATIONSHIP ( 'NONE' , 'NONE' ,  #6659, #4421 ) ;
#2662 = CARTESIAN_POINT ( 'NONE',  ( -1.114683531250000081, 0.000000000000000000, 2.359375000341399797 ) ) ;
#2663 = DIRECTION ( 'NONE',  ( -0.000000000000000000, -1.000000000000000000, -0.000000000000000000 ) ) ;
#2664 = FACE_BOUND ( 'NONE', #302, .T. ) ;
#2665 = EDGE_LOOP ( 'NONE', ( #1417, #5645 ) ) ;
#2666 = CARTESIAN_POINT ( 'NONE',  ( 0.000000000000000000, 0.000000000000000000, 0.000000000000000000 ) ) ;
#2667 = CARTESIAN_POINT ( 'NONE',  ( -17.00886524340747386, 3.500000000000000000, -4.325457723291027179 ) ) ;
#2668 = CARTESIAN_POINT ( 'NONE',  ( -7.881371681721266152E-17, 1.287125673656860148, 0.2968750003413984095 ) ) ;
#2669 = CARTESIAN_POINT ( 'NONE',  ( -3.583180194846604216, -6.407237837722409427E-15, -5.591885649938923564 ) ) ;
#2670 = CARTESIAN_POINT ( 'NONE',  ( -7.536819805153395890, 4.222162780531148185E-15, -4.432776750217549910 ) ) ;
#2671 = CARTESIAN_POINT ( 'NONE',  ( -1.250000000000000000, 0.000000000000000000, -0.5000000000000000000 ) ) ;
#2672 = PLANE ( 'NONE',  #5323 ) ;
#2673 = CARTESIAN_POINT ( 'NONE',  ( 1.114683531249999637, 0.6435628368284300738, 0.005208333674731547430 ) ) ;
#2674 = VERTEX_POINT ( 'NONE', #4605 ) ;
#2675 = CARTESIAN_POINT ( 'NONE',  ( -6.328076919835088354, -0.9997277451612358590, -5.358811525166497169 ) ) ;
#2676 = CARTESIAN_POINT ( 'NONE',  ( -3.600000000000000089, 1.426525969758080103, 5.308151087842320592 ) ) ;
#2677 = CYLINDRICAL_SURFACE ( 'NONE', #2240, 11.75000000000000355 ) ;
#2678 = VERTEX_POINT ( 'NONE', #5000 ) ;
#2679 = PRESENTATION_LAYER_ASSIGNMENT (  '', '', ( #1109 ) ) ;
#2680 = CARTESIAN_POINT ( 'NONE',  ( 3.400000000000000799, 3.895890706673262205, -1.046991537437120590 ) ) ;
#2681 = CARTESIAN_POINT ( 'NONE',  ( -7.620000000000002771, 2.107261603377769799, -5.087379542342640448 ) ) ;
#2682 = DIRECTION ( 'NONE',  ( -1.000000000000000000, -0.000000000000000000, -0.000000000000000000 ) ) ;
#2683 = DIRECTION ( 'NONE',  ( 0.000000000000000000, 0.000000000000000000, -1.000000000000000000 ) ) ;
#2684 = DIRECTION ( 'NONE',  ( -0.7071067811865631159, 0.000000000000000000, -0.7071067811865320296 ) ) ;
#2685 = AXIS2_PLACEMENT_3D ( 'NONE', #1747, #3813, #1679 ) ;
#2686 = CARTESIAN_POINT ( 'NONE',  ( -3.583180194846605993, -2.139921993911722442, 5.166228700122149853 ) ) ;
#2687 = VERTEX_POINT ( 'NONE', #269 ) ;
#2688 = CARTESIAN_POINT ( 'NONE',  ( -0.6250000000000000000, 1.082531754730549967, 2.458333333333334814 ) ) ;
#2689 = DIRECTION ( 'NONE',  ( -0.000000000000000000, -1.000000000000000000, -0.000000000000000000 ) ) ;
#2690 = CARTESIAN_POINT ( 'NONE',  ( 2.364411504516379476E-16, -1.287125673656860148, 0.4843750003413980765 ) ) ;
#2691 = EDGE_LOOP ( 'NONE', ( #6263, #1772 ) ) ;
#2692 =( NAMED_UNIT ( * ) PLANE_ANGLE_UNIT ( ) SI_UNIT ( $, .RADIAN. ) );
#2693 = CONTEXT_DEPENDENT_SHAPE_REPRESENTATION ( #278, #4134 ) ;
#2694 = CIRCLE ( 'NONE', #3320, 2.499999999999998668 ) ;
#2695 = PRODUCT_DEFINITION_SHAPE ( 'NONE', 'NONE',  #6897 ) ;
#2696 = CARTESIAN_POINT ( 'NONE',  ( 0.5573417656250010399, -0.9653442552426449996, 2.192708333674729726 ) ) ;
#2697 = DIRECTION ( 'NONE',  ( 0.000000000000000000, 1.000000000000000000, -0.000000000000000000 ) ) ;
#2698 = ADVANCED_FACE ( 'NONE', ( #3944 ), #3479, .T. ) ;
#2699 = DIRECTION ( 'NONE',  ( 0.000000000000000000, 1.000000000000000000, -0.000000000000000000 ) ) ;
#2700 = ORIENTED_EDGE ( 'NONE', *, *, #6015, .F. ) ;
#2701 = CARTESIAN_POINT ( 'NONE',  ( 5.469860276956479694, 3.500000000000000000, -10.39185092963004031 ) ) ;
#2702 = CARTESIAN_POINT ( 'NONE',  ( -7.519999999999998685, -0.7134033317526812246, 5.450000000000001954 ) ) ;
#2703 = CARTESIAN_POINT ( 'NONE',  ( -1.114683531250000081, 0.000000000000000000, 0.1093750003413984095 ) ) ;
#2704 = AXIS2_PLACEMENT_3D ( 'NONE', #537, #6338, #1064 ) ;
#2705 = CARTESIAN_POINT ( 'NONE',  ( -3.583180194846606437, -3.954060262691574845, 3.954060262691549532 ) ) ;
#2706 = CARTESIAN_POINT ( 'NONE',  ( -7.590710678118655075, -1.046688120581446002, 4.007169191983606993 ) ) ;
#2707 = CARTESIAN_POINT ( 'NONE',  ( -7.619999999999999218, -4.284399589280813103, -3.281782638115810613 ) ) ;
#2708 = CARTESIAN_POINT ( 'NONE',  ( 0.1219615115157347829, -1.199605906963139512, 2.291019940317361225 ) ) ;
#2709 = PLANE ( 'NONE',  #3210 ) ;
#2710 = B_SPLINE_SURFACE_WITH_KNOTS ( 'NONE', 5, 3, ( 
 ( #1595, #5297, #429, #1632, #955, #2720, #6414, #3126, #3731, #4182, #26, #2194, #3090, #2572, #6299, #505, #2158, #4782, #5859 ),
 ( #2647, #6325, #1065, #5331, #538, #4326, #4709, #6452, #2681, #3770, #5892, #6816, #5261, #469, #2608, #4746, #4403, #6484, #3908 ),
 ( #4470, #6613, #612, #2755, #2856, #1801, #2264, #680, #3415, #6583, #1700, #6515, #3381, #6023, #5470, #3803, #5504, #1243, #4361 ),
 ( #3941, #200, #1733, #2330, #4997, #6549, #5991, #2295, #3873, #719, #3308, #6059, #644, #96, #1277, #5539, #750, #2884, #1210 ),
 ( #5925, #3343, #3834, #5029, #4437, #4929, #231, #5958, #1173, #4963, #2358, #4892, #165, #4503, #1135, #2788, #3275, #2820, #5406 ),
 ( #2228, #5439, #1765, #127, #266, #2952, #2396, #3448, #6650, #6680, #298, #3973, #815, #3515, #4537, #3482, #1910, #783, #1379 ),
 ( #2431, #2916, #5607, #1872, #1838, #844, #5062, #2982, #6132, #4043, #6091, #4009, #6165, #5638, #1342, #5092, #1308, #5569, #4567 ),
 ( #2219, #1654, #4350, #4848, #2744, #2848, #5947, #3899, #6438, #1622, #5982, #4954, #670, #3791, #154, #3264, #2255, #1125, #2779 ) ),
 .UNSPECIFIED., .F., .T., .F.,
 ( 6, 2, 6 ),
 ( 4, 1, 1, 1, 1, 1, 1, 1, 1, 1, 1, 1, 1, 1, 1, 1, 4 ),
 ( 0.000000000000000000, 0.5000000000000000000, 1.000000000000000000 ),
 ( 0.000000000000000000, 0.3926990816987241395, 0.7853981633974482790, 1.178097245096172418, 1.570796326794896558, 1.963495408493620475, 2.356194490192344393, 2.748893571891068976, 3.141592653589793116, 3.534291735288517255, 3.926990816987240951, 4.319689898685965979, 4.712388980384689674, 5.105088062083414258, 5.497787143782137953, 5.890486225480862537, 6.283185307179586232 ),
 .UNSPECIFIED. ) ;
#2711 = CARTESIAN_POINT ( 'NONE',  ( -0.5573417656250000407, 0.9653442552426449996, 0.3177083336747320574 ) ) ;
#2712 = EDGE_LOOP ( 'NONE', ( #3124, #202, #2966, #3351, #6811, #551 ) ) ;
#2713 = VECTOR ( 'NONE', #1116, 1000.000000000000000 ) ;
#2714 = CARTESIAN_POINT ( 'NONE',  ( 8.447433219371585852E-07, 0.5000000000000000000, -0.0005629049236333810713 ) ) ;
#2715 = CARTESIAN_POINT ( 'NONE',  ( 1.114683531249999415, 0.6435628368284300738, 1.567708333674732391 ) ) ;
#2716 = EDGE_CURVE ( 'NONE', #2674, #896, #4540, .T. ) ;
#2717 = FACE_OUTER_BOUND ( 'NONE', #6477, .T. ) ;
#2718 = DIRECTION ( 'NONE',  ( -0.000000000000000000, -1.000000000000000000, -0.000000000000000000 ) ) ;
#2719 = CARTESIAN_POINT ( 'NONE',  ( -6.559483735786370673, 0.7681721160894076084, -5.396856596082537649 ) ) ;
#2720 = CARTESIAN_POINT ( 'NONE',  ( -7.620000000000000995, 5.489282243518027293, 2.496121392263697669E-15 ) ) ;
#2721 = CARTESIAN_POINT ( 'NONE',  ( 3.400000000000000355, 7.589415207398531038E-16, 4.000000000000000888 ) ) ;
#2722 = CARTESIAN_POINT ( 'NONE',  ( 0.000000000000000000, 1.175660927181458842E-15, -9.599999999999999645 ) ) ;
#2723 = LINE ( 'NONE', #4860, #449 ) ;
#2724 = ADVANCED_FACE ( 'NONE', ( #1345 ), #5481, .F. ) ;
#2725 = AXIS2_PLACEMENT_3D ( 'NONE', #5718, #401, #3095 ) ;
#2726 = CARTESIAN_POINT ( 'NONE',  ( -3.410000000000000142, 7.445852538815908762E-16, -6.080000000000000959 ) ) ;
#2727 = ORIENTED_EDGE ( 'NONE', *, *, #4363, .T. ) ;
#2728 = CARTESIAN_POINT ( 'NONE',  ( 1.114683531249999637, 0.6435628368284300738, -0.1822916663252680813 ) ) ;
#2729 = CARTESIAN_POINT ( 'NONE',  ( 2.651438096812270369E-16, -1.443375672974064106, 1.812499999999999334 ) ) ;
#2730 = CARTESIAN_POINT ( 'NONE',  ( -0.8919068495783787354, 0.8757866016759878747, 0.9999999999975881515 ) ) ;
#2731 = ORIENTED_EDGE ( 'NONE', *, *, #6814, .F. ) ;
#2732 =( NAMED_UNIT ( * ) PLANE_ANGLE_UNIT ( ) SI_UNIT ( $, .RADIAN. ) );
#2733 = CONICAL_SURFACE ( 'NONE', #1607, 9.597815608934052278, 1.397128121818806301 ) ;
#2734 = CARTESIAN_POINT ( 'NONE',  ( -0.5573417656250000407, 0.9653442552426449996, 2.067708333674729726 ) ) ;
#2735 = AXIS2_PLACEMENT_3D ( 'NONE', #4884, #1694, #567 ) ;
#2736 = CIRCLE ( 'NONE', #2844, 11.75000000000000355 ) ;
#2737 = ORIENTED_EDGE ( 'NONE', *, *, #1089, .T. ) ;
#2738 = CARTESIAN_POINT ( 'NONE',  ( 2.651438096812270369E-16, -1.443375672974064106, 1.312499999999997780 ) ) ;
#2739 = CARTESIAN_POINT ( 'NONE',  ( 3.400000000000001688, -1.046991537437120146, -3.895890706673262649 ) ) ;
#2740 = ADVANCED_FACE ( 'NONE', ( #5065 ), #3369, .F. ) ;
#2741 = CARTESIAN_POINT ( 'NONE',  ( -0.5573417656250000407, 0.9653442552426449996, 0.3177083336747320574 ) ) ;
#2742 = CARTESIAN_POINT ( 'NONE',  ( -7.612830808016392226, 3.157397952676299635, 3.157397952676299635 ) ) ;
#2743 = DIRECTION ( 'NONE',  ( 0.000000000000000000, 0.000000000000000000, -1.000000000000000000 ) ) ;
#2744 = CARTESIAN_POINT ( 'NONE',  ( -7.519999999999998685, 5.166228700122148965, 2.139921993911714448 ) ) ;
#2745 = CARTESIAN_POINT ( 'NONE',  ( -7.619999999999999218, 3.212807662054015356, -3.212807662054023794 ) ) ;
#2746 = CARTESIAN_POINT ( 'NONE',  ( -7.881371681721266152E-17, 1.287125673656860148, -0.2031249996586016737 ) ) ;
#2747 = ADVANCED_FACE ( 'NONE', ( #1875 ), #6094, .F. ) ;
#2748 = VERTEX_POINT ( 'NONE', #1805 ) ;
#2749 = CARTESIAN_POINT ( 'NONE',  ( -5.885022150193269574, -1.209777202472883229, -5.314057741814376179 ) ) ;
#2750 = CARTESIAN_POINT ( 'NONE',  ( -0.5573417656250000407, 0.9653442552426449996, 1.380208333674731946 ) ) ;
#2751 = LINE ( 'NONE', #3340, #4976 ) ;
#2752 = AXIS2_PLACEMENT_3D ( 'NONE', #4859, #2196, #578 ) ;
#2753 = DIRECTION ( 'NONE',  ( -0.5054716008746390488, 0.8628432422573810712, 0.000000000000000000 ) ) ;
#2754 = CARTESIAN_POINT ( 'NONE',  ( 3.400000000000000799, 2.458186879899659782, 3.198667369592721244 ) ) ;
#2755 = CARTESIAN_POINT ( 'NONE',  ( -7.620000000000000107, 3.905914761791989598, 3.905914761791991818 ) ) ;
#2756 = CARTESIAN_POINT ( 'NONE',  ( 0.000000000000000000, 0.000000000000000000, 6.758822509939086842 ) ) ;
#2757 = CARTESIAN_POINT ( 'NONE',  ( 0.005481617016667239897, -0.8660080553175490969, 2.000000000000000000 ) ) ;
#2758 = FACE_OUTER_BOUND ( 'NONE', #1003, .T. ) ;
#2759 = CARTESIAN_POINT ( 'NONE',  ( -3.600000000000001421, 2.139921993911734877, -5.166228700122144524 ) ) ;
#2760 = VERTEX_POINT ( 'NONE', #1281 ) ;
#2761 = CARTESIAN_POINT ( 'NONE',  ( -1.250000000000000000, 0.000000000000000000, 2.250000000000000000 ) ) ;
#2762 = DIRECTION ( 'NONE',  ( -1.000000000000000000, -0.000000000000000000, -0.000000000000000000 ) ) ;
#2763 = LINE ( 'NONE', #2797, #3590 ) ;
#2764 = DIRECTION ( 'NONE',  ( -0.000000000000000000, -1.000000000000000000, -0.000000000000000000 ) ) ;
#2765 = CARTESIAN_POINT ( 'NONE',  ( -7.620000000000000107, 3.893711730015246619, 3.893711730015247952 ) ) ;
#2766 = EDGE_LOOP ( 'NONE', ( #6043, #6305 ) ) ;
#2767 = VERTEX_POINT ( 'NONE', #753 ) ;
#2768 = ADVANCED_FACE ( 'NONE', ( #4013, #3418 ), #6135, .T. ) ;
#2769 = CARTESIAN_POINT ( 'NONE',  ( -1.249999999999999556, -0.7216878364870319418, 1.552083334016128413 ) ) ;
#2770 = PRESENTATION_LAYER_ASSIGNMENT (  '', '', ( #3092 ) ) ;
#2771 = CARTESIAN_POINT ( 'NONE',  ( 3.433639610306789880, -4.432776750217551687, -3.310688776696808239E-15 ) ) ;
#2772 = CARTESIAN_POINT ( 'NONE',  ( -1.114683531249999637, -0.6435628368284300738, 0.1302083336747316411 ) ) ;
#2773 = UNCERTAINTY_MEASURE_WITH_UNIT (LENGTH_MEASURE( 1.000000000000000082E-05 ), #1728, 'distance_accuracy_value', 'NONE');
#2774 = VECTOR ( 'NONE', #3810, 1000.000000000000000 ) ;
#2775 =( NAMED_UNIT ( * ) SI_UNIT ( $, .STERADIAN. ) SOLID_ANGLE_UNIT ( ) );
#2776 = CARTESIAN_POINT ( 'NONE',  ( -7.620000000000000107, 1.062149090786938865, 4.066360389693213229 ) ) ;
#2777 = DIRECTION ( 'NONE',  ( -0.000000000000000000, 1.000000000000000000, -0.000000000000000000 ) ) ;
#2778 = EDGE_CURVE ( 'NONE', #2623, #2678, #2423, .T. ) ;
#2779 = CARTESIAN_POINT ( 'NONE',  ( -7.520000000000000462, -5.421010862427522170E-17, 5.450000000000000178 ) ) ;
#2780 = CARTESIAN_POINT ( 'NONE',  ( -7.620000000000002771, -3.212807662054036673, 3.212807662054002478 ) ) ;
#2781 = CARTESIAN_POINT ( 'NONE',  ( -1.114683531250000081, 0.000000000000000000, -0.1406249996586018125 ) ) ;
#2782 = ORIENTED_EDGE ( 'NONE', *, *, #6010, .F. ) ;
#2783 = FACE_OUTER_BOUND ( 'NONE', #3455, .T. ) ;
#2784 = CARTESIAN_POINT ( 'NONE',  ( 0.5573417656250010399, -0.9653442552426449996, 1.755208333674730170 ) ) ;
#2785 = FACE_OUTER_BOUND ( 'NONE', #1327, .T. ) ;
#2786 = ORIENTED_EDGE ( 'NONE', *, *, #5386, .T. ) ;
#2787 = CARTESIAN_POINT ( 'NONE',  ( -1.114683531250000081, 0.000000000000000000, 1.921875000341400019 ) ) ;
#2788 = CARTESIAN_POINT ( 'NONE',  ( -7.590710678118655963, -3.948858901748822703, 3.948858901748797390 ) ) ;
#2789 = CARTESIAN_POINT ( 'NONE',  ( 2.651010643070037087, 1.175393416428758969E-15, 9.597815608934052278 ) ) ;
#2790 = DIRECTION ( 'NONE',  ( -1.000000000000000000, -0.000000000000000000, -0.000000000000000000 ) ) ;
#2791 = CARTESIAN_POINT ( 'NONE',  ( -3.500000000000000444, 0.000000000000000000, 5.533180194846606170 ) ) ;
#2792 = AXIS2_PLACEMENT_3D ( 'NONE', #4287, #1394, #5258 ) ;
#2793 = CARTESIAN_POINT ( 'NONE',  ( -3.500000000000000444, 5.229133828522951610, -2.165978151238153071 ) ) ;
#2794 = VERTEX_POINT ( 'NONE', #301 ) ;
#2795 = CARTESIAN_POINT ( 'NONE',  ( -7.881371681721266152E-17, 1.287125673656860148, -0.3906249996586013129 ) ) ;
#2796 = CARTESIAN_POINT ( 'NONE',  ( 3.500000000000000888, -1.058264950912730207, -3.994251324549959570 ) ) ;
#2797 = CARTESIAN_POINT ( 'NONE',  ( 0.7090835902980305860, -0.4538233172385595648, 1.000000000000000000 ) ) ;
#2798 = CARTESIAN_POINT ( 'NONE',  ( 0.000000000000000000, -4.000000000000000000, 0.000000000000000000 ) ) ;
#2799 = CARTESIAN_POINT ( 'NONE',  ( -7.620000000000000995, -2.107261603377737824, -5.087379542342653771 ) ) ;
#2800 = EDGE_LOOP ( 'NONE', ( #3200, #5512, #3096, #1966 ) ) ;
#2801 = DIRECTION ( 'NONE',  ( -0.000000000000000000, 1.000000000000000000, -0.000000000000000000 ) ) ;
#2802 = EDGE_LOOP ( 'NONE', ( #747, #6498, #6185, #4268 ) ) ;
#2803 = CARTESIAN_POINT ( 'NONE',  ( -1.249999999999999556, -0.7216878364870319418, 1.302083334016128635 ) ) ;
#2804 = PRODUCT_RELATED_PRODUCT_CATEGORY ( 'part', '', ( #1069 ) ) ;
#2805 = CARTESIAN_POINT ( 'NONE',  ( 3.433639610306789880, -7.142475014960772473E-16, -4.432776750217551687 ) ) ;
#2806 = CARTESIAN_POINT ( 'NONE',  ( -7.881371681721266152E-17, 1.287125673656860148, 0.5468750003413987981 ) ) ;
#2807 = CARTESIAN_POINT ( 'NONE',  ( -7.619999999999996554, -4.543596168972984906, 1.220146594370606753E-14 ) ) ;
#2808 = AXIS2_PLACEMENT_3D ( 'NONE', #2334, #4570, #3518 ) ;
#2809 = CIRCLE ( 'NONE', #6700, 9.597803391643314086 ) ;
#2810 = CARTESIAN_POINT ( 'NONE',  ( -3.599999999999999645, -3.349279623863286481, -4.358184291070082317 ) ) ;
#2811 = CARTESIAN_POINT ( 'NONE',  ( 0.8475289595151482835, -0.8330608249655629960, 2.308131683268284551 ) ) ;
#2812 = CARTESIAN_POINT ( 'NONE',  ( -7.619999999999996554, -4.524956558666195505, 1.220146594370606753E-14 ) ) ;
#2813 = VERTEX_POINT ( 'NONE', #1312 ) ;
#2814 = DIRECTION ( 'NONE',  ( 0.000000000000000000, 0.000000000000000000, 1.000000000000000000 ) ) ;
#2815 = FACE_OUTER_BOUND ( 'NONE', #6588, .T. ) ;
#2816 = CARTESIAN_POINT ( 'NONE',  ( 1.249999999999996891, 0.7216878364870320528, 2.145833333333335258 ) ) ;
#2817 = CYLINDRICAL_SURFACE ( 'NONE', #2504, 11.00000000000000000 ) ;
#2818 = CARTESIAN_POINT ( 'NONE',  ( -7.881371681721266152E-17, 1.287125673656860148, 2.359375000341398021 ) ) ;
#2819 = CIRCLE ( 'NONE', #4609, 8.799999999999998934 ) ;
#2820 = CARTESIAN_POINT ( 'NONE',  ( -7.590710678118655075, -0.7123690125513502114, 5.442830808016391408 ) ) ;
#2821 = CARTESIAN_POINT ( 'NONE',  ( 3.400000000000000355, 1.044815499854966578, 4.000000000000001776 ) ) ;
#2822 = EDGE_CURVE ( 'NONE', #6241, #5699, #5814, .T. ) ;
#2823 = ORIENTED_EDGE ( 'NONE', *, *, #5745, .F. ) ;
#2824 = CARTESIAN_POINT ( 'NONE',  ( 0.001455269104655293900, 1.211584835421946060, 1.000000000000000888 ) ) ;
#2825 = CARTESIAN_POINT ( 'NONE',  ( -5.559999999999999609, -3.799671038392665956, 1.250000000000000000 ) ) ;
#2826 = EDGE_CURVE ( 'NONE', #6875, #3599, #3698, .T. ) ;
#2827 = CARTESIAN_POINT ( 'NONE',  ( -3.566360389693211896, -0.7133073313039065555, 5.450000000000000178 ) ) ;
#2828 = ORIENTED_EDGE ( 'NONE', *, *, #636, .T. ) ;
#2829 = CARTESIAN_POINT ( 'NONE',  ( 1.249999999999999556, 0.7216878364870319418, 1.645833333333334370 ) ) ;
#2830 = CARTESIAN_POINT ( 'NONE',  ( 3.500000000000000444, -3.994251324549829452, 1.058264950913024416 ) ) ;
#2831 = CARTESIAN_POINT ( 'NONE',  ( 0.000000000000000000, 4.898587196589412829E-16, -4.000000000000000000 ) ) ;
#2832 = CARTESIAN_POINT ( 'NONE',  ( -0.5573417656249990415, -0.9653442552426459988, -0.2864583329919349608 ) ) ;
#2833 = CARTESIAN_POINT ( 'NONE',  ( -1.250000000000000000, 0.000000000000000000, 2.500000000000000000 ) ) ;
#2834 = CARTESIAN_POINT ( 'NONE',  ( -3.529289321881346808, 3.959261623634310556, 3.959261623634311889 ) ) ;
#2835 = AXIS2_PLACEMENT_3D ( 'NONE', #3183, #3838, #5309 ) ;
#2836 = EDGE_LOOP ( 'NONE', ( #2543, #787, #5360, #1141 ) ) ;
#2837 = ADVANCED_FACE ( 'NONE', ( #5290 ), #2039, .T. ) ;
#2838 = MECHANICAL_DESIGN_GEOMETRIC_PRESENTATION_REPRESENTATION (  '', ( #1833 ), #5623 ) ;
#2839 = CARTESIAN_POINT ( 'NONE',  ( -0.6250000000000000000, 1.082531754730549967, 0.7395833340161299674 ) ) ;
#2840 = EDGE_LOOP ( 'NONE', ( #6829, #6040, #4153, #4921 ) ) ;
#2841 = CARTESIAN_POINT ( 'NONE',  ( 3.400000000000000355, 7.589415207398531038E-16, 4.000000000000000888 ) ) ;
#2842 = CARTESIAN_POINT ( 'NONE',  ( -7.620000000000000107, 4.671358064004457411, 2.702309657249425623 ) ) ;
#2843 = CARTESIAN_POINT ( 'NONE',  ( -3.500000000000001776, -2.172582384445689296, 5.245077857901653040 ) ) ;
#2844 = AXIS2_PLACEMENT_3D ( 'NONE', #876, #2491, #4040 ) ;
#2845 = CARTESIAN_POINT ( 'NONE',  ( -7.612830808016391337, 3.157397952676295638, -3.157397952676304964 ) ) ;
#2846 = EDGE_CURVE ( 'NONE', #6138, #3926, #5255, .T. ) ;
#2847 = PLANE ( 'NONE',  #694 ) ;
#2848 = CARTESIAN_POINT ( 'NONE',  ( -7.519999999999998685, 5.591885649938925340, 2.497483160617360109E-15 ) ) ;
#2849 = CARTESIAN_POINT ( 'NONE',  ( -7.590710678118655075, -1.084202172485504434E-16, 4.007169191983609657 ) ) ;
#2850 = EDGE_LOOP ( 'NONE', ( #5525, #5050, #6209, #1260 ) ) ;
#2851 = CARTESIAN_POINT ( 'NONE',  ( 1.860000000000000098, 0.000000000000000000, 0.000000000000000000 ) ) ;
#2852 = EDGE_CURVE ( 'NONE', #2767, #3640, #2007, .T. ) ;
#2853 = DIRECTION ( 'NONE',  ( 0.000000000000000000, 0.000000000000000000, -1.000000000000000000 ) ) ;
#2854 = CARTESIAN_POINT ( 'NONE',  ( -3.600000000000000533, 0.7133073313039072216, 5.450000000000000178 ) ) ;
#2855 = CARTESIAN_POINT ( 'NONE',  ( 0.5573417656250010399, -0.9653442552426449996, 2.255208333674729726 ) ) ;
#2856 = CARTESIAN_POINT ( 'NONE',  ( -7.619999999999999218, 5.103323571721348983, 2.113865836585282043 ) ) ;
#2857 = CARTESIAN_POINT ( 'NONE',  ( 3.499999999999998668, 3.212807662054016244, 3.212807662054023350 ) ) ;
#2858 = EDGE_LOOP ( 'NONE', ( #3780, #1727, #1550, #1546 ) ) ;
#2859 = DIRECTION ( 'NONE',  ( 0.000000000000000000, 0.000000000000000000, 1.000000000000000000 ) ) ;
#2860 = CARTESIAN_POINT ( 'NONE',  ( -7.620000000000000995, -1.058264950912181757, 3.994251324550508020 ) ) ;
#2861 = CARTESIAN_POINT ( 'NONE',  ( -3.566360389693211896, -2.139921993911704234, -5.166228700122157846 ) ) ;
#2862 = ORIENTED_EDGE ( 'NONE', *, *, #2032, .T. ) ;
#2863 = CARTESIAN_POINT ( 'NONE',  ( 2.651438096812269876E-16, -1.443375672974063884, 1.562500000000000222 ) ) ;
#2864 = CARTESIAN_POINT ( 'NONE',  ( -5.472922920607778963, 4.000000000000000000, 10.39757672170063074 ) ) ;
#2865 = CARTESIAN_POINT ( 'NONE',  ( -7.619999999999998330, -6.373613802544125279E-15, -5.489282243518026405 ) ) ;
#2866 = CARTESIAN_POINT ( 'NONE',  ( 0.4180063150855192200, -1.033339293450411756, 1.000000000000000000 ) ) ;
#2867 = CARTESIAN_POINT ( 'NONE',  ( -3.499999999999999112, -6.559229541115719874E-15, -5.677231363319082291 ) ) ;
#2868 = EDGE_CURVE ( 'NONE', #3325, #1606, #6370, .T. ) ;
#2869 = AXIS2_PLACEMENT_3D ( 'NONE', #4323, #4252, #23 ) ;
#2870 = VERTEX_POINT ( 'NONE', #1446 ) ;
#2871 = CARTESIAN_POINT ( 'NONE',  ( 1.250000000000000000, 1.530808498934190091E-16, 0.9062500006827960419 ) ) ;
#2872 = VERTEX_POINT ( 'NONE', #362 ) ;
#2873 = VERTEX_POINT ( 'NONE', #6778 ) ;
#2874 = CARTESIAN_POINT ( 'NONE',  ( 3.400000000000000355, 1.044815499854966578, 4.000000000000001776 ) ) ;
#2875 = CARTESIAN_POINT ( 'NONE',  ( 0.3300231769435963414, -1.075227898598028808, 1.000000000000004219 ) ) ;
#2876 = CARTESIAN_POINT ( 'NONE',  ( -3.500000000000000444, -5.245077857901653040, 2.172582384445667980 ) ) ;
#2877 = DIRECTION ( 'NONE',  ( 0.000000000000000000, 0.000000000000000000, 1.000000000000000000 ) ) ;
#2878 = CYLINDRICAL_SURFACE ( 'NONE', #3821, 4.000000000000000000 ) ;
#2879 = CARTESIAN_POINT ( 'NONE',  ( 0.000000000000000000, 4.000000000000000000, -13.50049772884731247 ) ) ;
#2880 = CARTESIAN_POINT ( 'NONE',  ( -7.612830808016390449, -1.052465984225436246, 4.029289321881342367 ) ) ;
#2881 = ORIENTED_EDGE ( 'NONE', *, *, #1899, .F. ) ;
#2882 = CARTESIAN_POINT ( 'NONE',  ( 2.651010643070037087, 0.000000000000000000, 9.597815608934052278 ) ) ;
#2883 = CARTESIAN_POINT ( 'NONE',  ( 0.5573417656250010399, -0.9653442552426449996, 1.755208333674730170 ) ) ;
#2884 = CARTESIAN_POINT ( 'NONE',  ( -7.612830808016391337, -0.7094738839595242652, 5.420710678118655146 ) ) ;
#2885 = CARTESIAN_POINT ( 'NONE',  ( 3.500000000000000888, 6.505213034913026604E-16, 4.066360389693210564 ) ) ;
#2886 = ORIENTED_EDGE ( 'NONE', *, *, #4296, .F. ) ;
#2887 = CARTESIAN_POINT ( 'NONE',  ( -0.2438076473116881360, 1.101435387485060202, 2.373590410620911584 ) ) ;
#2888 = FACE_OUTER_BOUND ( 'NONE', #804, .T. ) ;
#2889 = CARTESIAN_POINT ( 'NONE',  ( -3.507169191983608325, -5.193992981830501066, 2.151422335944850772 ) ) ;
#2890 = ORIENTED_EDGE ( 'NONE', *, *, #4803, .T. ) ;
#2891 = CARTESIAN_POINT ( 'NONE',  ( -1.250000000000000000, 0.000000000000000000, 1.500000000000000000 ) ) ;
#2892 = CARTESIAN_POINT ( 'NONE',  ( -18.25000000000000000, 4.000000000000000000, 0.000000000000000000 ) ) ;
#2893 = CARTESIAN_POINT ( 'NONE',  ( 5.270971560210249013E-05, 3.500000000000000000, 2.770985862293739999E-05 ) ) ;
#2894 = CARTESIAN_POINT ( 'NONE',  ( -7.590710678118655963, 5.584529814750888832, 2.807966345252452073E-15 ) ) ;
#2895 = SURFACE_STYLE_FILL_AREA ( #6002 ) ;
#2896 = STYLED_ITEM ( 'NONE', ( #4382 ), #2395 ) ;
#2897 = CARTESIAN_POINT ( 'NONE',  ( -3.499999999999999556, 4.002205763591129006, 4.002205763591130783 ) ) ;
#2898 = EDGE_LOOP ( 'NONE', ( #2886, #6683, #6695, #4247, #1294, #6311 ) ) ;
#2899 = CARTESIAN_POINT ( 'NONE',  ( 1.250000000000000000, 1.530808498934190091E-16, 1.406250000682796042 ) ) ;
#2900 = CARTESIAN_POINT ( 'NONE',  ( -0.5573417656250000407, 0.9653442552426449996, 2.130208333674730170 ) ) ;
#2901 = VERTEX_POINT ( 'NONE', #4777 ) ;
#2902 = ORIENTED_EDGE ( 'NONE', *, *, #840, .T. ) ;
#2903 = CARTESIAN_POINT ( 'NONE',  ( 3.470710678118654080, 7.589415207398531038E-16, 4.007169191983609657 ) ) ;
#2904 = CARTESIAN_POINT ( 'NONE',  ( -1.114683531249999637, -0.6435628368284300738, -0.6197916663252684977 ) ) ;
#2905 = CARTESIAN_POINT ( 'NONE',  ( -3.500000000000000000, 2.172582384445685300, 5.245077857901650376 ) ) ;
#2906 = EDGE_CURVE ( 'NONE', #5372, #5049, #6849, .T. ) ;
#2907 = DIRECTION ( 'NONE',  ( -0.9999799677159423306, -0.006329626120334541466, 0.000000000000000000 ) ) ;
#2908 = EDGE_CURVE ( 'NONE', #2615, #1606, #986, .T. ) ;
#2909 = EDGE_CURVE ( 'NONE', #5417, #2235, #918, .T. ) ;
#2910 = CARTESIAN_POINT ( 'NONE',  ( -1.067401277515691582, 0.5792783045652983853, 2.282203743585779154 ) ) ;
#2911 = DIRECTION ( 'NONE',  ( -0.000000000000000000, 1.000000000000000000, -0.000000000000000000 ) ) ;
#2912 = DIRECTION ( 'NONE',  ( -0.8849001878009898903, 0.000000000000000000, 0.4657806969269687181 ) ) ;
#2913 = B_SPLINE_CURVE_WITH_KNOTS ( 'NONE', 3,
 ( #1547, #951, #6887, #3687, #5189, #3581, #3052, #1479, #5158, #3086, #5813, #3161, #500, #1023, #2569, #5220, #2114, #4641 ),
 .UNSPECIFIED., .F., .F.,
 ( 4, 2, 2, 2, 2, 2, 2, 2, 4 ),
 ( 0.5000000000000000000, 0.5625000000000000000, 0.6250000000000000000, 0.6875000000000000000, 0.7500000000000000000, 0.8125000000000000000, 0.8750000000000000000, 0.9375000000000000000, 1.000000000000000000 ),
 .UNSPECIFIED. ) ;
#2914 = DIRECTION ( 'NONE',  ( -1.000000000000000000, -0.000000000000000000, -0.000000000000000000 ) ) ;
#2915 = CARTESIAN_POINT ( 'NONE',  ( 1.114683531249999637, 0.6435628368284300738, 1.067708333674731946 ) ) ;
#2916 = CARTESIAN_POINT ( 'NONE',  ( -7.536819805153395890, 0.7133073313039072216, 5.450000000000000178 ) ) ;
#2917 = CARTESIAN_POINT ( 'NONE',  ( 3.470710678118654080, 7.589415207398531038E-16, 4.007169191983609657 ) ) ;
#2918 = ORIENTED_EDGE ( 'NONE', *, *, #5510, .F. ) ;
#2919 = DIRECTION ( 'NONE',  ( -1.000000000000000000, -0.000000000000000000, -0.000000000000000000 ) ) ;
#2920 = ORIENTED_EDGE ( 'NONE', *, *, #3426, .F. ) ;
#2921 = B_SPLINE_CURVE_WITH_KNOTS ( 'NONE', 3,
 ( #6200, #5575, #6655, #3549, #1349, #2501, #5159, #3487, #364, #5612, #4642, #820, #5100, #6686, #4048, #6170, #5644, #849 ),
 .UNSPECIFIED., .F., .F.,
 ( 4, 2, 2, 2, 2, 2, 2, 2, 4 ),
 ( 0.000000000000000000, 0.06249999999999998612, 0.1250000000000000000, 0.1875000000000000000, 0.2500000000000000555, 0.3125000000000000555, 0.3750000000000000000, 0.4375000000000000000, 0.5000000000000000000 ),
 .UNSPECIFIED. ) ;
#2922 = CARTESIAN_POINT ( 'NONE',  ( -7.620000000000000107, 5.421010862427522170E-16, -4.099999999999999645 ) ) ;
#2923 = CARTESIAN_POINT ( 'NONE',  ( -3.500000000000001332, 2.165978151238167282, -5.229133828522944505 ) ) ;
#2924 = ORIENTED_EDGE ( 'NONE', *, *, #3113, .T. ) ;
#2925 = VECTOR ( 'NONE', #2588, 1000.000000000000000 ) ;
#2926 = EDGE_CURVE ( 'NONE', #4337, #5192, #1392, .T. ) ;
#2927 = CARTESIAN_POINT ( 'NONE',  ( -7.519999999999999574, -3.198667369592720355, -2.458186879899660227 ) ) ;
#2928 = CARTESIAN_POINT ( 'NONE',  ( 0.000000000000000000, 0.000000000000000000, 0.000000000000000000 ) ) ;
#2929 = CARTESIAN_POINT ( 'NONE',  ( -7.619999999999998330, -6.223991899446958850E-15, -5.523797629599507708 ) ) ;
#2930 = VECTOR ( 'NONE', #1458, 1000.000000000000000 ) ;
#2931 = DIRECTION ( 'NONE',  ( -1.000000000000000000, -0.000000000000000000, -0.000000000000000000 ) ) ;
#2932 = CARTESIAN_POINT ( 'NONE',  ( -3.499999999999999112, -6.615141933736973039E-15, -5.694489056359821610 ) ) ;
#2933 = ORIENTED_EDGE ( 'NONE', *, *, #4277, .T. ) ;
#2934 = CARTESIAN_POINT ( 'NONE',  ( 2.651438096812269876E-16, -1.443375672974063884, -0.4062499993172033474 ) ) ;
#2935 = CARTESIAN_POINT ( 'NONE',  ( 1.114683531249999637, 0.6435628368284300738, 1.567708333674732168 ) ) ;
#2936 = ORIENTED_EDGE ( 'NONE', *, *, #6119, .T. ) ;
#2937 = ORIENTED_EDGE ( 'NONE', *, *, #4370, .F. ) ;
#2938 =( NAMED_UNIT ( * ) PLANE_ANGLE_UNIT ( ) SI_UNIT ( $, .RADIAN. ) );
#2939 = CARTESIAN_POINT ( 'NONE',  ( 0.5573417656250010399, -0.9653442552426449996, -0.5572916663252679426 ) ) ;
#2940 = CIRCLE ( 'NONE', #2383, 0.1799999999999996048 ) ;
#2941 = CARTESIAN_POINT ( 'NONE',  ( -3.499999999999999112, -6.615141933736973039E-15, -5.694489056359821610 ) ) ;
#2942 = CARTESIAN_POINT ( 'NONE',  ( 0.000000000000000000, 3.500000000000000000, 4.785392286829072361 ) ) ;
#2943 = CARTESIAN_POINT ( 'NONE',  ( -6.809934457596146018, -5.449984967339704056, 0.1641788203084841857 ) ) ;
#2944 = DIRECTION ( 'NONE',  ( -0.000000000000000000, -1.000000000000000000, 0.000000000000000000 ) ) ;
#2945 = CARTESIAN_POINT ( 'NONE',  ( -6.288271236271614661, 0.5000000000000000000, -11.94659296667416903 ) ) ;
#2946 = ADVANCED_FACE ( 'NONE', ( #1976 ), #3614, .T. ) ;
#2947 = AXIS2_PLACEMENT_3D ( 'NONE', #552, #1610, #3220 ) ;
#2948 = CARTESIAN_POINT ( 'NONE',  ( 0.000000000000000000, 0.000000000000000000, 0.000000000000000000 ) ) ;
#2949 = EDGE_CURVE ( 'NONE', #3268, #4012, #2913, .T. ) ;
#2950 = CARTESIAN_POINT ( 'NONE',  ( -1.114683531249999637, -0.6435628368284300738, 0.1927083336747317799 ) ) ;
#2951 = TOROIDAL_SURFACE ( 'NONE', #6840, 9.597815608934052278, 0.1800000000000000488 ) ;
#2952 = CARTESIAN_POINT ( 'NONE',  ( -7.553639610306790431, 5.591885649938925340, 2.497483160617360109E-15 ) ) ;
#2953 = CARTESIAN_POINT ( 'NONE',  ( 3.500000000000000444, 1.062149090786937089, 4.066360389693211452 ) ) ;
#2954 = EDGE_LOOP ( 'NONE', ( #5609, #4604, #3807, #2464, #2862 ) ) ;
#2955 = CARTESIAN_POINT ( 'NONE',  ( 0.000000000000000000, 0.000000000000000000, 2.500000000000000000 ) ) ;
#2956 = VERTEX_POINT ( 'NONE', #393 ) ;
#2957 = CARTESIAN_POINT ( 'NONE',  ( -7.620000000000000995, -1.058334322985122977, -3.994418803551853081 ) ) ;
#2958 = ORIENTED_EDGE ( 'NONE', *, *, #3987, .T. ) ;
#2959 = DIRECTION ( 'NONE',  ( -0.000000000000000000, 1.000000000000000000, -0.000000000000000000 ) ) ;
#2960 = CARTESIAN_POINT ( 'NONE',  ( -0.6250000000000000000, -1.082531754730549967, 1.822916667349465225 ) ) ;
#2961 = CARTESIAN_POINT ( 'NONE',  ( -7.612830808016392226, 3.932810401448951332, 3.932810401448953108 ) ) ;
#2962 = AXIS2_PLACEMENT_3D ( 'NONE', #3509, #4069, #908 ) ;
#2963 = B_SPLINE_CURVE_WITH_KNOTS ( 'NONE', 3,
 ( #1723, #3898, #5532, #4496, #6011, #3297, #6085, #704, #4917, #1267, #3333, #1233, #1689, #1830, #3822, #5946, #118, #3371 ),
 .UNSPECIFIED., .F., .F.,
 ( 4, 2, 2, 2, 2, 2, 2, 2, 4 ),
 ( 0.000000000000000000, 0.06250000000000000000, 0.1250000000000000000, 0.1875000000000000000, 0.2500000000000000000, 0.3125000000000000000, 0.3750000000000000000, 0.4375000000000000000, 0.5000000000000000000 ),
 .UNSPECIFIED. ) ;
#2964 =( NAMED_UNIT ( * ) SI_UNIT ( $, .STERADIAN. ) SOLID_ANGLE_UNIT ( ) );
#2965 = CARTESIAN_POINT ( 'NONE',  ( -3.500000000000001332, -2.165978151238135307, -5.229133828522956939 ) ) ;
#2966 = ORIENTED_EDGE ( 'NONE', *, *, #2716, .T. ) ;
#2967 = CARTESIAN_POINT ( 'NONE',  ( -1.249999999999999556, 0.7216878364870319418, 0.5104166673494632267 ) ) ;
#2968 = CARTESIAN_POINT ( 'NONE',  ( 1.114683531250000526, -0.6435628368284300738, 1.276041667008064984 ) ) ;
#2969 = ORIENTED_EDGE ( 'NONE', *, *, #3650, .F. ) ;
#2970 = ORIENTED_EDGE ( 'NONE', *, *, #5383, .F. ) ;
#2971 = DIRECTION ( 'NONE',  ( -0.000000000000000000, -0.000000000000000000, -1.000000000000000000 ) ) ;
#2972 = CARTESIAN_POINT ( 'NONE',  ( -7.620000000000000107, 5.214152933866312623, 1.392403069057031262 ) ) ;
#2973 = CARTESIAN_POINT ( 'NONE',  ( -3.499999999999999112, -6.559229541115719874E-15, -5.677231363319082291 ) ) ;
#2974 = CARTESIAN_POINT ( 'NONE',  ( -0.6250000000000000000, -1.082531754730549967, 2.041666666666665186 ) ) ;
#2975 = ADVANCED_FACE ( 'NONE', ( #2532 ), #4248, .T. ) ;
#2976 = CARTESIAN_POINT ( 'NONE',  ( -6.810032621335367686, -5.450007481957086952, -0.08133974384300354799 ) ) ;
#2977 = DIRECTION ( 'NONE',  ( 0.000000000000000000, 0.000000000000000000, -1.000000000000000000 ) ) ;
#2978 = APPLICATION_PROTOCOL_DEFINITION ( 'draft international standard', 'automotive_design', 1998, #5543 ) ;
#2979 = AXIS2_PLACEMENT_3D ( 'NONE', #1108, #6825, #2051 ) ;
#2980 = DIRECTION ( 'NONE',  ( 0.000000000000000000, 0.000000000000000000, 1.000000000000000000 ) ) ;
#2981 = CARTESIAN_POINT ( 'NONE',  ( 2.364411504516379476E-16, -1.287125673656860148, 0.2343750003413983540 ) ) ;
#2982 = CARTESIAN_POINT ( 'NONE',  ( -7.536819805153390561, 3.954060262691551308, -3.954060262691563299 ) ) ;
#2983 = CARTESIAN_POINT ( 'NONE',  ( 3.499999999999999556, -4.543596168972990235, -3.278017505874142312E-15 ) ) ;
#2984 = ORIENTED_EDGE ( 'NONE', *, *, #6823, .T. ) ;
#2985 = LINE ( 'NONE', #2090, #467 ) ;
#2986 = PLANE ( 'NONE',  #3585 ) ;
#2987 = ORIENTED_EDGE ( 'NONE', *, *, #4381, .F. ) ;
#2988 = FACE_OUTER_BOUND ( 'NONE', #1794, .T. ) ;
#2989 = AXIS2_PLACEMENT_3D ( 'NONE', #2341, #4482, #105 ) ;
#2990 = EDGE_LOOP ( 'NONE', ( #3286, #5342 ) ) ;
#2991 = CARTESIAN_POINT ( 'NONE',  ( -7.519999999999999574, -4.000000000000000888, 0.5235987755982980385 ) ) ;
#2992 = CARTESIAN_POINT ( 'NONE',  ( -7.619999999999998330, -5.103323571721342766, -2.113865836585302471 ) ) ;
#2993 = DIRECTION ( 'NONE',  ( -1.000000000000000000, -0.000000000000000000, -0.000000000000000000 ) ) ;
#2994 = CARTESIAN_POINT ( 'NONE',  ( -3.898989356929962735, -9.597803391643314086, 0.000000000000000000 ) ) ;
#2995 = ORIENTED_EDGE ( 'NONE', *, *, #143, .T. ) ;
#2996 = ORIENTED_EDGE ( 'NONE', *, *, #263, .F. ) ;
#2997 = CARTESIAN_POINT ( 'NONE',  ( 1.250000000000000000, 1.530808498934190091E-16, -0.3437499993172030144 ) ) ;
#2998 = CARTESIAN_POINT ( 'NONE',  ( 0.5573417656250000407, 0.9653442552426449996, 1.588541667008064762 ) ) ;
#2999 = ORIENTED_EDGE ( 'NONE', *, *, #2107, .F. ) ;
#3000 = CARTESIAN_POINT ( 'NONE',  ( 1.250000000000000000, 1.530808498934190091E-16, 2.500000000000000000 ) ) ;
#3001 = EDGE_CURVE ( 'NONE', #314, #4587, #6808, .T. ) ;
#3002 = CARTESIAN_POINT ( 'NONE',  ( 0.5573417656250000407, 0.9653442552426449996, 1.526041667008064984 ) ) ;
#3003 = CARTESIAN_POINT ( 'NONE',  ( 5.270971560210249013E-05, 3.500000000000000000, 2.770985862293739999E-05 ) ) ;
#3004 = AXIS2_PLACEMENT_3D ( 'NONE', #1629, #6889, #6336 ) ;
#3005 = DIRECTION ( 'NONE',  ( 0.000000000000000000, 1.000000000000000000, -0.000000000000000000 ) ) ;
#3006 = CARTESIAN_POINT ( 'NONE',  ( 0.000000000000000000, 3.500000000000000000, 4.785392286829072361 ) ) ;
#3007 = DIRECTION ( 'NONE',  ( 0.000000000000000000, 0.000000000000000000, 1.000000000000000000 ) ) ;
#3008 = ORIENTED_EDGE ( 'NONE', *, *, #2338, .F. ) ;
#3009 = CARTESIAN_POINT ( 'NONE',  ( -11.44275138759387112, -53.08587793367073004, -94.85156803945054094 ) ) ;
#3010 = DIRECTION ( 'NONE',  ( -1.000000000000000000, -0.000000000000000000, -0.000000000000000000 ) ) ;
#3011 = CARTESIAN_POINT ( 'NONE',  ( -0.6250000000000000000, -1.082531754730549967, 1.291666666666666075 ) ) ;
#3012 = CARTESIAN_POINT ( 'NONE',  ( 2.364411504516379476E-16, -1.287125673656860148, 0.4843750003413980765 ) ) ;
#3013 = CARTESIAN_POINT ( 'NONE',  ( 1.114683531250000081, 1.365093618607580186E-16, 0.9843750003413979099 ) ) ;
#3014 = ORIENTED_EDGE ( 'NONE', *, *, #542, .F. ) ;
#3015 = DIRECTION ( 'NONE',  ( 0.000000000000000000, 0.000000000000000000, -1.000000000000000000 ) ) ;
#3016 = CIRCLE ( 'NONE', #1797, 4.500000000000000888 ) ;
#3017 = DIRECTION ( 'NONE',  ( 0.9999799677159423306, 0.006329626120334662029, 0.000000000000000000 ) ) ;
#3018 = ORIENTED_EDGE ( 'NONE', *, *, #952, .F. ) ;
#3019 = VECTOR ( 'NONE', #958, 1000.000000000000000 ) ;
#3020 = EDGE_CURVE ( 'NONE', #6393, #616, #2259, .T. ) ;
#3021 = CYLINDRICAL_SURFACE ( 'NONE', #5808, 6.080000000000000959 ) ;
#3022 = CARTESIAN_POINT ( 'NONE',  ( -1.250000000000000000, 0.000000000000000000, 2.500000000000000000 ) ) ;
#3023 = CARTESIAN_POINT ( 'NONE',  ( 9.904545454545443661, 3.500000000000000000, -4.785392286829072361 ) ) ;
#3024 = CARTESIAN_POINT ( 'NONE',  ( -7.620000000000001883, -3.905914761792005141, 3.905914761791980272 ) ) ;
#3025 = EDGE_CURVE ( 'NONE', #425, #361, #1058, .T. ) ;
#3026 = CIRCLE ( 'NONE', #800, 12.67999999999999972 ) ;
#3027 = FACE_BOUND ( 'NONE', #6698, .T. ) ;
#3028 = SPHERICAL_SURFACE ( 'NONE', #2725, 1.979999999999999982 ) ;
#3029 = ORIENTED_EDGE ( 'NONE', *, *, #2104, .T. ) ;
#3030 = CARTESIAN_POINT ( 'NONE',  ( 3.011010643070036963, 0.000000000000000000, 9.597815608934052278 ) ) ;
#3031 = ORIENTED_EDGE ( 'NONE', *, *, #2601, .F. ) ;
#3032 = VECTOR ( 'NONE', #1646, 1000.000000000000000 ) ;
#3033 = CARTESIAN_POINT ( 'NONE',  ( 2.651438096812269876E-16, -1.443375672974063884, 0.5937500006827968191 ) ) ;
#3034 = CARTESIAN_POINT ( 'NONE',  ( 0.5573417656250010399, -0.9653442552426449996, 2.255208333674729726 ) ) ;
#3035 = ORIENTED_EDGE ( 'NONE', *, *, #6303, .T. ) ;
#3036 = CARTESIAN_POINT ( 'NONE',  ( 16.66334466764629596, 4.000000000000000000, 4.500042430453816245 ) ) ;
#3037 = CARTESIAN_POINT ( 'NONE',  ( -1.114683531249999415, 0.6435628368284300738, 2.088541667008065872 ) ) ;
#3038 = LINE ( 'NONE', #4657, #1673 ) ;
#3039 = CARTESIAN_POINT ( 'NONE',  ( 1.644700651254895438E-15, -0.5000000000000000000, -13.43000000000000149 ) ) ;
#3040 = CARTESIAN_POINT ( 'NONE',  ( -1.027019933523648954, 0.6635647017502013245, 2.274475386196973759 ) ) ;
#3041 = LINE ( 'NONE', #5148, #6531 ) ;
#3042 = ORIENTED_EDGE ( 'NONE', *, *, #4145, .T. ) ;
#3043 = DIRECTION ( 'NONE',  ( 1.000000000000000000, 0.000000000000000000, 0.000000000000000000 ) ) ;
#3044 = CARTESIAN_POINT ( 'NONE',  ( -1.249999999999999556, -0.7216878364870319418, -0.6979166659838694775 ) ) ;
#3045 = EDGE_CURVE ( 'NONE', #4651, #6793, #4432, .T. ) ;
#3046 = DIRECTION ( 'NONE',  ( -0.000000000000000000, -1.000000000000000000, -0.000000000000000000 ) ) ;
#3047 = CARTESIAN_POINT ( 'NONE',  ( 0.6250000000000000000, 1.082531754730549967, 0.9166666666666669627 ) ) ;
#3048 = CARTESIAN_POINT ( 'NONE',  ( -0.5573417656250000407, 0.9653442552426449996, 0.1302083336747316133 ) ) ;
#3049 = CARTESIAN_POINT ( 'NONE',  ( 1.114683531250000526, -0.6435628368284300738, 1.963541667008065650 ) ) ;
#3050 = EDGE_LOOP ( 'NONE', ( #5719, #4167, #5066, #6197 ) ) ;
#3051 = CIRCLE ( 'NONE', #5405, 9.597815608934052278 ) ;
#3052 = CARTESIAN_POINT ( 'NONE',  ( -7.520000000000002238, 4.762135816530706833, -2.744723443021402254 ) ) ;
#3053 = ADVANCED_FACE ( 'NONE', ( #2783 ), #4285, .T. ) ;
#3054 = CYLINDRICAL_SURFACE ( 'NONE', #2213, 11.00000000000000000 ) ;
#3055 = VECTOR ( 'NONE', #5782, 1000.000000000000000 ) ;
#3056 = ORIENTED_EDGE ( 'NONE', *, *, #1161, .F. ) ;
#3057 = EDGE_CURVE ( 'NONE', #6619, #4794, #5466, .T. ) ;
#3058 = FACE_OUTER_BOUND ( 'NONE', #2558, .T. ) ;
#3059 = CYLINDRICAL_SURFACE ( 'NONE', #54, 4.771567564183824217 ) ;
#3060 = CARTESIAN_POINT ( 'NONE',  ( -8.838126989374225934E-17, 1.443375672974064106, 1.718750000682794710 ) ) ;
#3061 = CARTESIAN_POINT ( 'NONE',  ( -7.520000000000004015, 2.139921993911734877, -5.166228700122141859 ) ) ;
#3062 = ADVANCED_BREP_SHAPE_REPRESENTATION ( '', ( #6413, #1443 ), #5686 ) ;
#3063 = DIRECTION ( 'NONE',  ( -0.000000000000000000, 1.000000000000000000, -0.000000000000000000 ) ) ;
#3064 = ORIENTED_EDGE ( 'NONE', *, *, #223, .F. ) ;
#3065 = CARTESIAN_POINT ( 'NONE',  ( -3.410000000000000142, 0.000000000000000000, 0.000000000000000000 ) ) ;
#3066 = CARTESIAN_POINT ( 'NONE',  ( 0.04853881366664049984, -1.206217529359502549, 2.289406670420849554 ) ) ;
#3067 = CARTESIAN_POINT ( 'NONE',  ( -1.249999999999999556, -0.7216878364870319418, 0.5520833340161298564 ) ) ;
#3068 = CARTESIAN_POINT ( 'NONE',  ( 1.114683531249999637, 0.6435628368284300738, 0.3177083336747320019 ) ) ;
#3069 = ORIENTED_EDGE ( 'NONE', *, *, #731, .F. ) ;
#3070 = CARTESIAN_POINT ( 'NONE',  ( 3.500000000000000444, -3.199627467207418530, 3.199627467207412757 ) ) ;
#3071 = PRODUCT_DEFINITION_SHAPE ( 'NONE', 'NONE',  #6905 ) ;
#3072 = CARTESIAN_POINT ( 'NONE',  ( 0.5573417656250000407, 0.9653442552426449996, 1.026041667008064096 ) ) ;
#3073 = CARTESIAN_POINT ( 'NONE',  ( 0.000000000000000000, -0.5000000000000000000, 0.000000000000000000 ) ) ;
#3074 = DIRECTION ( 'NONE',  ( 0.000000000000000000, 0.000000000000000000, 1.000000000000000000 ) ) ;
#3075 = DIRECTION ( 'NONE',  ( 0.000000000000000000, 0.000000000000000000, 1.000000000000000000 ) ) ;
#3076 = EDGE_LOOP ( 'NONE', ( #1657, #1470 ) ) ;
#3077 = B_SPLINE_CURVE_WITH_KNOTS ( 'NONE', 5,
 ( #6027, #3945, #2232, #6063, #4365, #5544, #2791, #205 ),
 .UNSPECIFIED., .F., .F.,
 ( 6, 2, 6 ),
 ( 0.000000000000000000, 0.5000000000000000000, 1.000000000000000000 ),
 .UNSPECIFIED. ) ;
#3078 = DIRECTION ( 'NONE',  ( 0.7898235288966832801, 0.1728044589995677005, -0.5884873933662954082 ) ) ;
#3079 = CARTESIAN_POINT ( 'NONE',  ( 1.114683531249999637, 0.6435628368284300738, 1.255208333674731502 ) ) ;
#3080 = CARTESIAN_POINT ( 'NONE',  ( -7.520000000000001350, -3.134446499564901512, -3.134446499564899735 ) ) ;
#3081 = CARTESIAN_POINT ( 'NONE',  ( 1.250000000000001776, -0.7216878364870319418, 0.3541666666666663521 ) ) ;
#3082 = CARTESIAN_POINT ( 'NONE',  ( -7.590710678118654187, 3.140064361744326682, -3.140064361744333787 ) ) ;
#3083 = AXIS2_PLACEMENT_3D ( 'NONE', #2080, #3767, #4358 ) ;
#3084 = CARTESIAN_POINT ( 'NONE',  ( -1.114683531250000081, 0.000000000000000000, 1.859375000341400019 ) ) ;
#3085 = ORIENTED_EDGE ( 'NONE', *, *, #3045, .T. ) ;
#3086 = CARTESIAN_POINT ( 'NONE',  ( -7.520000000000001350, 5.450000000000001066, 0.7134033317526805584 ) ) ;
#3087 = CARTESIAN_POINT ( 'NONE',  ( 2.364411504516379476E-16, -1.287125673656860148, 1.984375000341398021 ) ) ;
#3088 =( BOUNDED_SURFACE ( )  B_SPLINE_SURFACE ( 1, 2, ( 
 ( #4501, #3939, #6548, #2818, #2227, #1764, #6483, #5438, #2855, #4469, #3447, #163, #749, #3872, #643, #2263, #4891, #199, #6610, #1209, #4436, #5028, #1835, #6022, #2787, #5568, #2329, #4402, #3414, #4962, #3907, #1698, #2883, #3972, #3342, #6513, #5469, #4360, #679, #94, #1242, #4928, #3833, #1800, #5956, #3379, #6090, #4996, #1732, #5990, #2294, #5538, #6582, #1172, #5503, #1307, #716, #6058, #230, #1274, #2357, #6649, #1341, #5741, #4136, #2915, #878, #5669, #2003, #5090, #1412, #5637, #2393, #5705, #5060, #2528, #1442, #5605, #6195, #3481, #1972, #390, #264, #4536, #813, #5125, #4104, #1940, #3543, #4042, #1378, #4073, #3513, #3012, #4602, #4668, #1871, #6258, #842, #6226, #359, #3578, #5155, #2496, #915, #2981, #323, #2950, #4638, #6678, #3048, #4008, #6130, #297, #5186, #6775, #2461, #6712, #1476, #3611, #2430, #4566, #1909, #6164, #6747, #2728, #3214, #1602, #1707, #5900, #1672, #6381, #4333, #6458, #5337, #2795, #6420, #3282, #6522, #3808, #545, #617, #4299, #3881, #3314 ),
 ( #172, #68, #2688, #651, #5930, #5966, #5997, #1638, #3776, #5414, #4936, #4827, #2761, #1216, #3352, #1106, #5446, #1142, #136, #2270, #4371, #3739, #4900, #34, #3247, #102, #3841, #4411, #2200, #4865, #2164, #6490, #5373, #1742, #4264, #1072, #585, #5476, #690, #2236, #1182, #2829, #4971, #5865, #6257, #2863, #5704, #6100, #2891, #6746, #4446, #1285, #4637, #4480, #5004, #946, #914, #3577, #3011, #1441, #389, #1847, #6067, #6559, #5740, #1971, #5154, #5039, #3915, #358, #3422, #2367, #5513, #5216, #240, #726, #3047, #6626, #4102, #4135, #6589, #1810, #3456, #5185, #3389, #5579, #1475, #3610, #5548, #2527, #3983, #4667, #6774, #2494, #1773, #1318, #209, #758, #6225, #4511, #2339, #877, #2002, #3081, #6031, #2303, #1252, #3948, #1583, #3230, #457, #2564, #4173, #5772, #3263, #1653, #422, #5321, #3196, #6437, #2596, #5849, #3157, #6803, #5355, #4700, #50, #5880, #3117, #3721, #982, #6400, #4847, #2035, #6291, #5251, #2637, #1621, #6365, #1053, #1543, #5809, #528, #1019, #2671 ) ),
 .UNSPECIFIED., .F., .F., .T. ) 
 B_SPLINE_SURFACE_WITH_KNOTS ( ( 2, 2 ),
 ( 3, 2, 2, 2, 2, 2, 2, 2, 2, 2, 2, 2, 2, 2, 2, 2, 2, 2, 2, 2, 2, 2, 2, 2, 2, 2, 2, 2, 2, 2, 2, 2, 2, 2, 2, 2, 2, 2, 2, 2, 2, 2, 2, 2, 2, 2, 2, 2, 2, 2, 2, 2, 2, 2, 2, 2, 2, 2, 2, 2, 2, 2, 2, 2, 2, 2, 2, 2, 2, 2, 2, 2, 3 ),
 ( 0.000000000000000000, 1.000000000000000000 ),
 ( 0.000000000000000000, 0.01388888888888890026, 0.02777777777777780052, 0.04166666666666665048, 0.05555555555555560104, 0.06944444444444450304, 0.08333333333333330095, 0.09722222222222219601, 0.1111111111111110078, 0.1250000000000000000, 0.1388888888888890061, 0.1527777777777780122, 0.1666666666666665186, 0.1805555555555554970, 0.1944444444444445030, 0.2083333333333335091, 0.2222222222222219878, 0.2361111111111110217, 0.2500000000000000000, 0.2638888888888890061, 0.2777777777777780122, 0.2916666666666665186, 0.3055555555555554692, 0.3194444444444444753, 0.3333333333333335369, 0.3472222222222220434, 0.3611111111111109939, 0.3750000000000000000, 0.3888888888888890061, 0.4027777777777780122, 0.4166666666666665186, 0.4305555555555554692, 0.4444444444444444753, 0.4583333333333329818, 0.4722222222222220434, 0.4861111111111109939, 0.5000000000000000000, 0.5138888888888889506, 0.5277777777777779011, 0.5416666666666670737, 0.5555555555555560243, 0.5694444444444440867, 0.5833333333333330373, 0.5972222222222219878, 0.6111111111111110494, 0.6250000000000000000, 0.6388888888888889506, 0.6527777777777779011, 0.6666666666666670737, 0.6805555555555560243, 0.6944444444444440867, 0.7083333333333330373, 0.7222222222222219878, 0.7361111111111110494, 0.7500000000000000000, 0.7638888888888889506, 0.7777777777777779011, 0.7916666666666670737, 0.8055555555555560243, 0.8194444444444450859, 0.8333333333333330373, 0.8472222222222219878, 0.8611111111111110494, 0.8750000000000000000, 0.8888888888888889506, 0.9027777777777779011, 0.9166666666666670737, 0.9305555555555560243, 0.9444444444444440867, 0.9583333333333330373, 0.9722222222222219878, 0.9861111111111110494, 1.000000000000000000 ),
 .UNSPECIFIED. ) 
 GEOMETRIC_REPRESENTATION_ITEM ( )  RATIONAL_B_SPLINE_SURFACE ( (
 ( 1.000000000000000000, 0.8660254037844389297, 1.000000000000000000, 0.8660254037844389297, 1.000000000000000000, 0.8660254037844389297, 1.000000000000000000, 0.8660254037844389297, 1.000000000000000000, 0.8660254037844389297, 1.000000000000000000, 0.8660254037844389297, 1.000000000000000000, 0.8660254037844389297, 1.000000000000000000, 0.8660254037844389297, 1.000000000000000000, 0.8660254037844389297, 1.000000000000000000, 0.8660254037844389297, 1.000000000000000000, 0.8660254037844389297, 1.000000000000000000, 0.8660254037844389297, 1.000000000000000000, 0.8660254037844389297, 1.000000000000000000, 0.8660254037844389297, 1.000000000000000000, 0.8660254037844389297, 1.000000000000000000, 0.8660254037844389297, 1.000000000000000000, 0.8660254037844389297, 1.000000000000000000, 0.8660254037844389297, 1.000000000000000000, 0.8660254037844389297, 1.000000000000000000, 0.8660254037844389297, 1.000000000000000000, 0.8660254037844389297, 1.000000000000000000, 0.8660254037844389297, 1.000000000000000000, 0.8660254037844389297, 1.000000000000000000, 0.8660254037844389297, 1.000000000000000000, 0.8660254037844389297, 1.000000000000000000, 0.8660254037844389297, 1.000000000000000000, 0.8660254037844389297, 1.000000000000000000, 0.8660254037844389297, 1.000000000000000000, 0.8660254037844389297, 1.000000000000000000, 0.8660254037844389297, 1.000000000000000000, 0.8660254037844389297, 1.000000000000000000, 0.8660254037844389297, 1.000000000000000000, 0.8660254037844389297, 1.000000000000000000, 0.8660254037844389297, 1.000000000000000000, 0.8660254037844389297, 1.000000000000000000, 0.8660254037844389297, 1.000000000000000000, 0.8660254037844389297, 1.000000000000000000, 0.8660254037844389297, 1.000000000000000000, 0.8660254037844389297, 1.000000000000000000, 0.8660254037844389297, 1.000000000000000000, 0.8660254037844389297, 1.000000000000000000, 0.8660254037844389297, 1.000000000000000000, 0.8660254037844389297, 1.000000000000000000, 0.8660254037844389297, 1.000000000000000000, 0.8660254037844389297, 1.000000000000000000, 0.8660254037844389297, 1.000000000000000000, 0.8660254037844389297, 1.000000000000000000, 0.8660254037844389297, 1.000000000000000000, 0.8660254037844389297, 1.000000000000000000, 0.8660254037844389297, 1.000000000000000000, 0.8660254037844389297, 1.000000000000000000, 0.8660254037844389297, 1.000000000000000000, 0.8660254037844389297, 1.000000000000000000, 0.8660254037844389297, 1.000000000000000000, 0.8660254037844389297, 1.000000000000000000, 0.8660254037844389297, 1.000000000000000000, 0.8660254037844389297, 1.000000000000000000, 0.8660254037844389297, 1.000000000000000000, 0.8660254037844389297, 1.000000000000000000, 0.8660254037844389297, 1.000000000000000000, 0.8660254037844389297, 1.000000000000000000, 0.8660254037844389297, 1.000000000000000000, 0.8660254037844389297, 1.000000000000000000, 0.8660254037844389297, 1.000000000000000000, 0.8660254037844389297, 1.000000000000000000, 0.8660254037844389297, 1.000000000000000000, 0.8660254037844389297, 1.000000000000000000, 0.8660254037844389297, 1.000000000000000000, 0.8660254037844389297, 1.000000000000000000, 0.8660254037844389297, 1.000000000000000000, 0.8660254037844389297, 1.000000000000000000, 0.8660254037844389297, 1.000000000000000000),
 ( 1.000000000000000000, 0.8660254037844389297, 1.000000000000000000, 0.8660254037844389297, 1.000000000000000000, 0.8660254037844389297, 1.000000000000000000, 0.8660254037844389297, 1.000000000000000000, 0.8660254037844389297, 1.000000000000000000, 0.8660254037844389297, 1.000000000000000000, 0.8660254037844389297, 1.000000000000000000, 0.8660254037844389297, 1.000000000000000000, 0.8660254037844389297, 1.000000000000000000, 0.8660254037844389297, 1.000000000000000000, 0.8660254037844389297, 1.000000000000000000, 0.8660254037844389297, 1.000000000000000000, 0.8660254037844389297, 1.000000000000000000, 0.8660254037844389297, 1.000000000000000000, 0.8660254037844389297, 1.000000000000000000, 0.8660254037844389297, 1.000000000000000000, 0.8660254037844389297, 1.000000000000000000, 0.8660254037844389297, 1.000000000000000000, 0.8660254037844389297, 1.000000000000000000, 0.8660254037844389297, 1.000000000000000000, 0.8660254037844389297, 1.000000000000000000, 0.8660254037844389297, 1.000000000000000000, 0.8660254037844389297, 1.000000000000000000, 0.8660254037844389297, 1.000000000000000000, 0.8660254037844389297, 1.000000000000000000, 0.8660254037844389297, 1.000000000000000000, 0.8660254037844389297, 1.000000000000000000, 0.8660254037844389297, 1.000000000000000000, 0.8660254037844389297, 1.000000000000000000, 0.8660254037844389297, 1.000000000000000000, 0.8660254037844389297, 1.000000000000000000, 0.8660254037844389297, 1.000000000000000000, 0.8660254037844389297, 1.000000000000000000, 0.8660254037844389297, 1.000000000000000000, 0.8660254037844389297, 1.000000000000000000, 0.8660254037844389297, 1.000000000000000000, 0.8660254037844389297, 1.000000000000000000, 0.8660254037844389297, 1.000000000000000000, 0.8660254037844389297, 1.000000000000000000, 0.8660254037844389297, 1.000000000000000000, 0.8660254037844389297, 1.000000000000000000, 0.8660254037844389297, 1.000000000000000000, 0.8660254037844389297, 1.000000000000000000, 0.8660254037844389297, 1.000000000000000000, 0.8660254037844389297, 1.000000000000000000, 0.8660254037844389297, 1.000000000000000000, 0.8660254037844389297, 1.000000000000000000, 0.8660254037844389297, 1.000000000000000000, 0.8660254037844389297, 1.000000000000000000, 0.8660254037844389297, 1.000000000000000000, 0.8660254037844389297, 1.000000000000000000, 0.8660254037844389297, 1.000000000000000000, 0.8660254037844389297, 1.000000000000000000, 0.8660254037844389297, 1.000000000000000000, 0.8660254037844389297, 1.000000000000000000, 0.8660254037844389297, 1.000000000000000000, 0.8660254037844389297, 1.000000000000000000, 0.8660254037844389297, 1.000000000000000000, 0.8660254037844389297, 1.000000000000000000, 0.8660254037844389297, 1.000000000000000000, 0.8660254037844389297, 1.000000000000000000, 0.8660254037844389297, 1.000000000000000000, 0.8660254037844389297, 1.000000000000000000, 0.8660254037844389297, 1.000000000000000000, 0.8660254037844389297, 1.000000000000000000, 0.8660254037844389297, 1.000000000000000000, 0.8660254037844389297, 1.000000000000000000, 0.8660254037844389297, 1.000000000000000000, 0.8660254037844389297, 1.000000000000000000, 0.8660254037844389297, 1.000000000000000000, 0.8660254037844389297, 1.000000000000000000, 0.8660254037844389297, 1.000000000000000000) ) ) 
 REPRESENTATION_ITEM ( '' )  SURFACE ( )  );
#3089 = ORIENTED_EDGE ( 'NONE', *, *, #568, .T. ) ;
#3090 = CARTESIAN_POINT ( 'NONE',  ( -7.619999999999998330, -5.071435512963938130, -2.100657370170235350 ) ) ;
#3091 = DIRECTION ( 'NONE',  ( 0.000000000000000000, 1.000000000000000000, -0.000000000000000000 ) ) ;
#3092 = STYLED_ITEM ( 'NONE', ( #5044 ), #1856 ) ;
#3093 = LINE ( 'NONE', #4677, #838 ) ;
#3094 = CARTESIAN_POINT ( 'NONE',  ( -0.7470036416212938457, 1.007744214662168902, 0.9999999999999997780 ) ) ;
#3095 = DIRECTION ( 'NONE',  ( 0.000000000000000000, 1.000000000000000000, 0.000000000000000000 ) ) ;
#3096 = ORIENTED_EDGE ( 'NONE', *, *, #2009, .F. ) ;
#3097 = CARTESIAN_POINT ( 'NONE',  ( -7.620000000000000107, 7.047314121155778821E-16, -5.366819805153393297 ) ) ;
#3098 = CARTESIAN_POINT ( 'NONE',  ( -5.725577574156446303, -1.241677922974065318, -3.802436165964011128 ) ) ;
#3099 = CARTESIAN_POINT ( 'NONE',  ( -1.249999999999999556, -0.7216878364870320528, 1.770833333333334370 ) ) ;
#3100 = CARTESIAN_POINT ( 'NONE',  ( -0.5573417656250000407, 0.9653442552426449996, 0.3802083336747320574 ) ) ;
#3101 = ORIENTED_EDGE ( 'NONE', *, *, #2401, .F. ) ;
#3102 = CARTESIAN_POINT ( 'NONE',  ( -7.881371681721266152E-17, 1.287125673656860148, 1.546875000341396467 ) ) ;
#3103 = CARTESIAN_POINT ( 'NONE',  ( 0.000000000000000000, 0.000000000000000000, 0.000000000000000000 ) ) ;
#3104 = CARTESIAN_POINT ( 'NONE',  ( -3.500000000000000444, -0.7357174204113601235, 5.550000000000000711 ) ) ;
#3105 = CARTESIAN_POINT ( 'NONE',  ( 2.831010643070036803, 1.175393416428758969E-15, -9.597815608934052278 ) ) ;
#3106 = DIRECTION ( 'NONE',  ( 0.000000000000000000, 0.000000000000000000, -1.000000000000000000 ) ) ;
#3107 = EDGE_LOOP ( 'NONE', ( #145, #6357 ) ) ;
#3108 = EDGE_CURVE ( 'NONE', #2176, #3486, #123, .T. ) ;
#3109 = CARTESIAN_POINT ( 'NONE',  ( 24.72935538451291393, 8.998380195960413275, -40.51600355652727359 ) ) ;
#3110 = EDGE_CURVE ( 'NONE', #4651, #3325, #5361, .T. ) ;
#3112 = CARTESIAN_POINT ( 'NONE',  ( -7.881371681721266152E-17, 1.287125673656860148, 1.546875000341396467 ) ) ;
#3111 = VECTOR ( 'NONE', #4091, 1000.000000000000000 ) ;
#3113 = EDGE_CURVE ( 'NONE', #310, #4187, #1658, .T. ) ;
#3114 = CARTESIAN_POINT ( 'NONE',  ( -3.566360389693211008, -2.139921993911722442, 5.166228700122149853 ) ) ;
#3115 = EDGE_CURVE ( 'NONE', #594, #2813, #1275, .T. ) ;
#3116 = CARTESIAN_POINT ( 'NONE',  ( -7.519999999999998685, 3.134446499564892630, -3.134446499564902400 ) ) ;
#3117 = CARTESIAN_POINT ( 'NONE',  ( 0.6250000000000000000, -1.082531754730548190, -0.1666666666666664909 ) ) ;
#3118 = CARTESIAN_POINT ( 'NONE',  ( -6.810000000000000497, 4.898386515907493892E-16, -4.000000000000000000 ) ) ;
#3119 = CARTESIAN_POINT ( 'NONE',  ( 1.114683531250000526, -0.6435628368284300738, 0.9635416670080652057 ) ) ;
#3120 = ORIENTED_EDGE ( 'NONE', *, *, #3901, .F. ) ;
#3121 = DIRECTION ( 'NONE',  ( 0.000000000000000000, 1.224646799147353207E-16, -1.000000000000000000 ) ) ;
#3122 = ADVANCED_FACE ( 'NONE', ( #2815 ), #1204, .T. ) ;
#3123 = CARTESIAN_POINT ( 'NONE',  ( -3.599999999999999645, 3.349279623863286481, 4.358184291070080540 ) ) ;
#3124 = ORIENTED_EDGE ( 'NONE', *, *, #523, .F. ) ;
#3125 = CARTESIAN_POINT ( 'NONE',  ( -5.559999999999999609, -5.304714883949936954, -1.250000000000000000 ) ) ;
#3126 = CARTESIAN_POINT ( 'NONE',  ( -7.619999999999996554, 3.881508698238493871, -3.881508698238506749 ) ) ;
#3127 = CARTESIAN_POINT ( 'NONE',  ( 0.000000000000000000, 0.000000000000000000, 0.000000000000000000 ) ) ;
#3128 = APPLICATION_CONTEXT ( 'automotive_design' ) ;
#3129 = FACE_BOUND ( 'NONE', #3550, .T. ) ;
#3130 = CARTESIAN_POINT ( 'NONE',  ( -7.536819805153397667, 5.166228700122150741, -2.139921993911719778 ) ) ;
#3131 = AXIS2_PLACEMENT_3D ( 'NONE', #6375, #3344, #4964 ) ;
#3132 = EDGE_CURVE ( 'NONE', #3977, #961, #1663, .T. ) ;
#3133 = AXIS2_PLACEMENT_3D ( 'NONE', #722, #2919, #4506 ) ;
#3134 = CARTESIAN_POINT ( 'NONE',  ( -3.583180194846605993, -5.421010862427522170E-17, 5.450000000000000178 ) ) ;
#3135 = CIRCLE ( 'NONE', #4039, 11.00000000000000000 ) ;
#3136 = ORIENTED_EDGE ( 'NONE', *, *, #5097, .T. ) ;
#3137 = FACE_OUTER_BOUND ( 'NONE', #1512, .T. ) ;
#3138 = CARTESIAN_POINT ( 'NONE',  ( 16.66334466764629596, 3.500000000000000000, -4.500042430453816245 ) ) ;
#3139 = DIRECTION ( 'NONE',  ( 0.000000000000000000, 0.000000000000000000, 1.000000000000000000 ) ) ;
#3140 = CARTESIAN_POINT ( 'NONE',  ( 0.5573417656250010399, -0.9653442552426449996, 1.005208333674731946 ) ) ;
#3141 = ORIENTED_EDGE ( 'NONE', *, *, #3376, .T. ) ;
#3142 =( NAMED_UNIT ( * ) SI_UNIT ( $, .STERADIAN. ) SOLID_ANGLE_UNIT ( ) );
#3143 = ADVANCED_FACE ( 'NONE', ( #3235 ), #5736, .T. ) ;
#3144 = CARTESIAN_POINT ( 'NONE',  ( -1.114683531249999415, -0.6435628368284300738, 1.630208333674730836 ) ) ;
#3145 =( NAMED_UNIT ( * ) SI_UNIT ( $, .STERADIAN. ) SOLID_ANGLE_UNIT ( ) );
#3146 = DIRECTION ( 'NONE',  ( -0.000000000000000000, 1.000000000000000000, -0.000000000000000000 ) ) ;
#3147 = CIRCLE ( 'NONE', #4388, 0.1799999999999996048 ) ;
#3148 = DIRECTION ( 'NONE',  ( 0.000000000000000000, 0.000000000000000000, 1.000000000000000000 ) ) ;
#3149 = DIRECTION ( 'NONE',  ( -1.000000000000000000, 0.000000000000000000, 0.000000000000000000 ) ) ;
#3150 = ORIENTED_EDGE ( 'NONE', *, *, #2437, .F. ) ;
#3151 = DIRECTION ( 'NONE',  ( 0.000000000000000000, 0.000000000000000000, 1.000000000000000000 ) ) ;
#3152 = CARTESIAN_POINT ( 'NONE',  ( -7.520000000000002238, -5.308151087842320592, 1.426525969758075441 ) ) ;
#3153 = CARTESIAN_POINT ( 'NONE',  ( -0.5573417656250000407, 0.9653442552426449996, 2.317708333674729726 ) ) ;
#3154 = CARTESIAN_POINT ( 'NONE',  ( -3.583180194846606437, -5.591885649938928005, 2.265286405596187656E-14 ) ) ;
#3155 = CARTESIAN_POINT ( 'NONE',  ( -7.536819805153395890, -1.044815499854968355, 3.999999999999997335 ) ) ;
#3156 = EDGE_CURVE ( 'NONE', #3580, #3890, #2394, .T. ) ;
#3157 = CARTESIAN_POINT ( 'NONE',  ( -0.6250000000000000000, 1.082531754730549967, -0.04166666666666640068 ) ) ;
#3158 = CARTESIAN_POINT ( 'NONE',  ( -7.520000000000001350, -3.134446499564901512, -3.134446499564899735 ) ) ;
#3159 = CARTESIAN_POINT ( 'NONE',  ( -1.114683531249999637, -0.6435628368284300738, 1.880208333674729726 ) ) ;
#3160 = ORIENTED_EDGE ( 'NONE', *, *, #261, .T. ) ;
#3161 = CARTESIAN_POINT ( 'NONE',  ( -7.520000000000001350, 4.762135816530706833, 2.744723443021402698 ) ) ;
#3162 = CARTESIAN_POINT ( 'NONE',  ( 1.114683531249999415, 0.6435628368284300738, 2.317708333674733279 ) ) ;
#3163 = LINE ( 'NONE', #6207, #5238 ) ;
#3164 = VECTOR ( 'NONE', #6, 999.9999999999998863 ) ;
#3165 = EDGE_CURVE ( 'NONE', #2615, #4651, #3828, .T. ) ;
#3166 = FACE_OUTER_BOUND ( 'NONE', #1449, .T. ) ;
#3167 = CARTESIAN_POINT ( 'NONE',  ( -6.191832013280525793, 1.091026284254654311, -5.340069018140596313 ) ) ;
#3168 = COLOUR_RGB ( '',0.7921568627450980005, 0.8196078431372548767, 0.9333333333333333481 ) ;
#3169 = DIRECTION ( 'NONE',  ( -1.000000000000000000, 0.000000000000000000, 0.000000000000000000 ) ) ;
#3170 = CARTESIAN_POINT ( 'NONE',  ( 3.433639610306789436, -1.084202172485504434E-16, -4.000000000000000000 ) ) ;
#3171 = CARTESIAN_POINT ( 'NONE',  ( 0.7527257842952910227, -0.4282568080685234535, 2.000000000000000000 ) ) ;
#3172 = CARTESIAN_POINT ( 'NONE',  ( -7.536819805153397667, -2.139921993911703790, -5.166228700122156070 ) ) ;
#3173 = B_SPLINE_CURVE_WITH_KNOTS ( 'NONE', 3,
 ( #510, #2653, #6344, #583, #5828, #4825, #3699, #5335, #100, #6456, #4787, #4186, #1600, #3175 ),
 .UNSPECIFIED., .F., .F.,
 ( 4, 2, 2, 2, 2, 2, 4 ),
 ( 0.000000000000000000, 0.2500000000000000555, 0.3750000000000001110, 0.4375000000000002220, 0.5000000000000003331, 0.7500000000000002220, 1.000000000000000000 ),
 .UNSPECIFIED. ) ;
#3174 = CIRCLE ( 'NONE', #484, 9.597815608934052278 ) ;
#3175 = CARTESIAN_POINT ( 'NONE',  ( -0.5992833840297780990, 0.9398823333086900877, 2.381816468750005189 ) ) ;
#3176 = ORIENTED_EDGE ( 'NONE', *, *, #465, .F. ) ;
#3177 = DIRECTION ( 'NONE',  ( -1.000000000000000000, -0.000000000000000000, -0.000000000000000000 ) ) ;
#3178 = CARTESIAN_POINT ( 'NONE',  ( -0.7527257842952900235, 0.4282568080685234535, 2.000000000000000000 ) ) ;
#3179 = CARTESIAN_POINT ( 'NONE',  ( -0.5573417656250000407, 0.9653442552426449996, -0.1197916663252679981 ) ) ;
#3180 = ORIENTED_EDGE ( 'NONE', *, *, #5614, .F. ) ;
#3181 =( NAMED_UNIT ( * ) SI_UNIT ( $, .STERADIAN. ) SOLID_ANGLE_UNIT ( ) );
#3182 = UNCERTAINTY_MEASURE_WITH_UNIT (LENGTH_MEASURE( 1.000000000000000082E-05 ), #4692, 'distance_accuracy_value', 'NONE');
#3183 = CARTESIAN_POINT ( 'NONE',  ( -0.3989545459634658009, 0.000000000000000000, 0.000000000000000000 ) ) ;
#3184 = ITEM_DEFINED_TRANSFORMATION ( 'NONE', 'NONE', #4025,  #1443 ) ;
#3185 = CARTESIAN_POINT ( 'NONE',  ( -3.500000000000000000, -2.803349151570416975, -4.845984572410951152 ) ) ;
#3186 = CARTESIAN_POINT ( 'NONE',  ( 2.651010643070037087, 0.000000000000000000, 0.000000000000000000 ) ) ;
#3187 = FACE_OUTER_BOUND ( 'NONE', #2315, .T. ) ;
#3188 = ORIENTED_EDGE ( 'NONE', *, *, #3987, .F. ) ;
#3189 = CARTESIAN_POINT ( 'NONE',  ( -18.25000000000000000, 0.000000000000000000, 2.499999999999998668 ) ) ;
#3190 = DIRECTION ( 'NONE',  ( -1.000000000000000000, -0.000000000000000000, -0.000000000000000000 ) ) ;
#3191 = CARTESIAN_POINT ( 'NONE',  ( -0.5573417656250000407, 0.9653442552426449996, 1.817708333674730170 ) ) ;
#3192 = ADVANCED_FACE ( 'NONE', ( #1238 ), #4993, .F. ) ;
#3193 = VECTOR ( 'NONE', #4790, 1000.000000000000000 ) ;
#3194 = CARTESIAN_POINT ( 'NONE',  ( -3.566360389693210564, -3.954060262691568628, -3.954060262691548644 ) ) ;
#3195 = CARTESIAN_POINT ( 'NONE',  ( -7.520000000000000462, -1.084202172485504434E-16, 4.000000000000000000 ) ) ;
#3196 = CARTESIAN_POINT ( 'NONE',  ( -0.6250000000000000000, -1.082531754730549967, 0.04166666666666685170 ) ) ;
#3197 = FACE_OUTER_BOUND ( 'NONE', #6892, .T. ) ;
#3198 = PRODUCT ( 'PART 1 BEARING', 'PART 1 BEARING', '', ( #6743 ) ) ;
#3199 = CARTESIAN_POINT ( 'NONE',  ( 1.114683531250000526, -0.6435628368284300738, 0.2135416670080648449 ) ) ;
#3200 = ORIENTED_EDGE ( 'NONE', *, *, #351, .T. ) ;
#3201 = DIRECTION ( 'NONE',  ( -1.000000000000000000, -0.000000000000000000, -0.000000000000000000 ) ) ;
#3202 = CARTESIAN_POINT ( 'NONE',  ( -3.599999999999999201, 5.308151087842319704, 1.426525969758077439 ) ) ;
#3203 = FACE_OUTER_BOUND ( 'NONE', #1424, .T. ) ;
#3204 = CARTESIAN_POINT ( 'NONE',  ( 1.383850883036509265E-15, -4.000000000000000000, 11.30000000000000071 ) ) ;
#3205 = CARTESIAN_POINT ( 'NONE',  ( 3.400000000000000799, 3.198667369592720355, -2.458186879899659338 ) ) ;
#3206 = DIRECTION ( 'NONE',  ( -0.000000000000000000, -1.000000000000000000, 0.000000000000000000 ) ) ;
#3207 = CARTESIAN_POINT ( 'NONE',  ( 3.400000000000000799, 4.432776750217553463, -1.045839938031948888E-15 ) ) ;
#3208 = DIRECTION ( 'NONE',  ( 0.000000000000000000, 0.000000000000000000, 1.000000000000000000 ) ) ;
#3209 = CARTESIAN_POINT ( 'NONE',  ( -7.553639610306790431, 5.591885649938925340, 2.497483160617360109E-15 ) ) ;
#3210 = AXIS2_PLACEMENT_3D ( 'NONE', #4736, #2111, #3758 ) ;
#3211 = EDGE_CURVE ( 'NONE', #4649, #5233, #3514, .T. ) ;
#3212 = CARTESIAN_POINT ( 'NONE',  ( -3.583180194846606437, -3.954060262691574845, 3.954060262691549532 ) ) ;
#3213 = ORIENTED_EDGE ( 'NONE', *, *, #1259, .T. ) ;
#3214 = CARTESIAN_POINT ( 'NONE',  ( 1.114683531250000081, 1.365093618607580186E-16, -0.2031249996586015072 ) ) ;
#3215 =( NAMED_UNIT ( * ) PLANE_ANGLE_UNIT ( ) SI_UNIT ( $, .RADIAN. ) );
#3216 = LINE ( 'NONE', #2129, #4005 ) ;
#3217 = CARTESIAN_POINT ( 'NONE',  ( -1.114683531250000081, 0.000000000000000000, 0.6718750003413980210 ) ) ;
#3218 = ORIENTED_EDGE ( 'NONE', *, *, #686, .T. ) ;
#3219 = DIRECTION ( 'NONE',  ( 0.000000000000000000, 1.000000000000000000, -0.000000000000000000 ) ) ;
#3220 = DIRECTION ( 'NONE',  ( 0.000000000000000000, 0.000000000000000000, 1.000000000000000000 ) ) ;
#3221 = CARTESIAN_POINT ( 'NONE',  ( 3.500000000000000888, 6.505213034913026604E-16, 4.083180194846605104 ) ) ;
#3222 = ORIENTED_EDGE ( 'NONE', *, *, #2949, .F. ) ;
#3223 = CARTESIAN_POINT ( 'NONE',  ( -1.250000000000000000, 0.000000000000000000, 1.250000000000000000 ) ) ;
#3224 = ADVANCED_FACE ( 'NONE', ( #5500 ), #1761, .T. ) ;
#3225 = CARTESIAN_POINT ( 'NONE',  ( 3.400000000000000355, -2.014475921483597443, -3.495145553417032147 ) ) ;
#3226 = ADVANCED_FACE ( 'NONE', ( #1029 ), #1484, .T. ) ;
#3227 = CARTESIAN_POINT ( 'NONE',  ( -0.5573417656250000407, 0.9653442552426449996, 1.067708333674731946 ) ) ;
#3228 = CARTESIAN_POINT ( 'NONE',  ( -3.507169191983608325, -6.837982952830263515E-15, -5.621937491906766837 ) ) ;
#3229 = CARTESIAN_POINT ( 'NONE',  ( -7.590710678118654187, -3.140064361744333343, -3.140064361744332455 ) ) ;
#3230 = CARTESIAN_POINT ( 'NONE',  ( -1.249999999999999556, 0.7216878364870319418, 0.2291666666666668239 ) ) ;
#3231 = CARTESIAN_POINT ( 'NONE',  ( 0.8296251390636132372, -0.8516112620241379494, 2.307586865192705172 ) ) ;
#3232 = CARTESIAN_POINT ( 'NONE',  ( -7.553639610306790431, -1.084202172485504434E-16, 4.000000000000000000 ) ) ;
#3233 = CARTESIAN_POINT ( 'NONE',  ( -7.881371681721266152E-17, 1.287125673656860148, 0.04687500034139838873 ) ) ;
#3234 = VERTEX_POINT ( 'NONE', #397 ) ;
#3235 = FACE_OUTER_BOUND ( 'NONE', #2898, .T. ) ;
#3236 = CARTESIAN_POINT ( 'NONE',  ( -3.600000000000000089, 5.308151087842319704, -1.426525969758078549 ) ) ;
#3237 = VECTOR ( 'NONE', #6641, 1000.000000000000000 ) ;
#3238 = DIRECTION ( 'NONE',  ( -0.000000000000000000, -1.000000000000000000, -0.000000000000000000 ) ) ;
#3239 = CARTESIAN_POINT ( 'NONE',  ( -0.7243588439837628234, 1.025166899410151711, 2.242895295482252749 ) ) ;
#3240 = DIRECTION ( 'NONE',  ( 0.000000000000000000, 0.000000000000000000, 1.000000000000000000 ) ) ;
#3241 = LINE ( 'NONE', #4817, #1239 ) ;
#3242 = LINE ( 'NONE', #4818, #1348 ) ;
#3243 = PLANE ( 'NONE',  #2074 ) ;
#3244 = DIRECTION ( 'NONE',  ( 0.000000000000000000, 0.000000000000000000, 1.000000000000000000 ) ) ;
#3245 = FACE_OUTER_BOUND ( 'NONE', #4213, .T. ) ;
#3246 = ORIENTED_EDGE ( 'NONE', *, *, #4883, .F. ) ;
#3247 = CARTESIAN_POINT ( 'NONE',  ( -1.250000000000000000, 0.000000000000000000, 2.000000000000000000 ) ) ;
#3248 = PRESENTATION_STYLE_ASSIGNMENT (( #1674 ) ) ;
#3249 = CARTESIAN_POINT ( 'NONE',  ( 0.000000000000000000, -0.5000000000000004441, 13.43000000000000149 ) ) ;
#3250 = CARTESIAN_POINT ( 'NONE',  ( 2.364411504516379476E-16, -1.287125673656860148, -0.5156249996586014239 ) ) ;
#3251 = ORIENTED_EDGE ( 'NONE', *, *, #2122, .T. ) ;
#3252 = SURFACE_SIDE_STYLE ('',( #1529 ) ) ;
#3253 = AXIS2_PLACEMENT_3D ( 'NONE', #6133, #1743, #1183 ) ;
#3254 = CARTESIAN_POINT ( 'NONE',  ( -1.114683531249999637, 0.6435628368284300738, 2.088541667008065428 ) ) ;
#3255 = EDGE_CURVE ( 'NONE', #6688, #2873, #375, .T. ) ;
#3256 = LINE ( 'NONE', #5907, #2713 ) ;
#3257 = VERTEX_POINT ( 'NONE', #3552 ) ;
#3258 = CARTESIAN_POINT ( 'NONE',  ( 1.249999999999999556, 0.7216878364870319418, 2.177083334016128635 ) ) ;
#3259 = CARTESIAN_POINT ( 'NONE',  ( 1.250000000000001776, 0.7216878364870320528, 1.895833333333334814 ) ) ;
#3260 = CARTESIAN_POINT ( 'NONE',  ( 1.114683531250000081, 1.365093618607580186E-16, -0.01562499965860164944 ) ) ;
#3261 = AXIS2_PLACEMENT_3D ( 'NONE', #2521, #5119, #4530 ) ;
#3262 = CARTESIAN_POINT ( 'NONE',  ( -7.620000000000001883, 3.212807662054019353, 3.212807662054019353 ) ) ;
#3263 = CARTESIAN_POINT ( 'NONE',  ( 1.250000000000000000, 1.530808498934190091E-16, 0.1250000000000000000 ) ) ;
#3264 = CARTESIAN_POINT ( 'NONE',  ( -7.520000000000001350, -3.954060262691574845, 3.954060262691548644 ) ) ;
#3265 = CARTESIAN_POINT ( 'NONE',  ( -7.620000000000000107, -1.062149090786939309, 4.066360389693207900 ) ) ;
#3266 = PRODUCT_DEFINITION_SHAPE ( 'NONE', 'NONE',  #112 ) ;
#3267 = CARTESIAN_POINT ( 'NONE',  ( 2.364411504516379476E-16, -1.287125673656860148, 0.1718750003413984928 ) ) ;
#3268 = VERTEX_POINT ( 'NONE', #5298 ) ;
#3269 = VECTOR ( 'NONE', #3177, 1000.000000000000000 ) ;
#3270 = DIRECTION ( 'NONE',  ( 0.000000000000000000, 0.000000000000000000, 1.000000000000000000 ) ) ;
#3271 = CARTESIAN_POINT ( 'NONE',  ( -0.5573417656250000407, 0.9653442552426449996, 1.630208333674729948 ) ) ;
#3272 = DIRECTION ( 'NONE',  ( 0.000000000000000000, 0.000000000000000000, -1.000000000000000000 ) ) ;
#3273 = CARTESIAN_POINT ( 'NONE',  ( 1.250000000000003109, 0.7216878364870329410, 2.177083334016130856 ) ) ;
#3274 = CARTESIAN_POINT ( 'NONE',  ( 3.400000000000000799, 3.495145553417031703, -2.014475921483597443 ) ) ;
#3275 = CARTESIAN_POINT ( 'NONE',  ( -7.590710678118655963, -2.137107037654053965, 5.159432794547396561 ) ) ;
#3276 = ADVANCED_FACE ( 'NONE', ( #5677 ), #3059, .T. ) ;
#3277 = CARTESIAN_POINT ( 'NONE',  ( -4.561296280896050881, -5.396709643186348160, -0.7691866377893648021 ) ) ;
#3278 = AXIS2_PLACEMENT_3D ( 'NONE', #1395, #4085, #4648 ) ;
#3279 = EDGE_CURVE ( 'NONE', #268, #4649, #2173, .T. ) ;
#3280 = CARTESIAN_POINT ( 'NONE',  ( -3.599999999999999645, 5.166228700122151629, 2.139921993911715337 ) ) ;
#3281 = ORIENTED_EDGE ( 'NONE', *, *, #843, .T. ) ;
#3282 = CARTESIAN_POINT ( 'NONE',  ( 1.114683531249999637, 0.6435628368284300738, -0.4322916663252683867 ) ) ;
#3283 =( BOUNDED_CURVE ( )  B_SPLINE_CURVE ( 2, ( #5164, #3985, #368, #3060, #2507, #4577, #276 ),
 .UNSPECIFIED., .F., .F. ) 
 B_SPLINE_CURVE_WITH_KNOTS ( ( 3, 2, 2, 3 ),
 ( 0.1666666666666665186, 0.1805555555555554970, 0.1944444444444445030, 0.2083333333333335091 ),
 .UNSPECIFIED. ) 
 CURVE ( )  GEOMETRIC_REPRESENTATION_ITEM ( )  RATIONAL_B_SPLINE_CURVE ( ( 1.000000000000000000, 0.8660254037844389297, 1.000000000000000000, 0.8660254037844389297, 1.000000000000000000, 0.8660254037844389297, 1.000000000000000000 ) ) 
 REPRESENTATION_ITEM ( '' )  );
#3284 = DIRECTION ( 'NONE',  ( -1.000000000000000000, -0.000000000000000000, -0.000000000000000000 ) ) ;
#3285 = CARTESIAN_POINT ( 'NONE',  ( 1.114683531250000081, 1.365093618607580186E-16, -0.4531249996586020345 ) ) ;
#3286 = ORIENTED_EDGE ( 'NONE', *, *, #1411, .T. ) ;
#3287 = FILL_AREA_STYLE ('',( #1189 ) ) ;
#3288 = COLOUR_RGB ( '',0.1098039215686274495, 0.1098039215686274495, 0.1098039215686274495 ) ;
#3289 = SURFACE_SIDE_STYLE ('',( #2245 ) ) ;
#3290 = SURFACE_STYLE_FILL_AREA ( #5382 ) ;
#3291 = AXIS2_PLACEMENT_3D ( 'NONE', #922, #6818, #5715 ) ;
#3292 = VERTEX_POINT ( 'NONE', #3620 ) ;
#3293 = CARTESIAN_POINT ( 'NONE',  ( 0.000000000000000000, 0.000000000000000000, 3.496499999999954866 ) ) ;
#3294 = CARTESIAN_POINT ( 'NONE',  ( 3.400000000000000355, 3.134446499564897515, -3.134446499564897515 ) ) ;
#3295 = CARTESIAN_POINT ( 'NONE',  ( -1.114683531250000081, 0.000000000000000000, -0.1406249996586018125 ) ) ;
#3296 = CARTESIAN_POINT ( 'NONE',  ( -7.619999999999999218, 3.186447272360806160, -3.186447272360813265 ) ) ;
#3297 = CARTESIAN_POINT ( 'NONE',  ( 3.499999999999999556, 3.277507469530600570, 2.520903311278968495 ) ) ;
#3298 = CARTESIAN_POINT ( 'NONE',  ( 0.7116790164650644845, -0.9597720867387034005, 2.304224114924128042 ) ) ;
#3299 = CARTESIAN_POINT ( 'NONE',  ( -7.620000000000002771, -3.199627467207431408, 3.199627467207398102 ) ) ;
#3300 = CARTESIAN_POINT ( 'NONE',  ( -1.114683531250000081, 0.000000000000000000, -0.6406249996586019790 ) ) ;
#3301 = ORIENTED_EDGE ( 'NONE', *, *, #5130, .F. ) ;
#3302 = DIRECTION ( 'NONE',  ( 0.000000000000000000, 0.000000000000000000, 1.000000000000000000 ) ) ;
#3303 = CARTESIAN_POINT ( 'NONE',  ( 0.5573417656250000407, 0.9653442552426449996, 1.588541667008064762 ) ) ;
#3304 = CARTESIAN_POINT ( 'NONE',  ( 1.347111479062088405E-15, 3.500000000000000000, 11.00000000000000000 ) ) ;
#3305 = VECTOR ( 'NONE', #471, 1000.000000000000227 ) ;
#3306 = CARTESIAN_POINT ( 'NONE',  ( -3.529289321881345032, 7.589415207398531038E-16, -5.457169191983607170 ) ) ;
#3307 = FACE_OUTER_BOUND ( 'NONE', #2226, .T. ) ;
#3308 = CARTESIAN_POINT ( 'NONE',  ( -7.612830808016394002, -2.128421651878556808, -5.138464418413803081 ) ) ;
#3309 = CARTESIAN_POINT ( 'NONE',  ( 0.000000000000000000, 0.000000000000000000, 2.500000000000000000 ) ) ;
#3310 = CARTESIAN_POINT ( 'NONE',  ( -4.468995519354745483, -5.415393005711662155, -0.6318755444145927047 ) ) ;
#3311 = DIRECTION ( 'NONE',  ( -0.000000000000000000, 1.000000000000000000, -0.000000000000000000 ) ) ;
#3312 = CARTESIAN_POINT ( 'NONE',  ( -3.500000000000000888, -5.659973670278344748, 2.268696031407886103E-14 ) ) ;
#3313 = VERTEX_POINT ( 'NONE', #4676 ) ;
#3314 = CARTESIAN_POINT ( 'NONE',  ( -1.114683531250000081, 0.000000000000000000, -0.5781249996586019790 ) ) ;
#3315 = FACE_OUTER_BOUND ( 'NONE', #5984, .T. ) ;
#3316 = LINE ( 'NONE', #6250, #1467 ) ;
#3317 = B_SPLINE_CURVE_WITH_KNOTS ( 'NONE', 3,
 ( #2578, #6346, #2511, #2050, #6306, #3702, #6580, #3413, #6481, #5537, #3799, #748, #4925, #5501, #3905, #714, #677, #6019, #196, #2261, #125, #161 ),
 .UNSPECIFIED., .F., .F.,
 ( 4, 2, 2, 2, 2, 2, 2, 2, 2, 2, 4 ),
 ( 0.000000000000000000, 0.0004915975080935615577, 0.0009831950161871231154, 0.001474792524280684781, 0.001966390032374246231, 0.002212188786421027172, 0.002457987540467807680, 0.002949585048561370430, 0.003195383802608150938, 0.003441182556654931012, 0.003932780064748491594 ),
 .UNSPECIFIED. ) ;
#3318 = DIRECTION ( 'NONE',  ( -1.000000000000000000, -0.000000000000000000, -0.000000000000000000 ) ) ;
#3319 = DIRECTION ( 'NONE',  ( 0.000000000000000000, 0.000000000000000000, -1.000000000000000000 ) ) ;
#3320 = AXIS2_PLACEMENT_3D ( 'NONE', #1491, #1831, #3969 ) ;
#3321 = ORIENTED_EDGE ( 'NONE', *, *, #1671, .T. ) ;
#3322 = FILL_AREA_STYLE_COLOUR ( '', #884 ) ;
#3323 =( BOUNDED_CURVE ( )  B_SPLINE_CURVE ( 2, ( #1701, #1734, #3874, #3835, #1596, #2265, #5959 ),
 .UNSPECIFIED., .F., .T. ) 
 B_SPLINE_CURVE_WITH_KNOTS ( ( 3, 2, 2, 3 ),
 ( 0.08333333333333330095, 0.09722222222222219601, 0.1111111111111110078, 0.1250000000000000000 ),
 .UNSPECIFIED. ) 
 CURVE ( )  GEOMETRIC_REPRESENTATION_ITEM ( )  RATIONAL_B_SPLINE_CURVE ( ( 1.000000000000000000, 0.8660254037844379305, 1.000000000000000000, 0.8660254037844389297, 1.000000000000000000, 0.8660254037844389297, 1.000000000000000000 ) ) 
 REPRESENTATION_ITEM ( '' )  );
#3324 = FACE_OUTER_BOUND ( 'NONE', #55, .T. ) ;
#3325 = VERTEX_POINT ( 'NONE', #1419 ) ;
#3326 = CARTESIAN_POINT ( 'NONE',  ( -8.838126989374227166E-17, 1.443375672974063884, 1.968750000682798929 ) ) ;
#3327 = CARTESIAN_POINT ( 'NONE',  ( 3.416819805153394451, -3.134446499564894850, -3.134446499564899291 ) ) ;
#3328 = CARTESIAN_POINT ( 'NONE',  ( 1.114683531250000526, -0.6435628368284300738, 0.4635416670080645396 ) ) ;
#3329 = UNCERTAINTY_MEASURE_WITH_UNIT (LENGTH_MEASURE( 1.000000000000000082E-05 ), #1220, 'distance_accuracy_value', 'NONE');
#3330 = VECTOR ( 'NONE', #729, 1000.000000000000000 ) ;
#3331 = CARTESIAN_POINT ( 'NONE',  ( -7.620000000000000995, 4.310677723519222571E-15, -4.543596168972988458 ) ) ;
#3332 = EDGE_CURVE ( 'NONE', #4744, #2760, #6782, .T. ) ;
#3333 = CARTESIAN_POINT ( 'NONE',  ( 3.500000000000000000, 3.994251324550360582, -1.058264950912164881 ) ) ;
#3334 = DIRECTION ( 'NONE',  ( 0.000000000000000000, 0.000000000000000000, 1.000000000000000000 ) ) ;
#3335 = CARTESIAN_POINT ( 'NONE',  ( -7.620000000000000995, 4.200374486872545199E-15, -4.524956558666199058 ) ) ;
#3336 = VERTEX_POINT ( 'NONE', #956 ) ;
#3337 = EDGE_CURVE ( 'NONE', #6852, #4715, #6071, .T. ) ;
#3338 =( NAMED_UNIT ( * ) PLANE_ANGLE_UNIT ( ) SI_UNIT ( $, .RADIAN. ) );
#3339 = DIRECTION ( 'NONE',  ( 0.000000000000000000, 0.9828721869343217676, 0.1842885350501854702 ) ) ;
#3340 = CARTESIAN_POINT ( 'NONE',  ( -6.288271217291956816, 0.5000000000000000000, 11.94659295903148788 ) ) ;
#3341 = CARTESIAN_POINT ( 'NONE',  ( -3.583180194846606437, 0.7133073313039072216, 5.450000000000000178 ) ) ;
#3342 = CARTESIAN_POINT ( 'NONE',  ( -0.5573417656249990415, -0.9653442552426459988, 1.713541667008064984 ) ) ;
#3343 = CARTESIAN_POINT ( 'NONE',  ( -7.590710678118655963, 0.7123690125513508775, 5.442830808016390520 ) ) ;
#3344 = DIRECTION ( 'NONE',  ( 0.000000000000000000, 1.000000000000000000, -0.000000000000000000 ) ) ;
#3345 = LINE ( 'NONE', #131, #1803 ) ;
#3346 = ADVANCED_FACE ( 'NONE', ( #6203 ), #2951, .F. ) ;
#3347 = LINE ( 'NONE', #237, #156 ) ;
#3348 = AXIS2_PLACEMENT_3D ( 'NONE', #6724, #2993, #5327 ) ;
#3349 = EDGE_CURVE ( 'NONE', #5973, #893, #3666, .T. ) ;
#3350 = CARTESIAN_POINT ( 'NONE',  ( -3.566360389693209676, -6.407237837722409427E-15, -5.591885649938923564 ) ) ;
#3351 = ORIENTED_EDGE ( 'NONE', *, *, #1579, .T. ) ;
#3352 = CARTESIAN_POINT ( 'NONE',  ( -0.6250000000000000000, 1.082531754730549967, 2.208333333333334814 ) ) ;
#3353 = CARTESIAN_POINT ( 'NONE',  ( -7.519999999999998685, -0.5235987755982982605, -4.000000000000000000 ) ) ;
#3354 =( GEOMETRIC_REPRESENTATION_CONTEXT ( 3 ) GLOBAL_UNCERTAINTY_ASSIGNED_CONTEXT ( ( #667 ) ) GLOBAL_UNIT_ASSIGNED_CONTEXT ( ( #2056, #3708, #3181 ) ) REPRESENTATION_CONTEXT ( 'NONE', 'WORKASPACE' ) );
#3355 = CARTESIAN_POINT ( 'NONE',  ( -7.536819805153395890, -5.421010862427522170E-17, 5.450000000000000178 ) ) ;
#3356 = CARTESIAN_POINT ( 'NONE',  ( -7.620000000000001883, -5.087379542342646666, 2.107261603377737380 ) ) ;
#3357 = EDGE_CURVE ( 'NONE', #3292, #2687, #5262, .T. ) ;
#3358 = CARTESIAN_POINT ( 'NONE',  ( -7.881371681721266152E-17, 1.287125673656860148, 1.109375000341397799 ) ) ;
#3359 = CARTESIAN_POINT ( 'NONE',  ( -3.566360389693209676, 5.166228700122151629, 2.139921993911715337 ) ) ;
#3360 = ORIENTED_EDGE ( 'NONE', *, *, #2778, .T. ) ;
#3361 = CARTESIAN_POINT ( 'NONE',  ( -0.6250000000000000000, -1.082531754730549967, 1.822916667349465225 ) ) ;
#3362 = ORIENTED_EDGE ( 'NONE', *, *, #3633, .T. ) ;
#3363 = EDGE_CURVE ( 'NONE', #6714, #487, #4783, .T. ) ;
#3364 = CARTESIAN_POINT ( 'NONE',  ( 3.500000000000001332, -9.307686697284438816E-16, -4.506316948359411434 ) ) ;
#3365 = CIRCLE ( 'NONE', #4259, 4.999999999999993783 ) ;
#3366 = CARTESIAN_POINT ( 'NONE',  ( 0.5573417656250010399, -0.9653442552426449996, 0.9427083336747319464 ) ) ;
#3367 = DIRECTION ( 'NONE',  ( 0.8691728683777159015, -0.4945083668413039479, 0.000000000000000000 ) ) ;
#3368 = CARTESIAN_POINT ( 'NONE',  ( -7.620000000000000107, -1.066542489069140842, 4.083180194846603328 ) ) ;
#3369 = TOROIDAL_SURFACE ( 'NONE', #1351, 9.597815608934052278, 0.1800000000000000488 ) ;
#3370 = AXIS2_PLACEMENT_3D ( 'NONE', #1186, #3318, #5450 ) ;
#3371 = CARTESIAN_POINT ( 'NONE',  ( 3.500000000000000444, -1.626303258728256651E-16, -4.100000000000001421 ) ) ;
#3372 = CARTESIAN_POINT ( 'NONE',  ( 0.4316368056607235992, -1.118232897959722028, 2.297855616470103612 ) ) ;
#3373 = CARTESIAN_POINT ( 'NONE',  ( -7.620000000000000995, 4.310677723519222571E-15, -4.543596168972988458 ) ) ;
#3374 = EDGE_LOOP ( 'NONE', ( #2113, #6638, #5271, #725 ) ) ;
#3375 = DIRECTION ( 'NONE',  ( 0.000000000000000000, 0.000000000000000000, 1.000000000000000000 ) ) ;
#3376 = EDGE_CURVE ( 'NONE', #6657, #5792, #4743, .T. ) ;
#3377 = DIRECTION ( 'NONE',  ( -1.000000000000000000, -0.000000000000000000, -0.000000000000000000 ) ) ;
#3378 = CARTESIAN_POINT ( 'NONE',  ( 0.000000000000000000, 0.5000000000000000000, 4.785392286829072361 ) ) ;
#3379 = CARTESIAN_POINT ( 'NONE',  ( 2.364411504516379476E-16, -1.287125673656860148, 1.484375000341398021 ) ) ;
#3380 = AXIS2_PLACEMENT_3D ( 'NONE', #5839, #4414, #138 ) ;
#3381 = CARTESIAN_POINT ( 'NONE',  ( -7.619999999999998330, -5.103323571721342766, -2.113865836585302471 ) ) ;
#3382 = CARTESIAN_POINT ( 'NONE',  ( 3.499999999999998668, 3.199627467207411868, 3.199627467207418974 ) ) ;
#3383 = ORIENTED_EDGE ( 'NONE', *, *, #3631, .F. ) ;
#3384 = CARTESIAN_POINT ( 'NONE',  ( -1.860000000000000098, 0.000000000000000000, 0.000000000000000000 ) ) ;
#3385 = ADVANCED_FACE ( 'NONE', ( #1554 ), #2083, .T. ) ;
#3386 = CARTESIAN_POINT ( 'NONE',  ( -18.25000000000000000, 4.000000000000000000, -2.499999999999998668 ) ) ;
#3387 = CARTESIAN_POINT ( 'NONE',  ( -3.529289321881346808, 3.959261623634310556, 3.959261623634311889 ) ) ;
#3388 = ORIENTED_EDGE ( 'NONE', *, *, #4593, .F. ) ;
#3389 = CARTESIAN_POINT ( 'NONE',  ( -1.250000000000000000, 0.000000000000000000, 0.7500000000000000000 ) ) ;
#3390 = CARTESIAN_POINT ( 'NONE',  ( -3.898989356929963179, 0.000000000000000000, 0.000000000000000000 ) ) ;
#3391 = DIRECTION ( 'NONE',  ( 0.000000000000000000, -1.000000000000000000, 0.000000000000000000 ) ) ;
#3392 = CARTESIAN_POINT ( 'NONE',  ( -7.619999999999996554, 3.881508698238493871, -3.881508698238506749 ) ) ;
#3393 =( NAMED_UNIT ( * ) PLANE_ANGLE_UNIT ( ) SI_UNIT ( $, .RADIAN. ) );
#3394 = DIRECTION ( 'NONE',  ( 0.000000000000000000, 0.000000000000000000, 1.000000000000000000 ) ) ;
#3395 = CARTESIAN_POINT ( 'NONE',  ( -3.499999999999999556, -5.261021887280344700, -2.179186617653234403 ) ) ;
#3396 = VERTEX_POINT ( 'NONE', #367 ) ;
#3397 = VECTOR ( 'NONE', #6872, 1000.000000000000000 ) ;
#3398 = CARTESIAN_POINT ( 'NONE',  ( -0.6250000000000000000, -1.082531754730549967, 1.072916667349462116 ) ) ;
#3399 = VERTEX_POINT ( 'NONE', #2121 ) ;
#3400 = VERTEX_POINT ( 'NONE', #6755 ) ;
#3401 = CARTESIAN_POINT ( 'NONE',  ( 3.470710678118653636, 3.140064361744325350, 3.140064361744333787 ) ) ;
#3402 = CARTESIAN_POINT ( 'NONE',  ( -7.620000000000000995, 3.281642969416084465, 4.284259920578993963 ) ) ;
#3403 = AXIS2_PLACEMENT_3D ( 'NONE', #2851, #2325, #3375 ) ;
#3404 = CARTESIAN_POINT ( 'NONE',  ( -3.500000000000001332, -2.179186617653202429, -5.261021887280362463 ) ) ;
#3405 = AXIS2_PLACEMENT_3D ( 'NONE', #2948, #3446, #1834 ) ;
#3406 = CARTESIAN_POINT ( 'NONE',  ( -7.620000000000000107, 4.506316948359412322, 1.361302950944411175E-15 ) ) ;
#3407 = DIRECTION ( 'NONE',  ( 0.000000000000000000, 0.000000000000000000, -1.000000000000000000 ) ) ;
#3408 = CARTESIAN_POINT ( 'NONE',  ( -4.791015754578321406, -0.9987078099535214859, -3.875096781244739219 ) ) ;
#3409 = CARTESIAN_POINT ( 'NONE',  ( -7.612830808016390449, -2.168404344971008868E-16, 4.029289321881345032 ) ) ;
#3410 = B_SPLINE_CURVE_WITH_KNOTS ( 'NONE', 3,
 ( #4874, #5911, #524, #5281, #6395, #5943, #1617, #3752, #5875, #5803, #2178, #1084, #6839, #1156, #3225, #2739, #489, #2065 ),
 .UNSPECIFIED., .F., .F.,
 ( 4, 2, 2, 2, 2, 2, 2, 2, 4 ),
 ( 0.000000000000000000, 0.06250000000000000000, 0.1250000000000000000, 0.1875000000000000000, 0.2500000000000000000, 0.3125000000000000000, 0.3750000000000000000, 0.4375000000000000000, 0.5000000000000000000 ),
 .UNSPECIFIED. ) ;
#3411 = ORIENTED_EDGE ( 'NONE', *, *, #5804, .T. ) ;
#3412 = CARTESIAN_POINT ( 'NONE',  ( 67.64425812963115447, -1.172452209664741396, 66.70968933748129359 ) ) ;
#3413 = CARTESIAN_POINT ( 'NONE',  ( -4.343418721104307600, -3.989234281266800242, 0.3300246528571397775 ) ) ;
#3414 = CARTESIAN_POINT ( 'NONE',  ( 0.5573417656250000407, 0.9653442552426449996, 1.838541667008064762 ) ) ;
#3415 = CARTESIAN_POINT ( 'NONE',  ( -7.620000000000002771, 2.113865836585302915, -5.103323571721344543 ) ) ;
#3416 = CARTESIAN_POINT ( 'NONE',  ( 3.492830808016391231, 1.052465984225434026, 4.029289321881346808 ) ) ;
#3417 = ORIENTED_EDGE ( 'NONE', *, *, #1981, .T. ) ;
#3418 = FACE_OUTER_BOUND ( 'NONE', #2665, .T. ) ;
#3419 = CARTESIAN_POINT ( 'NONE',  ( 0.000000000000000000, 4.000000000000000000, 0.000000000000000000 ) ) ;
#3420 = CARTESIAN_POINT ( 'NONE',  ( -3.507169191983608769, 0.000000000000000000, 5.479289321881346098 ) ) ;
#3421 = ORIENTED_EDGE ( 'NONE', *, *, #3337, .F. ) ;
#3422 = CARTESIAN_POINT ( 'NONE',  ( -0.6250000000000000000, -1.082531754730549967, 1.041666666666666075 ) ) ;
#3423 = CARTESIAN_POINT ( 'NONE',  ( 3.500000000000000000, -0.5349999309719781770, -4.100095583215970230 ) ) ;
#3424 = CARTESIAN_POINT ( 'NONE',  ( 7.764260706594219398E-16, -4.500000000000000888, 12.67999999999999972 ) ) ;
#3425 = CARTESIAN_POINT ( 'NONE',  ( -7.620000000000000995, 5.523797629599510373, 3.048999343850746968E-15 ) ) ;
#3426 = EDGE_CURVE ( 'NONE', #5173, #3826, #1980, .T. ) ;
#3427 =( LENGTH_UNIT ( ) NAMED_UNIT ( * ) SI_UNIT ( .MILLI., .METRE. ) );
#3428 = EDGE_CURVE ( 'NONE', #6457, #3400, #1101, .T. ) ;
#3429 = FACE_OUTER_BOUND ( 'NONE', #1859, .T. ) ;
#3430 = CARTESIAN_POINT ( 'NONE',  ( -3.499999999999999556, -5.229133828522941840, -2.165978151238166394 ) ) ;
#3431 = CLOSED_SHELL ( 'NONE', ( #1888, #1257 ) ) ;
#3432 = VERTEX_POINT ( 'NONE', #6516 ) ;
#3433 = CARTESIAN_POINT ( 'NONE',  ( 2.651438096812269876E-16, -1.443375672974063884, 1.593750000682795820 ) ) ;
#3434 = CARTESIAN_POINT ( 'NONE',  ( -1.114683531249999637, 0.6435628368284300738, 2.151041667008062763 ) ) ;
#3435 = ORIENTED_EDGE ( 'NONE', *, *, #3279, .F. ) ;
#3436 = ORIENTED_EDGE ( 'NONE', *, *, #4589, .T. ) ;
#3437 = CARTESIAN_POINT ( 'NONE',  ( 3.500000000000001332, -1.062149090786935757, 4.066360389693209676 ) ) ;
#3438 = CARTESIAN_POINT ( 'NONE',  ( -7.881371681721266152E-17, 1.287125673656860148, 2.296875000341395801 ) ) ;
#3439 = CARTESIAN_POINT ( 'NONE',  ( -3.499999999999998668, 4.014408795367865324, -4.014408795367875982 ) ) ;
#3440 = CYLINDRICAL_SURFACE ( 'NONE', #2284, 4.999999999999993783 ) ;
#3441 = CARTESIAN_POINT ( 'NONE',  ( -1.090495581272620473, 0.5214628512378478575, 2.287468161740498829 ) ) ;
#3442 = CARTESIAN_POINT ( 'NONE',  ( 0.000000000000000000, 3.500000000000000000, 0.000000000000000000 ) ) ;
#3443 = CARTESIAN_POINT ( 'NONE',  ( 0.000000000000000000, 0.000000000000000000, 0.000000000000000000 ) ) ;
#3444 = VECTOR ( 'NONE', #5854, 1000.000000000000000 ) ;
#3445 = EDGE_CURVE ( 'NONE', #6393, #4076, #340, .T. ) ;
#3446 = DIRECTION ( 'NONE',  ( -1.000000000000000000, -0.000000000000000000, -0.000000000000000000 ) ) ;
#3447 = CARTESIAN_POINT ( 'NONE',  ( -0.5573417656249990415, -0.9653442552426459988, 2.213541667008064984 ) ) ;
#3448 = CARTESIAN_POINT ( 'NONE',  ( -7.553639610306786878, 3.954060262691551308, -3.954060262691563299 ) ) ;
#3449 = CARTESIAN_POINT ( 'NONE',  ( 3.500000000000001332, -9.770687937529751289E-16, -4.543596168972990235 ) ) ;
#3450 = VERTEX_POINT ( 'NONE', #1136 ) ;
#3451 = CARTESIAN_POINT ( 'NONE',  ( 3.101010643070036821, 0.000000000000000000, 0.000000000000000000 ) ) ;
#3452 = ORIENTED_EDGE ( 'NONE', *, *, #890, .T. ) ;
#3453 = DIRECTION ( 'NONE',  ( 0.000000000000000000, 0.000000000000000000, 1.000000000000000000 ) ) ;
#3454 = CARTESIAN_POINT ( 'NONE',  ( -3.500000000000000444, 5.659973670278340308, 2.817498723728090731E-15 ) ) ;
#3455 = EDGE_LOOP ( 'NONE', ( #5488, #1365, #4970, #5711 ) ) ;
#3456 = CARTESIAN_POINT ( 'NONE',  ( -0.6250000000000000000, -1.082531754730549967, 0.7916666666666669627 ) ) ;
#3457 = FACE_OUTER_BOUND ( 'NONE', #4309, .T. ) ;
#3458 = CARTESIAN_POINT ( 'NONE',  ( 0.000000000000000000, 4.000000000000000000, 0.000000000000000000 ) ) ;
#3459 = CARTESIAN_POINT ( 'NONE',  ( -7.612830808016391337, -5.138464418413796864, 2.128421651878555920 ) ) ;
#3460 = CARTESIAN_POINT ( 'NONE',  ( 0.000000000000000000, -4.000000000000000000, 0.000000000000000000 ) ) ;
#3461 = AXIS2_PLACEMENT_3D ( 'NONE', #4093, #5380, #5310 ) ;
#3462 = CARTESIAN_POINT ( 'NONE',  ( -3.500000000000000444, 5.261021887280355358, -2.179186617653219304 ) ) ;
#3463 =( GEOMETRIC_REPRESENTATION_CONTEXT ( 3 ) GLOBAL_UNCERTAINTY_ASSIGNED_CONTEXT ( ( #3820 ) ) GLOBAL_UNIT_ASSIGNED_CONTEXT ( ( #2550, #2938, #4621 ) ) REPRESENTATION_CONTEXT ( 'NONE', 'WORKASPACE' ) );
#3464 = ORIENTED_EDGE ( 'NONE', *, *, #5091, .T. ) ;
#3465 = CARTESIAN_POINT ( 'NONE',  ( -1.249999999999999556, -0.7216878364870319418, -0.1979166659838700604 ) ) ;
#3466 = CARTESIAN_POINT ( 'NONE',  ( -1.114683531249999637, 0.6435628368284300738, 1.901041667008062319 ) ) ;
#3467 = ORIENTED_EDGE ( 'NONE', *, *, #146, .T. ) ;
#3468 = ORIENTED_EDGE ( 'NONE', *, *, #6449, .T. ) ;
#3469 = CYLINDRICAL_SURFACE ( 'NONE', #780, 8.799999999999998934 ) ;
#3470 = CARTESIAN_POINT ( 'NONE',  ( 1.114683531250000526, -0.6435628368284300738, -0.2864583329919352939 ) ) ;
#3471 = EDGE_CURVE ( 'NONE', #721, #2523, #3242, .T. ) ;
#3472 = CARTESIAN_POINT ( 'NONE',  ( -3.500000000000001332, -2.172582384445668868, -5.245077857901659257 ) ) ;
#3473 = FACE_OUTER_BOUND ( 'NONE', #448, .T. ) ;
#3474 = DIRECTION ( 'NONE',  ( -1.000000000000000000, 0.000000000000000000, 0.000000000000000000 ) ) ;
#3475 = CARTESIAN_POINT ( 'NONE',  ( -6.810000000000000497, 4.898386515907493892E-16, -4.000000000000000000 ) ) ;
#3476 = DIRECTION ( 'NONE',  ( 0.000000000000000000, 0.000000000000000000, 1.000000000000000000 ) ) ;
#3477 = AXIS2_PLACEMENT_3D ( 'NONE', #1885, #4018, #5714 ) ;
#3478 = DIRECTION ( 'NONE',  ( 0.9123507013817376832, -0.1541221245936719997, -0.3792921939599913639 ) ) ;
#3479 = CONICAL_SURFACE ( 'NONE', #6151, 12.67999999999999972, 0.1853479499956948995 ) ;
#3480 = CARTESIAN_POINT ( 'NONE',  ( -1.860000000000000098, 0.000000000000000000, 0.000000000000000000 ) ) ;
#3481 = CARTESIAN_POINT ( 'NONE',  ( 1.114683531250000526, -0.6435628368284300738, 0.7760416670080655388 ) ) ;
#3482 = CARTESIAN_POINT ( 'NONE',  ( -7.553639610306792207, -3.954060262691574845, 3.954060262691548644 ) ) ;
#3483 = CARTESIAN_POINT ( 'NONE',  ( 3.492830808016390787, 3.157397952676301411, -3.157397952676301411 ) ) ;
#3484 = ORIENTED_EDGE ( 'NONE', *, *, #1823, .F. ) ;
#3485 = DIRECTION ( 'NONE',  ( 0.000000000000000000, 0.000000000000000000, 1.000000000000000000 ) ) ;
#3486 = VERTEX_POINT ( 'NONE', #63 ) ;
#3487 = CARTESIAN_POINT ( 'NONE',  ( -7.519999999999999574, 3.895890706673260873, 1.046991537437121256 ) ) ;
#3488 = VERTEX_POINT ( 'NONE', #166 ) ;
#3489 = AXIS2_PLACEMENT_3D ( 'NONE', #4068, #2424, #3508 ) ;
#3490 = CARTESIAN_POINT ( 'NONE',  ( -7.520000000000000462, -3.198667369592721688, 2.458186879899659338 ) ) ;
#3491 = LINE ( 'NONE', #6140, #1013 ) ;
#3492 = CARTESIAN_POINT ( 'NONE',  ( -7.620000000000004547, -2.113865836585290925, 5.103323571721348095 ) ) ;
#3493 = AXIS2_PLACEMENT_3D ( 'NONE', #1490, #6863, #5228 ) ;
#3494 = EDGE_CURVE ( 'NONE', #1146, #4674, #3323, .T. ) ;
#3495 =( REPRESENTATION_RELATIONSHIP ('NONE','NONE', #6877, #6174 ) REPRESENTATION_RELATIONSHIP_WITH_TRANSFORMATION ( #6389 )SHAPE_REPRESENTATION_RELATIONSHIP( ) );
#3496 = DIRECTION ( 'NONE',  ( 0.000000000000000000, 0.000000000000000000, -1.000000000000000000 ) ) ;
#3497 = CARTESIAN_POINT ( 'NONE',  ( -3.507169191983608769, 0.000000000000000000, 5.479289321881346098 ) ) ;
#3498 = ORIENTED_EDGE ( 'NONE', *, *, #3563, .F. ) ;
#3499 = CARTESIAN_POINT ( 'NONE',  ( 1.250000000000000000, 1.530808498934190091E-16, -0.5937499993172029589 ) ) ;
#3500 = CARTESIAN_POINT ( 'NONE',  ( 2.364411504516379476E-16, -1.287125673656860148, 1.734375000341397133 ) ) ;
#3501 = ORIENTED_EDGE ( 'NONE', *, *, #2822, .F. ) ;
#3502 = ORIENTED_EDGE ( 'NONE', *, *, #6405, .T. ) ;
#3503 = CARTESIAN_POINT ( 'NONE',  ( -5.892581304228523109, -6.478381567489499159E-16, 22.63828438386521213 ) ) ;
#3504 = CARTESIAN_POINT ( 'NONE',  ( -7.620000000000004547, 4.284399589279975551, 3.281782638117066941 ) ) ;
#3505 = AXIS2_PLACEMENT_3D ( 'NONE', #1447, #3017, #6096 ) ;
#3506 = CARTESIAN_POINT ( 'NONE',  ( -3.500000000000000444, -4.026611827144625622, -4.026611827144606082 ) ) ;
#3507 = FACE_OUTER_BOUND ( 'NONE', #1988, .T. ) ;
#3508 = DIRECTION ( 'NONE',  ( 0.000000000000000000, 0.000000000000000000, 1.000000000000000000 ) ) ;
#3509 = CARTESIAN_POINT ( 'NONE',  ( 5.469920153669276530, 3.500000000000000000, 10.39187197574504573 ) ) ;
#3510 =( NAMED_UNIT ( * ) SI_UNIT ( $, .STERADIAN. ) SOLID_ANGLE_UNIT ( ) );
#3511 = CIRCLE ( 'NONE', #6066, 6.080000000000000959 ) ;
#3512 = CARTESIAN_POINT ( 'NONE',  ( 0.000000000000000000, 0.5000000000000000000, -13.50049772884731247 ) ) ;
#3513 = CARTESIAN_POINT ( 'NONE',  ( 0.5573417656250010399, -0.9653442552426449996, 0.5052083336747319464 ) ) ;
#3514 = CIRCLE ( 'NONE', #3403, 6.080000000000000959 ) ;
#3515 = CARTESIAN_POINT ( 'NONE',  ( -7.553639610306792207, -5.591885649938929781, 2.274001740570571689E-14 ) ) ;
#3516 = CARTESIAN_POINT ( 'NONE',  ( 3.433639610306788992, 3.134446499564893074, 3.134446499564900623 ) ) ;
#3517 = ORIENTED_EDGE ( 'NONE', *, *, #6107, .F. ) ;
#3518 = DIRECTION ( 'NONE',  ( 0.000000000000000000, 0.000000000000000000, 1.000000000000000000 ) ) ;
#3519 = ORIENTED_EDGE ( 'NONE', *, *, #5835, .F. ) ;
#3520 = CARTESIAN_POINT ( 'NONE',  ( -0.8116152672032330706, 0.9506737916039479375, 2.246499999999999719 ) ) ;
#3521 = EDGE_LOOP ( 'NONE', ( #1317, #1682 ) ) ;
#3522 = CARTESIAN_POINT ( 'NONE',  ( -7.520000000000000462, -2.014475921483599663, 3.495145553417030815 ) ) ;
#3523 = CARTESIAN_POINT ( 'NONE',  ( 0.000000000000000000, 0.5000000000000000000, 0.000000000000000000 ) ) ;
#3524 = CARTESIAN_POINT ( 'NONE',  ( -7.620000000000001883, 5.103323571721350760, -2.113865836585289149 ) ) ;
#3525 = CIRCLE ( 'NONE', #1741, 11.00000000000000000 ) ;
#3526 = FACE_BOUND ( 'NONE', #4776, .T. ) ;
#3527 = LINE ( 'NONE', #1455, #1481 ) ;
#3528 = CARTESIAN_POINT ( 'NONE',  ( -3.507169191983608325, -5.193992981830501066, 2.151422335944850772 ) ) ;
#3529 = ORIENTED_EDGE ( 'NONE', *, *, #3165, .T. ) ;
#3530 = CARTESIAN_POINT ( 'NONE',  ( 2.651438096812269876E-16, -1.443375672974063884, 0.3437500006827964860 ) ) ;
#3531 = CARTESIAN_POINT ( 'NONE',  ( -7.881371681721266152E-17, 1.287125673656860148, 1.109375000341397799 ) ) ;
#3532 = ORIENTED_EDGE ( 'NONE', *, *, #3796, .F. ) ;
#3533 = SURFACE_SIDE_STYLE ('',( #1366 ) ) ;
#3534 = CARTESIAN_POINT ( 'NONE',  ( -7.881371681721266152E-17, 1.287125673656860148, 1.296875000341398243 ) ) ;
#3535 = LINE ( 'NONE', #2024, #5349 ) ;
#3536 = DIRECTION ( 'NONE',  ( 1.000000000000000000, 0.000000000000000000, 0.000000000000000000 ) ) ;
#3537 = CARTESIAN_POINT ( 'NONE',  ( 0.6250000000000000000, -1.082531754730548190, 1.364583334016129745 ) ) ;
#3538 = FACE_OUTER_BOUND ( 'NONE', #6134, .T. ) ;
#3539 = ORIENTED_EDGE ( 'NONE', *, *, #1364, .T. ) ;
#3540 = APPLICATION_PROTOCOL_DEFINITION ( 'draft international standard', 'automotive_design', 1998, #2201 ) ;
#3541 = EDGE_CURVE ( 'NONE', #6337, #4090, #3582, .T. ) ;
#3542 = DIRECTION ( 'NONE',  ( 0.000000000000000000, 0.000000000000000000, 1.000000000000000000 ) ) ;
#3543 = CARTESIAN_POINT ( 'NONE',  ( 0.5573417656250000407, 0.9653442552426449996, 0.5885416670080648727 ) ) ;
#3544 = EDGE_CURVE ( 'NONE', #515, #5254, #3928, .T. ) ;
#3545 = CARTESIAN_POINT ( 'NONE',  ( 0.5573417656250010399, -0.9653442552426449996, 1.942708333674729948 ) ) ;
#3546 = VERTEX_POINT ( 'NONE', #1174 ) ;
#3547 =( GEOMETRIC_REPRESENTATION_CONTEXT ( 3 ) GLOBAL_UNCERTAINTY_ASSIGNED_CONTEXT ( ( #4387 ) ) GLOBAL_UNIT_ASSIGNED_CONTEXT ( ( #941, #6253, #3510 ) ) REPRESENTATION_CONTEXT ( 'NONE', 'WORKASPACE' ) );
#3548 = DIRECTION ( 'NONE',  ( -0.8849001882576208455, 0.000000000000000000, -0.4657806960594517154 ) ) ;
#3549 = CARTESIAN_POINT ( 'NONE',  ( -7.519999999999998685, 2.014475921483597443, 3.495145553417029927 ) ) ;
#3550 = EDGE_LOOP ( 'NONE', ( #6251, #3784 ) ) ;
#3551 = DIRECTION ( 'NONE',  ( 0.000000000000000000, 0.000000000000000000, 1.000000000000000000 ) ) ;
#3552 = CARTESIAN_POINT ( 'NONE',  ( 10.99782756707192277, 0.000000000000000000, -9.449750727133116257 ) ) ;
#3553 = DIRECTION ( 'NONE',  ( 0.000000000000000000, 0.000000000000000000, 1.000000000000000000 ) ) ;
#3554 = CARTESIAN_POINT ( 'NONE',  ( -7.590710678118655963, 2.137107037654050412, 5.159432794547393009 ) ) ;
#3555 = EDGE_CURVE ( 'NONE', #997, #5233, #6591, .T. ) ;
#3556 = DIRECTION ( 'NONE',  ( 0.000000000000000000, 0.000000000000000000, 1.000000000000000000 ) ) ;
#3557 = CARTESIAN_POINT ( 'NONE',  ( -9.904545454545443661, 0.5000000000000000000, -4.785392286829072361 ) ) ;
#3558 = ORIENTED_EDGE ( 'NONE', *, *, #2115, .F. ) ;
#3559 = CARTESIAN_POINT ( 'NONE',  ( -7.590710678118655075, 7.047314121155778821E-16, -5.442830808016390520 ) ) ;
#3560 = EDGE_LOOP ( 'NONE', ( #6117, #6489, #5541, #3517 ) ) ;
#3561 = CARTESIAN_POINT ( 'NONE',  ( -8.838126989374227166E-17, 1.443375672974063884, 0.4687500006827967081 ) ) ;
#3562 = CARTESIAN_POINT ( 'NONE',  ( 0.5573417656250000407, 0.9653442552426449996, 1.338541667008064096 ) ) ;
#3563 = EDGE_CURVE ( 'NONE', #2813, #5613, #5440, .T. ) ;
#3564 = ORIENTED_EDGE ( 'NONE', *, *, #1226, .F. ) ;
#3565 = CARTESIAN_POINT ( 'NONE',  ( -11.00454545454544331, 3.500000000000000000, -4.785392286829072361 ) ) ;
#3566 = CARTESIAN_POINT ( 'NONE',  ( 2.364411504516379476E-16, -1.287125673656860148, 1.921875000341400685 ) ) ;
#3567 = DIRECTION ( 'NONE',  ( -0.000000000000000000, 1.000000000000000000, -0.000000000000000000 ) ) ;
#3568 = LINE ( 'NONE', #2625, #1721 ) ;
#3569 = CARTESIAN_POINT ( 'NONE',  ( -1.078887140265363032, 0.5513046393427911696, 2.284752207597870122 ) ) ;
#3570 = ADVANCED_FACE ( 'NONE', ( #681 ), #1645, .T. ) ;
#3571 = CARTESIAN_POINT ( 'NONE',  ( 1.979999999999999982, 1.212400331155879702E-16, 0.000000000000000000 ) ) ;
#3572 = ORIENTED_EDGE ( 'NONE', *, *, #3349, .F. ) ;
#3573 = AXIS2_PLACEMENT_3D ( 'NONE', #4450, #108, #2244 ) ;
#3574 = APPLICATION_PROTOCOL_DEFINITION ( 'draft international standard', 'automotive_design', 1998, #4937 ) ;
#3575 = CARTESIAN_POINT ( 'NONE',  ( 1.114683531250000081, 1.365093618607580186E-16, 1.734375000341400019 ) ) ;
#3576 = DIRECTION ( 'NONE',  ( 0.000000000000000000, 0.000000000000000000, -1.000000000000000000 ) ) ;
#3577 = CARTESIAN_POINT ( 'NONE',  ( 2.651438096812269876E-16, -1.443375672974063884, 1.312500000000000222 ) ) ;
#3578 = CARTESIAN_POINT ( 'NONE',  ( 1.114683531249999637, 0.6435628368284300738, 0.3177083336747320019 ) ) ;
#3579 = CARTESIAN_POINT ( 'NONE',  ( 2.364411504516379476E-16, -1.287125673656860148, 1.921875000341400685 ) ) ;
#3580 = VERTEX_POINT ( 'NONE', #3942 ) ;
#3581 = CARTESIAN_POINT ( 'NONE',  ( -7.520000000000000462, 4.358184291070078764, -3.349279623863290478 ) ) ;
#3582 = CIRCLE ( 'NONE', #4822, 1.979999999999998206 ) ;
#3583 = CARTESIAN_POINT ( 'NONE',  ( 3.011010643070036963, 1.175393416428758969E-15, -9.597815608934052278 ) ) ;
#3584 = ORIENTED_EDGE ( 'NONE', *, *, #1925, .F. ) ;
#3585 = AXIS2_PLACEMENT_3D ( 'NONE', #2955, #5128, #847 ) ;
#3586 = CARTESIAN_POINT ( 'NONE',  ( -7.620000000000000995, 1.058264950912547020, -3.994251324549976001 ) ) ;
#3587 = DIRECTION ( 'NONE',  ( 0.8849019005169600494, 0.000000000000000000, 0.4657774430578107694 ) ) ;
#3588 = CARTESIAN_POINT ( 'NONE',  ( 0.6250000000000000000, -1.082531754730548190, 1.864583334016129745 ) ) ;
#3589 = CARTESIAN_POINT ( 'NONE',  ( 10.99741058161085761, -6.478381567489499159E-16, -9.449971804273683773 ) ) ;
#3590 = VECTOR ( 'NONE', #1997, 1000.000000000000000 ) ;
#3591 = CARTESIAN_POINT ( 'NONE',  ( 0.000000000000000000, -4.500000000000000000, 0.000000000000000000 ) ) ;
#3592 = VERTEX_POINT ( 'NONE', #4010 ) ;
#3593 = CARTESIAN_POINT ( 'NONE',  ( -7.519999999999999574, -3.963819624139313660E-16, -5.450000000000000178 ) ) ;
#3594 = LINE ( 'NONE', #2353, #198 ) ;
#3595 = ORIENTED_EDGE ( 'NONE', *, *, #5596, .T. ) ;
#3596 = AXIS2_PLACEMENT_3D ( 'NONE', #1730, #2327, #640 ) ;
#3597 = CARTESIAN_POINT ( 'NONE',  ( -1.249999999999999556, 0.7216878364870319418, 0.2604166673494635043 ) ) ;
#3598 = CARTESIAN_POINT ( 'NONE',  ( 1.114683531250000526, -0.6435628368284300738, 0.2760416670080649282 ) ) ;
#3599 = VERTEX_POINT ( 'NONE', #1278 ) ;
#3600 = DIRECTION ( 'NONE',  ( 0.4657774430578106029, 0.000000000000000000, -0.8849019005169600494 ) ) ;
#3601 = CARTESIAN_POINT ( 'NONE',  ( -1.114683531249999415, -0.6435628368284300738, 2.130208333674730614 ) ) ;
#3602 = CARTESIAN_POINT ( 'NONE',  ( -3.500000000000000888, 5.409078238463907340, -1.444436947683113814 ) ) ;
#3603 = CARTESIAN_POINT ( 'NONE',  ( -3.499999999999999556, -3.404450358192829817, -4.444574585295125502 ) ) ;
#3604 = DIRECTION ( 'NONE',  ( 0.000000000000000000, -1.224646799147360110E-16, 1.000000000000000000 ) ) ;
#3605 = DIRECTION ( 'NONE',  ( 0.4657806969269688291, 0.000000000000000000, 0.8849001878009900013 ) ) ;
#3606 = ORIENTED_EDGE ( 'NONE', *, *, #465, .T. ) ;
#3607 = AXIS2_PLACEMENT_3D ( 'NONE', #3591, #2542, #3496 ) ;
#3608 = CARTESIAN_POINT ( 'NONE',  ( 1.114683531249999637, 0.6435628368284300738, 2.005208333674730170 ) ) ;
#3609 = CARTESIAN_POINT ( 'NONE',  ( -7.520000000000000462, -1.044815499854968355, 3.999999999999997335 ) ) ;
#3610 = CARTESIAN_POINT ( 'NONE',  ( -8.838126989374227166E-17, 1.443375672974063884, 0.6875000000000004441 ) ) ;
#3611 = CARTESIAN_POINT ( 'NONE',  ( -1.114683531249999637, -0.6435628368284300738, -0.05729166632526804664 ) ) ;
#3612 = CARTESIAN_POINT ( 'NONE',  ( -0.5573417656249990415, -0.9653442552426459988, 0.9010416670080649837 ) ) ;
#3613 = ORIENTED_EDGE ( 'NONE', *, *, #2926, .T. ) ;
#3614 = PLANE ( 'NONE',  #6518 ) ;
#3615 = CARTESIAN_POINT ( 'NONE',  ( 1.114683531249999415, 0.6435628368284300738, 2.067708333674732835 ) ) ;
#3616 = AXIS2_PLACEMENT_3D ( 'NONE', #3127, #4747, #5445 ) ;
#3617 = VERTEX_POINT ( 'NONE', #5540 ) ;
#3618 = AXIS2_PLACEMENT_3D ( 'NONE', #1970, #296, #1908 ) ;
#3619 = CARTESIAN_POINT ( 'NONE',  ( -7.619999999999999218, 3.572835999436053456, 2.076125246344287412 ) ) ;
#3620 = CARTESIAN_POINT ( 'NONE',  ( 0.000000000000000000, 3.500000000000000000, -11.00000000000000000 ) ) ;
#3621 = APPLICATION_CONTEXT ( 'automotive_design' ) ;
#3622 = DIRECTION ( 'NONE',  ( -0.000000000000000000, -1.000000000000000000, -0.000000000000000000 ) ) ;
#3623 = CARTESIAN_POINT ( 'NONE',  ( -7.520000000000001350, -5.166228700122149853, 2.139921993911702902 ) ) ;
#3624 = EDGE_CURVE ( 'NONE', #2290, #4180, #561, .T. ) ;
#3625 = ORIENTED_EDGE ( 'NONE', *, *, #236, .T. ) ;
#3626 = CARTESIAN_POINT ( 'NONE',  ( -7.620000000000000995, 8.673617379884035472E-16, -4.066360389693211452 ) ) ;
#3627 = CARTESIAN_POINT ( 'NONE',  ( -1.087294591397760080, -0.5866935755157793864, 2.260943641816106631 ) ) ;
#3628 = ADVANCED_FACE ( 'NONE', ( #6068 ), #2355, .F. ) ;
#3629 = CARTESIAN_POINT ( 'NONE',  ( 0.5554921659204972162, -0.9777235298302853206, 1.000000000000000666 ) ) ;
#3630 = CARTESIAN_POINT ( 'NONE',  ( 0.5573417656250000407, 0.9653442552426449996, 0.5885416670080648727 ) ) ;
#3631 = EDGE_CURVE ( 'NONE', #6462, #734, #6252, .T. ) ;
#3632 = ORIENTED_EDGE ( 'NONE', *, *, #4412, .F. ) ;
#3633 = EDGE_CURVE ( 'NONE', #487, #6045, #4990, .T. ) ;
#3634 = CARTESIAN_POINT ( 'NONE',  ( -6.287807780220465936, 4.000000000000000000, -11.94683691382829238 ) ) ;
#3635 = CIRCLE ( 'NONE', #4195, 13.34377777916409968 ) ;
#3636 = DIRECTION ( 'NONE',  ( -0.8849001875018662755, 0.000000000000000000, 0.4657806974952503620 ) ) ;
#3637 = CARTESIAN_POINT ( 'NONE',  ( -3.500000000000000000, -2.803424741684993560, 4.846167063088591576 ) ) ;
#3638 = CARTESIAN_POINT ( 'NONE',  ( -3.808989356929962433, 0.000000000000000000, 9.597803391643314086 ) ) ;
#3639 = DIRECTION ( 'NONE',  ( -0.000000000000000000, -1.000000000000000000, -0.000000000000000000 ) ) ;
#3640 = VERTEX_POINT ( 'NONE', #652 ) ;
#3641 = EDGE_CURVE ( 'NONE', #961, #769, #3882, .T. ) ;
#3642 = CARTESIAN_POINT ( 'NONE',  ( 0.5573417656250000407, 0.9653442552426449996, 1.776041667008064984 ) ) ;
#3643 = CARTESIAN_POINT ( 'NONE',  ( -3.583180194846605549, -3.954060262691568628, -3.954060262691548644 ) ) ;
#3644 = CARTESIAN_POINT ( 'NONE',  ( -7.536819805153395890, -1.084202172485504434E-16, 4.000000000000000000 ) ) ;
#3645 = CARTESIAN_POINT ( 'NONE',  ( -1.758954545963466343, 0.000000000000000000, 8.799999999999998934 ) ) ;
#3646 = CARTESIAN_POINT ( 'NONE',  ( -7.536819805153395890, 1.044815499854968133, 4.000000000000002665 ) ) ;
#3647 = CARTESIAN_POINT ( 'NONE',  ( 1.114683531250000526, -0.6435628368284300738, 1.713541667008064984 ) ) ;
#3648 = ORIENTED_EDGE ( 'NONE', *, *, #336, .F. ) ;
#3649 = CARTESIAN_POINT ( 'NONE',  ( 0.7472441672786229727, 0.4377512472490255324, 2.000000000000000000 ) ) ;
#3650 = EDGE_CURVE ( 'NONE', #5069, #6867, #3984, .T. ) ;
#3651 = CARTESIAN_POINT ( 'NONE',  ( -1.114683531249999415, -0.6435628368284300738, 1.942708333674733057 ) ) ;
#3652 = ORIENTED_EDGE ( 'NONE', *, *, #3471, .T. ) ;
#3653 = CARTESIAN_POINT ( 'NONE',  ( -4.791499381394647372, 0.9991262800124501853, -5.358895386383131232 ) ) ;
#3654 = CARTESIAN_POINT ( 'NONE',  ( -1.250000000000000000, 0.000000000000000000, 1.000000000000000000 ) ) ;
#3655 = CARTESIAN_POINT ( 'NONE',  ( 0.000000000000000000, 4.000000000000000000, -11.00000000000000000 ) ) ;
#3656 = CIRCLE ( 'NONE', #1314, 11.30000000000000071 ) ;
#3657 = FACE_OUTER_BOUND ( 'NONE', #3812, .T. ) ;
#3658 = CARTESIAN_POINT ( 'NONE',  ( -7.519999999999997797, -5.166228700122140083, -2.139921993911734877 ) ) ;
#3659 = CIRCLE ( 'NONE', #6331, 11.75000000000000355 ) ;
#3660 = PRODUCT_DEFINITION_FORMATION_WITH_SPECIFIED_SOURCE ( 'ANY', '', #4330, .NOT_KNOWN. ) ;
#3661 = CARTESIAN_POINT ( 'NONE',  ( -3.600000000000000533, -5.591885649938928005, 2.265286405596187656E-14 ) ) ;
#3662 = ORIENTED_EDGE ( 'NONE', *, *, #6844, .F. ) ;
#3663 = CARTESIAN_POINT ( 'NONE',  ( -7.612830808016390449, 7.047314121155778821E-16, -5.420710678118655146 ) ) ;
#3664 = CARTESIAN_POINT ( 'NONE',  ( 0.000000000000000000, 0.000000000000000000, 2.500000000000000000 ) ) ;
#3665 = CARTESIAN_POINT ( 'NONE',  ( 1.114683531250000081, 1.365093618607580186E-16, 0.04687500034139840260 ) ) ;
#3666 = B_SPLINE_CURVE_WITH_KNOTS ( 'NONE', 5,
 ( #1519, #887, #3170, #6234, #506, #3693, #2648, #5823 ),
 .UNSPECIFIED., .F., .F.,
 ( 6, 2, 6 ),
 ( 0.000000000000000000, 0.5000000000000000000, 1.000000000000000000 ),
 .UNSPECIFIED. ) ;
#3667 = ORIENTED_EDGE ( 'NONE', *, *, #6451, .F. ) ;
#3668 = CARTESIAN_POINT ( 'NONE',  ( -7.881371681721266152E-17, 1.287125673656860148, 1.046875000341398243 ) ) ;
#3669 = EDGE_CURVE ( 'NONE', #893, #4456, #4254, .T. ) ;
#3670 = DIRECTION ( 'NONE',  ( -1.000000000000000000, -0.000000000000000000, -0.000000000000000000 ) ) ;
#3671 = CARTESIAN_POINT ( 'NONE',  ( 6.323636270852379226, 4.000000000000000000, -11.92791110130234600 ) ) ;
#3672 = B_SPLINE_CURVE_WITH_KNOTS ( 'NONE', 5,
 ( #5999, #654, #6525, #1287, #1218, #2305, #3355, #1254 ),
 .UNSPECIFIED., .F., .F.,
 ( 6, 2, 6 ),
 ( 0.000000000000000000, 0.5000000000000000000, 1.000000000000000000 ),
 .UNSPECIFIED. ) ;
#3673 = FACE_BOUND ( 'NONE', #1881, .T. ) ;
#3674 = DIRECTION ( 'NONE',  ( 0.8849019005169601604, 0.000000000000000000, 0.4657774430578104363 ) ) ;
#3675 = ORIENTED_EDGE ( 'NONE', *, *, #6105, .T. ) ;
#3676 = CARTESIAN_POINT ( 'NONE',  ( -7.520000000000000462, 0.000000000000000000, 4.000000000000000000 ) ) ;
#3677 = CARTESIAN_POINT ( 'NONE',  ( -7.520000000000000462, 3.066111984555161510E-16, 5.450000000000000178 ) ) ;
#3678 = ADVANCED_FACE ( 'NONE', ( #3457 ), #2304, .T. ) ;
#3679 = CARTESIAN_POINT ( 'NONE',  ( -1.114683531250000081, 0.000000000000000000, 1.109375000341397799 ) ) ;
#3680 = CARTESIAN_POINT ( 'NONE',  ( -3.566360389693211896, -2.139921993911704234, -5.166228700122157846 ) ) ;
#3681 = CARTESIAN_POINT ( 'NONE',  ( -7.590710678118654187, 3.140064361744329346, 3.140064361744329346 ) ) ;
#3682 = CARTESIAN_POINT ( 'NONE',  ( -7.619999999999999218, -5.350098760685630950, 0.7089572450984407137 ) ) ;
#3683 = FACE_OUTER_BOUND ( 'NONE', #372, .T. ) ;
#3684 = AXIS2_PLACEMENT_3D ( 'NONE', #1339, #6509, #3478 ) ;
#3685 = CARTESIAN_POINT ( 'NONE',  ( 0.5573417656250010399, -0.9653442552426449996, 1.192708333674731946 ) ) ;
#3686 = ORIENTED_EDGE ( 'NONE', *, *, #856, .T. ) ;
#3687 = CARTESIAN_POINT ( 'NONE',  ( -7.520000000000001350, 2.744723443021398701, -4.762135816530707721 ) ) ;
#3688 = CARTESIAN_POINT ( 'NONE',  ( -3.600000000000000089, 0.7134033317526823348, -5.450000000000001954 ) ) ;
#3689 = CARTESIAN_POINT ( 'NONE',  ( 20.57888721528905052, 4.000000000000000000, -4.424509502584796472 ) ) ;
#3690 = CARTESIAN_POINT ( 'NONE',  ( 1.250000000000000000, 1.530808498934190091E-16, 1.375000000000000000 ) ) ;
#3691 = CARTESIAN_POINT ( 'NONE',  ( 8.447433219371585852E-07, 0.5000000000000000000, -0.0005629049236333810713 ) ) ;
#3692 = CARTESIAN_POINT ( 'NONE',  ( -1.249999999999999556, -0.7216878364870320528, 1.020833333333333703 ) ) ;
#3693 = CARTESIAN_POINT ( 'NONE',  ( 3.500000000000000444, -1.084202172485504434E-16, -4.066360389693211452 ) ) ;
#3694 = LINE ( 'NONE', #1030, #5753 ) ;
#3695 = CARTESIAN_POINT ( 'NONE',  ( -7.520000000000000462, -5.421010862427522170E-17, 5.450000000000000178 ) ) ;
#3696 = VECTOR ( 'NONE', #5471, 1000.000000000000000 ) ;
#3697 = PRODUCT_DEFINITION_SHAPE ( 'NONE', 'NONE',  #1868 ) ;
#3698 = CIRCLE ( 'NONE', #4599, 11.75000000000000355 ) ;
#3699 = CARTESIAN_POINT ( 'NONE',  ( -1.028608504519435307, 0.4304752956100298400, 2.381837728191224191 ) ) ;
#3700 = CIRCLE ( 'NONE', #4600, 13.43000000000000149 ) ;
#3701 = ORIENTED_EDGE ( 'NONE', *, *, #4412, .T. ) ;
#3702 = CARTESIAN_POINT ( 'NONE',  ( -4.561435807385766594, -3.927109906463000844, 0.7691573716349772161 ) ) ;
#3703 = SURFACE_SIDE_STYLE ('',( #4866 ) ) ;
#3704 = CARTESIAN_POINT ( 'NONE',  ( -5.892581304228523109, 0.5000000000000000000, 22.63828438386521213 ) ) ;
#3705 = CARTESIAN_POINT ( 'NONE',  ( 0.5573417656250010399, -0.9653442552426449996, 0.005208333674731539624 ) ) ;
#3706 = EDGE_CURVE ( 'NONE', #171, #5486, #4374, .T. ) ;
#3707 = EDGE_LOOP ( 'NONE', ( #2010, #1780, #821, #2360 ) ) ;
#3708 =( NAMED_UNIT ( * ) PLANE_ANGLE_UNIT ( ) SI_UNIT ( $, .RADIAN. ) );
#3709 = CARTESIAN_POINT ( 'NONE',  ( 5.270971560210249013E-05, 3.500000000000000000, 11.75002770985862632 ) ) ;
#3710 = ITEM_DEFINED_TRANSFORMATION ( 'NONE', 'NONE', #6687,  #1443 ) ;
#3711 = CARTESIAN_POINT ( 'NONE',  ( 0.000000000000000000, 8.277170352801982750E-16, -6.758822509939086842 ) ) ;
#3712 = AXIS2_PLACEMENT_3D ( 'NONE', #3691, #573, #4780 ) ;
#3713 = FACE_OUTER_BOUND ( 'NONE', #5398, .T. ) ;
#3714 = CARTESIAN_POINT ( 'NONE',  ( -1.114683531250000081, 0.000000000000000000, 2.390625000341400241 ) ) ;
#3715 = ORIENTED_EDGE ( 'NONE', *, *, #3337, .T. ) ;
#3716 = CARTESIAN_POINT ( 'NONE',  ( -0.6250000000000000000, -1.082531754730549967, 1.291666666666666075 ) ) ;
#3717 = CARTESIAN_POINT ( 'NONE',  ( -7.520000000000000462, -5.308151087842320592, -1.426525969758073442 ) ) ;
#3718 = CARTESIAN_POINT ( 'NONE',  ( -7.881371681721266152E-17, 1.287125673656860148, 2.296875000341401130 ) ) ;
#3719 = CARTESIAN_POINT ( 'NONE',  ( -3.566360389693212785, -3.954060262691574845, 3.954060262691549532 ) ) ;
#3720 = DIRECTION ( 'NONE',  ( -0.000000000000000000, 1.000000000000000000, -0.000000000000000000 ) ) ;
#3721 = CARTESIAN_POINT ( 'NONE',  ( 2.651438096812269876E-16, -1.443375672974063884, -0.1874999999999996947 ) ) ;
#3722 = CARTESIAN_POINT ( 'NONE',  ( -7.520000000000000462, -3.134446499564913946, 3.134446499564881083 ) ) ;
#3723 = CARTESIAN_POINT ( 'NONE',  ( -0.5573417656249990415, -0.9653442552426459988, -0.3489583329919349608 ) ) ;
#3724 = ORIENTED_EDGE ( 'NONE', *, *, #6615, .F. ) ;
#3725 = CARTESIAN_POINT ( 'NONE',  ( -0.7472441672786229727, -0.4377512472490249773, 2.000000000000000000 ) ) ;
#3726 = CARTESIAN_POINT ( 'NONE',  ( -3.600000000000000089, 0.7134033317526831119, 5.450000000000000178 ) ) ;
#3727 = DIRECTION ( 'NONE',  ( -1.000000000000000000, 0.000000000000000000, 0.000000000000000000 ) ) ;
#3728 = LINE ( 'NONE', #610, #959 ) ;
#3729 = CARTESIAN_POINT ( 'NONE',  ( -6.777042442446669313, 0.3284227015952631556, -5.442193527148951659 ) ) ;
#3730 = AXIS2_PLACEMENT_3D ( 'NONE', #775, #6673, #6190 ) ;
#3731 = CARTESIAN_POINT ( 'NONE',  ( -7.620000000000002771, 2.100657370170235794, -5.071435512963939019 ) ) ;
#3732 = CARTESIAN_POINT ( 'NONE',  ( 3.400000000000001243, -7.142475014960772473E-16, -4.432776750217551687 ) ) ;
#3733 = FACE_BOUND ( 'NONE', #6076, .T. ) ;
#3734 = CARTESIAN_POINT ( 'NONE',  ( -7.553639610306792207, -3.954060262691574845, 3.954060262691548644 ) ) ;
#3735 = AXIS2_PLACEMENT_3D ( 'NONE', #4923, #3302, #4320 ) ;
#3736 = AXIS2_PLACEMENT_3D ( 'NONE', #3480, #2914, #1870 ) ;
#3737 = CARTESIAN_POINT ( 'NONE',  ( -3.583180194846606437, -5.591885649938928005, 2.265286405596187656E-14 ) ) ;
#3738 = EDGE_LOOP ( 'NONE', ( #1893, #2089, #531, #5114 ) ) ;
#3739 = CARTESIAN_POINT ( 'NONE',  ( 2.651438096812269876E-16, -1.443375672974063884, 2.062500000000000000 ) ) ;
#3740 = ADVANCED_FACE ( 'NONE', ( #3315 ), #6590, .T. ) ;
#3741 = EDGE_CURVE ( 'NONE', #940, #1191, #5250, .T. ) ;
#3742 = PLANE ( 'NONE',  #2439 ) ;
#3743 = CARTESIAN_POINT ( 'NONE',  ( 2.364411504516379476E-16, -1.287125673656860148, 0.2343750003413983540 ) ) ;
#3744 = ORIENTED_EDGE ( 'NONE', *, *, #4803, .F. ) ;
#3745 = FILL_AREA_STYLE ('',( #481 ) ) ;
#3746 = UNCERTAINTY_MEASURE_WITH_UNIT (LENGTH_MEASURE( 1.000000000000000082E-05 ), #4754, 'distance_accuracy_value', 'NONE');
#3747 = CARTESIAN_POINT ( 'NONE',  ( -7.881371681721266152E-17, 1.287125673656860148, 2.296875000341401130 ) ) ;
#3748 = PRESENTATION_STYLE_ASSIGNMENT (( #5906 ) ) ;
#3749 = DIRECTION ( 'NONE',  ( 0.000000000000000000, -1.000000000000000000, 0.000000000000000000 ) ) ;
#3750 = ORIENTED_EDGE ( 'NONE', *, *, #5896, .T. ) ;
#3751 = CARTESIAN_POINT ( 'NONE',  ( -7.612830808016390449, -2.168404344971008868E-16, 4.029289321881345032 ) ) ;
#3752 = CARTESIAN_POINT ( 'NONE',  ( 3.400000000000000799, -3.895890706673262649, 1.046991537437121478 ) ) ;
#3753 = CARTESIAN_POINT ( 'NONE',  ( 1.114683531249999637, 0.6435628368284300738, 1.005208333674731058 ) ) ;
#3754 = CARTESIAN_POINT ( 'NONE',  ( -3.507169191983608769, -2.151422335944850772, -5.193992981830507283 ) ) ;
#3755 = CARTESIAN_POINT ( 'NONE',  ( -7.520000000000000462, -1.084202172485504434E-16, 4.000000000000000000 ) ) ;
#3756 = CARTESIAN_POINT ( 'NONE',  ( -7.620000000000000107, -2.981555974335137194E-16, 5.350000000000000533 ) ) ;
#3757 = CARTESIAN_POINT ( 'NONE',  ( 1.085825593093865393, -0.4580040339794287929, 2.318036616043958276 ) ) ;
#3758 = DIRECTION ( 'NONE',  ( 0.000000000000000000, 0.000000000000000000, -1.000000000000000000 ) ) ;
#3759 = PRODUCT_DEFINITION_SHAPE ( 'NONE', 'NONE',  #6895 ) ;
#3760 = B_SPLINE_CURVE_WITH_KNOTS ( 'NONE', 3,
 ( #4590, #5561, #5592, #5019, #3402, #3504, #2842, #2972, #5116, #6048, #4983, #1932, #4062, #4524, #1862, #287, #316, #6703 ),
 .UNSPECIFIED., .F., .F.,
 ( 4, 2, 2, 2, 2, 2, 2, 2, 4 ),
 ( 0.000000000000000000, 0.06249999999999998612, 0.1249999999999999722, 0.1874999999999999722, 0.2500000000000000000, 0.3125000000000000555, 0.3750000000000000000, 0.4375000000000000000, 0.5000000000000000000 ),
 .UNSPECIFIED. ) ;
#3761 = CARTESIAN_POINT ( 'NONE',  ( -7.881371681721266152E-17, 1.287125673656860148, 0.5468750003413987981 ) ) ;
#3762 = VERTEX_POINT ( 'NONE', #174 ) ;
#3763 = CARTESIAN_POINT ( 'NONE',  ( -4.342839015424997839, -0.3284070705244805377, -5.442215390185397794 ) ) ;
#3764 = EDGE_CURVE ( 'NONE', #6079, #896, #4671, .T. ) ;
#3765 = CARTESIAN_POINT ( 'NONE',  ( -7.881371681721266152E-17, 1.287125673656860148, 2.359375000341398021 ) ) ;
#3766 = CARTESIAN_POINT ( 'NONE',  ( -6.287807780220465936, 0.5000000000000000000, -11.94683691382829238 ) ) ;
#3767 = DIRECTION ( 'NONE',  ( -0.000000000000000000, -0.000000000000000000, 1.000000000000000000 ) ) ;
#3768 = AXIS2_PLACEMENT_3D ( 'NONE', #572, #2718, #5923 ) ;
#3769 = CARTESIAN_POINT ( 'NONE',  ( -4.561810032685245098, 0.7697163850149585373, -5.396623923551595148 ) ) ;
#3770 = CARTESIAN_POINT ( 'NONE',  ( -7.619999999999998330, -6.429534174290955460E-15, -5.506539936558767501 ) ) ;
#3771 = CARTESIAN_POINT ( 'NONE',  ( 3.416819805153393563, 3.134446499564893074, 3.134446499564900623 ) ) ;
#3772 = CARTESIAN_POINT ( 'NONE',  ( 0.6250000000000000000, -1.082531754730548190, 1.583333333333335036 ) ) ;
#3773 = DIRECTION ( 'NONE',  ( 0.000000000000000000, 0.000000000000000000, 1.000000000000000000 ) ) ;
#3774 = CARTESIAN_POINT ( 'NONE',  ( -3.566360389693211896, 5.591885649938924452, 2.496121392263697669E-15 ) ) ;
#3775 = ORIENTED_EDGE ( 'NONE', *, *, #3332, .T. ) ;
#3776 = CARTESIAN_POINT ( 'NONE',  ( 0.6250000000000000000, -1.082531754730548190, 2.333333333333334814 ) ) ;
#3777 = DIRECTION ( 'NONE',  ( 0.000000000000000000, 0.000000000000000000, -1.000000000000000000 ) ) ;
#3778 = CARTESIAN_POINT ( 'NONE',  ( 3.101010643070036821, 0.000000000000000000, 0.000000000000000000 ) ) ;
#3779 = CARTESIAN_POINT ( 'NONE',  ( -7.620000000000003659, -5.489282243518030846, 2.230917664496554016E-14 ) ) ;
#3780 = ORIENTED_EDGE ( 'NONE', *, *, #1667, .T. ) ;
#3781 = CARTESIAN_POINT ( 'NONE',  ( 10.99782756707192277, 0.5000000000000000000, -9.449750727133116257 ) ) ;
#3782 = CARTESIAN_POINT ( 'NONE',  ( 0.7527257842952910227, -0.4282568080685234535, 2.000000000000000000 ) ) ;
#3783 = CARTESIAN_POINT ( 'NONE',  ( -1.250000000000000000, 0.000000000000000000, 1.531250000682794932 ) ) ;
#3784 = ORIENTED_EDGE ( 'NONE', *, *, #2541, .F. ) ;
#3785 = CARTESIAN_POINT ( 'NONE',  ( -1.250000000000000000, 0.000000000000000000, 2.031250000682795154 ) ) ;
#3786 = CARTESIAN_POINT ( 'NONE',  ( 3.101010643070036821, 0.000000000000000000, 0.000000000000000000 ) ) ;
#3787 = CARTESIAN_POINT ( 'NONE',  ( 0.5573417656250010399, -0.9653442552426449996, -0.05729166632526849767 ) ) ;
#3788 = CARTESIAN_POINT ( 'NONE',  ( -7.620000000000001883, 3.186447272360808824, 3.186447272360808824 ) ) ;
#3789 = ADVANCED_FACE ( 'NONE', ( #3058 ), #4080, .F. ) ;
#3790 = CARTESIAN_POINT ( 'NONE',  ( -7.620000000000000995, -0.7097122784723436384, 5.350000000000000533 ) ) ;
#3791 = CARTESIAN_POINT ( 'NONE',  ( -7.520000000000001350, -5.591885649938929781, 2.274001740570571689E-14 ) ) ;
#3792 = CARTESIAN_POINT ( 'NONE',  ( -7.590710678118655075, 4.440721607103249369, 1.404864645374632279E-15 ) ) ;
#3793 = CARTESIAN_POINT ( 'NONE',  ( 1.114683531250000526, -0.6435628368284300738, -0.2864583329919352939 ) ) ;
#3794 = ORIENTED_EDGE ( 'NONE', *, *, #2846, .T. ) ;
#3795 = CARTESIAN_POINT ( 'NONE',  ( -6.809999999999999609, -0.1634754425412749679, -5.450000000000000178 ) ) ;
#3796 = EDGE_CURVE ( 'NONE', #6752, #1478, #5654, .T. ) ;
#3797 = CARTESIAN_POINT ( 'NONE',  ( -1.114683531249999415, -0.6435628368284300738, 1.442708333674731502 ) ) ;
#3798 = AXIS2_PLACEMENT_3D ( 'NONE', #3073, #4625, #6217 ) ;
#3799 = CARTESIAN_POINT ( 'NONE',  ( -4.318228099677113185, -3.997407014681980009, -0.1649968519712380899 ) ) ;
#3800 = FACE_OUTER_BOUND ( 'NONE', #4192, .T. ) ;
#3801 = VECTOR ( 'NONE', #3238, 1000.000000000000000 ) ;
#3802 = CARTESIAN_POINT ( 'NONE',  ( 0.6250000000000000000, 1.082531754730549967, 1.166666666666665853 ) ) ;
#3803 = CARTESIAN_POINT ( 'NONE',  ( -7.620000000000001883, -3.905914761792005141, 3.905914761791980272 ) ) ;
#3804 = CARTESIAN_POINT ( 'NONE',  ( 3.433639610306788992, -3.134446499564901067, 3.134446499564895294 ) ) ;
#3805 = CARTESIAN_POINT ( 'NONE',  ( -4.309968181835923673, -5.450007297743535872, 0.08199271952515999051 ) ) ;
#3806 = CARTESIAN_POINT ( 'NONE',  ( -3.583180194846606437, 5.166228700122152517, -2.139921993911720222 ) ) ;
#3807 = ORIENTED_EDGE ( 'NONE', *, *, #1279, .F. ) ;
#3808 = CARTESIAN_POINT ( 'NONE',  ( 1.114683531250000526, -0.6435628368284300738, -0.4739583329919349053 ) ) ;
#3809 = FILL_AREA_STYLE ('',( #4265 ) ) ;
#3810 = DIRECTION ( 'NONE',  ( -0.000000000000000000, -1.000000000000000000, -0.000000000000000000 ) ) ;
#3811 = CARTESIAN_POINT ( 'NONE',  ( -7.620000000000000107, 0.7002191233900743050, 5.349999999999999645 ) ) ;
#3812 = EDGE_LOOP ( 'NONE', ( #4751, #5129, #620, #252, #697, #4014 ) ) ;
#3813 = DIRECTION ( 'NONE',  ( 0.000000000000000000, 0.000000000000000000, 1.000000000000000000 ) ) ;
#3814 =( BOUNDED_CURVE ( )  B_SPLINE_CURVE ( 2, ( #5820, #990, #1027, #5296, #3802, #6853, #468 ),
 .UNSPECIFIED., .F., .T. ) 
 B_SPLINE_CURVE_WITH_KNOTS ( ( 3, 2, 2, 3 ),
 ( 0.4166666666666665186, 0.4305555555555554692, 0.4444444444444444753, 0.4583333333333329818 ),
 .UNSPECIFIED. ) 
 CURVE ( )  GEOMETRIC_REPRESENTATION_ITEM ( )  RATIONAL_B_SPLINE_CURVE ( ( 1.000000000000000000, 0.8660254037844379305, 1.000000000000000000, 0.8660254037844389297, 1.000000000000000000, 0.8660254037844389297, 1.000000000000000000 ) ) 
 REPRESENTATION_ITEM ( '' )  );
#3815 = CARTESIAN_POINT ( 'NONE',  ( 2.651438096812270369E-16, -1.443375672974064106, 1.593750000682798262 ) ) ;
#3816 =( NAMED_UNIT ( * ) PLANE_ANGLE_UNIT ( ) SI_UNIT ( $, .RADIAN. ) );
#3817 = EDGE_LOOP ( 'NONE', ( #392, #752, #6508, #1311 ) ) ;
#3818 = CARTESIAN_POINT ( 'NONE',  ( -7.520000000000002238, -0.7134033317526838891, -5.450000000000001066 ) ) ;
#3819 = CARTESIAN_POINT ( 'NONE',  ( 0.5573417656250010399, -0.9653442552426449996, 0.6927083336747319464 ) ) ;
#3820 = UNCERTAINTY_MEASURE_WITH_UNIT (LENGTH_MEASURE( 1.000000000000000082E-05 ), #2550, 'distance_accuracy_value', 'NONE');
#3821 = AXIS2_PLACEMENT_3D ( 'NONE', #225, #2352, #1300 ) ;
#3822 = CARTESIAN_POINT ( 'NONE',  ( 3.500000000000000000, 2.076055874269585377, -3.572668520435287931 ) ) ;
#3823 = CARTESIAN_POINT ( 'NONE',  ( 0.8254049828337667316, -0.8558755489900428115, 2.307459736621680690 ) ) ;
#3824 = CARTESIAN_POINT ( 'NONE',  ( -7.620000000000000107, -2.168404344971008868E-16, 4.066360389693210564 ) ) ;
#3825 = CARTESIAN_POINT ( 'NONE',  ( -0.5573417656249990415, -0.9653442552426459988, 0.1510416670080650114 ) ) ;
#3826 = VERTEX_POINT ( 'NONE', #1451 ) ;
#3827 = CIRCLE ( 'NONE', #4502, 1.979999999999999982 ) ;
#3828 = LINE ( 'NONE', #5434, #5517 ) ;
#3829 = PRODUCT_RELATED_PRODUCT_CATEGORY ( 'part', '', ( #2136 ) ) ;
#3830 = CARTESIAN_POINT ( 'NONE',  ( -1.114683531250000081, 0.000000000000000000, 1.421875000341397799 ) ) ;
#3831 = DIRECTION ( 'NONE',  ( 0.000000000000000000, 0.000000000000000000, 1.000000000000000000 ) ) ;
#3832 = CARTESIAN_POINT ( 'NONE',  ( -3.566360389693211008, 7.047314121155778821E-16, -5.450000000000000178 ) ) ;
#3833 = CARTESIAN_POINT ( 'NONE',  ( 1.114683531250000081, 1.365093618607580186E-16, 1.546875000341400241 ) ) ;
#3834 = CARTESIAN_POINT ( 'NONE',  ( -7.590710678118655963, 2.137107037654050412, 5.159432794547393009 ) ) ;
#3835 = CARTESIAN_POINT ( 'NONE',  ( -8.838126989374225934E-17, 1.443375672974064106, 1.968750000682798929 ) ) ;
#3836 = FACE_BOUND ( 'NONE', #3914, .T. ) ;
#3838 = DIRECTION ( 'NONE',  ( -1.000000000000000000, -0.000000000000000000, -0.000000000000000000 ) ) ;
#3837 =( GEOMETRIC_REPRESENTATION_CONTEXT ( 3 ) GLOBAL_UNCERTAINTY_ASSIGNED_CONTEXT ( ( #6388 ) ) GLOBAL_UNIT_ASSIGNED_CONTEXT ( ( #3989, #5650, #2964 ) ) REPRESENTATION_CONTEXT ( 'NONE', 'WORKASPACE' ) );
#3839 = CARTESIAN_POINT ( 'NONE',  ( -3.500000000000001332, -2.165978151238135307, -5.229133828522956939 ) ) ;
#3840 = ORIENTED_EDGE ( 'NONE', *, *, #5136, .F. ) ;
#3841 = CARTESIAN_POINT ( 'NONE',  ( -0.6250000000000000000, 1.082531754730549967, 1.958333333333335036 ) ) ;
#3842 = DIRECTION ( 'NONE',  ( 0.8849001875018662755, 0.000000000000000000, -0.4657806974952503065 ) ) ;
#3843 = CARTESIAN_POINT ( 'NONE',  ( -5.472922936753940704, 4.000000000000000000, -10.39757672764454455 ) ) ;
#3844 = B_SPLINE_CURVE_WITH_KNOTS ( 'NONE', 5,
 ( #3676, #1538, #4728, #1154, #3751, #6838, #5315, #1014 ),
 .UNSPECIFIED., .F., .F.,
 ( 6, 2, 6 ),
 ( 0.000000000000000000, 0.5000000000000000000, 1.000000000000000000 ),
 .UNSPECIFIED. ) ;
#3845 = FACE_OUTER_BOUND ( 'NONE', #4617, .T. ) ;
#3846 = CARTESIAN_POINT ( 'NONE',  ( -7.619999999999996554, 3.893711730015236849, -3.893711730015250172 ) ) ;
#3847 = ORIENTED_EDGE ( 'NONE', *, *, #686, .F. ) ;
#3848 = SURFACE_SIDE_STYLE ('',( #3920 ) ) ;
#3849 = PRESENTATION_LAYER_ASSIGNMENT (  '', '', ( #1833 ) ) ;
#3850 = EDGE_CURVE ( 'NONE', #4076, #1295, #1123, .T. ) ;
#3851 = DIRECTION ( 'NONE',  ( -1.000000000000000000, 0.000000000000000000, -0.000000000000000000 ) ) ;
#3852 = VECTOR ( 'NONE', #5163, 1000.000000000000000 ) ;
#3853 = EDGE_CURVE ( 'NONE', #6393, #6138, #921, .T. ) ;
#3854 = ORIENTED_EDGE ( 'NONE', *, *, #6324, .T. ) ;
#3855 = CARTESIAN_POINT ( 'NONE',  ( -1.249999999999999556, -0.7216878364870319418, 1.802083334016127969 ) ) ;
#3856 = ADVANCED_FACE ( 'NONE', ( #1949 ), #3021, .T. ) ;
#3857 =( REPRESENTATION_RELATIONSHIP ('NONE','NONE', #6877, #1356 ) REPRESENTATION_RELATIONSHIP_WITH_TRANSFORMATION ( #5236 )SHAPE_REPRESENTATION_RELATIONSHIP( ) );
#3858 = CARTESIAN_POINT ( 'NONE',  ( 3.492830808016392119, -1.052465984225432694, 4.029289321881345032 ) ) ;
#3859 = CARTESIAN_POINT ( 'NONE',  ( 0.5573417656250000407, 0.9653442552426449996, 0.2760416670080650392 ) ) ;
#3860 = CARTESIAN_POINT ( 'NONE',  ( -7.612830808016388673, -4.465235006483861291, 1.185285263102875235E-14 ) ) ;
#3861 = EDGE_CURVE ( 'NONE', #2534, #721, #5162, .T. ) ;
#3862 = DIRECTION ( 'NONE',  ( -1.000000000000000000, 0.000000000000000000, 0.000000000000000000 ) ) ;
#3863 = CARTESIAN_POINT ( 'NONE',  ( 0.4991996924833480009, -1.088584794904748021, 2.299425816234204500 ) ) ;
#3864 = CARTESIAN_POINT ( 'NONE',  ( -7.620000000000000107, 1.066542489069140398, 4.083180194846607769 ) ) ;
#3865 = ORIENTED_EDGE ( 'NONE', *, *, #6249, .T. ) ;
#3866 = CARTESIAN_POINT ( 'NONE',  ( -5.641327197192017806, -1.250033198611710583, -5.304707061048629768 ) ) ;
#3867 = EDGE_CURVE ( 'NONE', #3762, #4422, #6145, .T. ) ;
#3868 = VECTOR ( 'NONE', #837, 1000.000000000000000 ) ;
#3869 = FACE_OUTER_BOUND ( 'NONE', #1783, .T. ) ;
#3870 = CIRCLE ( 'NONE', #5977, 13.34377777916409968 ) ;
#3871 = LINE ( 'NONE', #3378, #4635 ) ;
#3872 = CARTESIAN_POINT ( 'NONE',  ( -1.114683531249999637, 0.6435628368284300738, 2.151041667008062763 ) ) ;
#3873 = CARTESIAN_POINT ( 'NONE',  ( -7.612830808016394002, 2.128421651878587895, -5.138464418413790646 ) ) ;
#3874 = CARTESIAN_POINT ( 'NONE',  ( -0.6250000000000000000, 1.082531754730549967, 1.989583334016129967 ) ) ;
#3875 = ADVANCED_FACE ( 'NONE', ( #5103 ), #6265, .F. ) ;
#3876 = CARTESIAN_POINT ( 'NONE',  ( -4.342667370218164180, -5.442250394924356804, -0.3281139266865946702 ) ) ;
#3877 = CARTESIAN_POINT ( 'NONE',  ( -7.620000000000000107, -2.520768136199662113, 3.277372294449984125 ) ) ;
#3878 = CARTESIAN_POINT ( 'NONE',  ( -3.529289321881345920, -5.421010862427522170E-17, 5.457169191983608947 ) ) ;
#3879 = ORIENTED_EDGE ( 'NONE', *, *, #3001, .F. ) ;
#3880 = ADVANCED_FACE ( 'NONE', ( #4644, #1483 ), #2441, .T. ) ;
#3881 = CARTESIAN_POINT ( 'NONE',  ( -1.114683531249999637, -0.6435628368284300738, -0.5572916663252680536 ) ) ;
#3882 = LINE ( 'NONE', #4372, #4491 ) ;
#3883 = CARTESIAN_POINT ( 'NONE',  ( -6.810000000000001386, 0.1634320258397091441, -5.450000000000001066 ) ) ;
#3884 = DIRECTION ( 'NONE',  ( -1.000000000000000000, -0.000000000000000000, -0.000000000000000000 ) ) ;
#3885 = CARTESIAN_POINT ( 'NONE',  ( -7.619999999999999218, -3.881508698238511634, -3.881508698238492094 ) ) ;
#3886 = AXIS2_PLACEMENT_3D ( 'NONE', #2522, #4036, #4562 ) ;
#3887 = SURFACE_STYLE_USAGE ( .BOTH. , #3848 ) ;
#3888 = FILL_AREA_STYLE_COLOUR ( '', #5771 ) ;
#3889 = CARTESIAN_POINT ( 'NONE',  ( -3.529289321881347252, -5.173024605696903144, 2.142736950169373600 ) ) ;
#3890 = VERTEX_POINT ( 'NONE', #6854 ) ;
#3891 = CARTESIAN_POINT ( 'NONE',  ( 1.250000000000000000, 1.530808498934190091E-16, 1.156250000682796042 ) ) ;
#3892 = CARTESIAN_POINT ( 'NONE',  ( 3.499999999999999556, -4.506316948359410546, -3.408702589164805624E-15 ) ) ;
#3893 = ADVANCED_FACE ( 'NONE', ( #62 ), #1100, .T. ) ;
#3894 = CARTESIAN_POINT ( 'NONE',  ( -0.5573417656249990415, -0.9653442552426459988, 0.1510416670080650114 ) ) ;
#3895 = VECTOR ( 'NONE', #1676, 1000.000000000000000 ) ;
#3896 = CARTESIAN_POINT ( 'NONE',  ( -3.500000000000000444, 0.7263955392177405823, 5.550000000000000711 ) ) ;
#3897 = CARTESIAN_POINT ( 'NONE',  ( -7.620000000000001883, -3.186447272360812821, -3.186447272360811933 ) ) ;
#3898 = CARTESIAN_POINT ( 'NONE',  ( 3.500000000000000000, 0.5352307967107190478, 4.100000000000000533 ) ) ;
#3899 = CARTESIAN_POINT ( 'NONE',  ( -7.519999999999996909, 3.954060262691551308, -3.954060262691563299 ) ) ;
#3900 = CARTESIAN_POINT ( 'NONE',  ( 0.9964999999999999414, 1.220360535350338035E-16, 2.500000000000000000 ) ) ;
#3901 = EDGE_CURVE ( 'NONE', #966, #474, #3365, .T. ) ;
#3902 = ORIENTED_EDGE ( 'NONE', *, *, #3057, .T. ) ;
#3903 = CARTESIAN_POINT ( 'NONE',  ( 67.64425812963115447, 9.288477568560022490, 68.21387435908329167 ) ) ;
#3904 = CARTESIAN_POINT ( 'NONE',  ( -7.620000000000000107, 0.000000000000000000, 0.000000000000000000 ) ) ;
#3905 = CARTESIAN_POINT ( 'NONE',  ( -4.561276639672124489, -3.927127246937864857, -0.7691723144974547122 ) ) ;
#3906 = CARTESIAN_POINT ( 'NONE',  ( -3.600000000000000533, -5.166228700122143636, -2.139921993911734877 ) ) ;
#3907 = CARTESIAN_POINT ( 'NONE',  ( 1.114683531250000081, 1.365093618607580186E-16, 1.796875000341400241 ) ) ;
#3908 = CARTESIAN_POINT ( 'NONE',  ( -7.620000000000000107, -5.421010862427522170E-17, 5.366819805153395073 ) ) ;
#3909 = CARTESIAN_POINT ( 'NONE',  ( 3.500000000000000000, -3.186447272360806604, -3.186447272360811489 ) ) ;
#3910 = VERTEX_POINT ( 'NONE', #2120 ) ;
#3911 = CARTESIAN_POINT ( 'NONE',  ( -4.318020082888759603, -5.448144021707333806, 0.1633125744938935253 ) ) ;
#3912 = CARTESIAN_POINT ( 'NONE',  ( -5.889916115654490802, -3.811031305208028463, 1.216694845614850307 ) ) ;
#3913 = CARTESIAN_POINT ( 'NONE',  ( -3.507169191983609657, 5.621937491906765949, 2.379009313848706914E-15 ) ) ;
#3914 = EDGE_LOOP ( 'NONE', ( #6848, #5098 ) ) ;
#3915 = CARTESIAN_POINT ( 'NONE',  ( 0.6250000000000000000, -1.082531754730548190, 1.083333333333334147 ) ) ;
#3916 = DIRECTION ( 'NONE',  ( 0.000000000000000000, 0.000000000000000000, -1.000000000000000000 ) ) ;
#3917 =( GEOMETRIC_REPRESENTATION_CONTEXT ( 3 ) GLOBAL_UNCERTAINTY_ASSIGNED_CONTEXT ( ( #5979 ) ) GLOBAL_UNIT_ASSIGNED_CONTEXT ( ( #589, #2732, #2169 ) ) REPRESENTATION_CONTEXT ( 'NONE', 'WORKASPACE' ) );
#3918 = CARTESIAN_POINT ( 'NONE',  ( 10.99782756707192277, 0.5000000000000000000, -9.449750727133116257 ) ) ;
#3919 = DIRECTION ( 'NONE',  ( -0.000000000000000000, -1.000000000000000000, -0.000000000000000000 ) ) ;
#3920 = SURFACE_STYLE_FILL_AREA ( #5008 ) ;
#3921 = DIRECTION ( 'NONE',  ( 0.000000000000000000, 0.000000000000000000, 1.000000000000000000 ) ) ;
#3922 = CARTESIAN_POINT ( 'NONE',  ( -3.499999999999999556, 4.026611827144614963, 4.026611827144614963 ) ) ;
#3923 = ORIENTED_EDGE ( 'NONE', *, *, #2444, .F. ) ;
#3924 = CARTESIAN_POINT ( 'NONE',  ( 1.250000000000001776, -0.7216878364870319418, 1.135416667349463449 ) ) ;
#3925 = ORIENTED_EDGE ( 'NONE', *, *, #2627, .T. ) ;
#3926 = VERTEX_POINT ( 'NONE', #5822 ) ;
#3927 = CARTESIAN_POINT ( 'NONE',  ( 3.492830808016392119, -1.051966053204422549E-15, -4.465235006483867508 ) ) ;
#3928 = CIRCLE ( 'NONE', #676, 0.9964999999999999414 ) ;
#3929 = CARTESIAN_POINT ( 'NONE',  ( 0.04959535005387140372, -1.141607710264876063, 1.000000000000000888 ) ) ;
#3930 = CARTESIAN_POINT ( 'NONE',  ( -3.500000000000000444, 0.000000000000000000, 5.533180194846606170 ) ) ;
#3931 = CARTESIAN_POINT ( 'NONE',  ( 10.96959907765275588, 0.5000000000000000000, 9.482504736384781197 ) ) ;
#3932 = CIRCLE ( 'NONE', #1918, 5.000000000000000888 ) ;
#3933 = CARTESIAN_POINT ( 'NONE',  ( -3.599999999999999645, -5.449999999999999289, 0.7134033317526816687 ) ) ;
#3934 = CARTESIAN_POINT ( 'NONE',  ( -1.145964943323496854, -0.4686977845771708173, 2.258341074187015352 ) ) ;
#3935 = CARTESIAN_POINT ( 'NONE',  ( 0.000000000000000000, 3.500000000000000000, 0.000000000000000000 ) ) ;
#3936 = VERTEX_POINT ( 'NONE', #6339 ) ;
#3937 = CARTESIAN_POINT ( 'NONE',  ( 67.64425812963115447, 4.420201343644632352, 64.94292271312183118 ) ) ;
#3938 = FACE_OUTER_BOUND ( 'NONE', #6601, .T. ) ;
#3939 = CARTESIAN_POINT ( 'NONE',  ( -1.114683531249999637, 0.6435628368284300738, 2.401041667008062319 ) ) ;
#3940 = EDGE_CURVE ( 'NONE', #4899, #480, #3241, .T. ) ;
#3941 = CARTESIAN_POINT ( 'NONE',  ( -7.612830808016391337, 0.000000000000000000, 5.420710678118655146 ) ) ;
#3942 = CARTESIAN_POINT ( 'NONE',  ( -17.00886524340748096, 4.000000000000000000, 4.325457723291028955 ) ) ;
#3943 = EDGE_LOOP ( 'NONE', ( #650, #2450 ) ) ;
#3944 = FACE_OUTER_BOUND ( 'NONE', #5571, .T. ) ;
#3945 = CARTESIAN_POINT ( 'NONE',  ( -3.583180194846605993, -5.421010862427522170E-17, 5.450000000000000178 ) ) ;
#3946 = CARTESIAN_POINT ( 'NONE',  ( -3.507169191983607881, -5.193992981830493960, -2.151422335944881858 ) ) ;
#3947 = ORIENTED_EDGE ( 'NONE', *, *, #3363, .F. ) ;
#3948 = CARTESIAN_POINT ( 'NONE',  ( -1.249999999999999556, -0.7216878364870319418, 0.2708333333333333148 ) ) ;
#3949 = CARTESIAN_POINT ( 'NONE',  ( 3.500000000000000888, -0.5357049022953962458, 4.100000000000001421 ) ) ;
#3950 = LINE ( 'NONE', #618, #683 ) ;
#3951 = CARTESIAN_POINT ( 'NONE',  ( -7.590710678118654187, -6.211858309154020277E-15, -5.584529814750887944 ) ) ;
#3952 = EDGE_CURVE ( 'NONE', #4047, #2571, #1628, .T. ) ;
#3953 = CARTESIAN_POINT ( 'NONE',  ( 0.5573417656250010399, -0.9653442552426449996, 1.005208333674731946 ) ) ;
#3954 = CARTESIAN_POINT ( 'NONE',  ( -3.500000000000000000, 5.229133828522950722, 2.165978151238146854 ) ) ;
#3955 = EDGE_CURVE ( 'NONE', #5640, #1128, #5150, .T. ) ;
#3956 = ORIENTED_EDGE ( 'NONE', *, *, #4895, .F. ) ;
#3957 = AXIS2_PLACEMENT_3D ( 'NONE', #4626, #6605, #6642 ) ;
#3958 = CARTESIAN_POINT ( 'NONE',  ( 1.250000000000001776, -0.7216878364870319418, 1.635416667349463227 ) ) ;
#3959 = CARTESIAN_POINT ( 'NONE',  ( -1.114683531250000081, 0.000000000000000000, -0.3906249996586015349 ) ) ;
#3960 = ORIENTED_EDGE ( 'NONE', *, *, #3156, .F. ) ;
#3961 = ORIENTED_EDGE ( 'NONE', *, *, #1151, .F. ) ;
#3962 = CARTESIAN_POINT ( 'NONE',  ( 3.492830808016389454, 3.157397952676296971, 3.157397952676304076 ) ) ;
#3963 = CARTESIAN_POINT ( 'NONE',  ( -0.5573417656249990415, -0.9653442552426459988, -0.3489583329919349608 ) ) ;
#3964 = AXIS2_PLACEMENT_3D ( 'NONE', #1452, #2536, #992 ) ;
#3965 = CARTESIAN_POINT ( 'NONE',  ( 20.57884467417692065, 4.000000000000000000, 4.424531894286416467 ) ) ;
#3966 = AXIS2_PLACEMENT_3D ( 'NONE', #262, #2460, #2980 ) ;
#3967 = DIRECTION ( 'NONE',  ( 0.000000000000000000, 0.000000000000000000, 1.000000000000000000 ) ) ;
#3968 = FACE_OUTER_BOUND ( 'NONE', #6186, .T. ) ;
#3969 = DIRECTION ( 'NONE',  ( 0.000000000000000000, 0.000000000000000000, 1.000000000000000000 ) ) ;
#3970 = LINE ( 'NONE', #5565, #1251 ) ;
#3971 = FACE_OUTER_BOUND ( 'NONE', #799, .T. ) ;
#3972 = CARTESIAN_POINT ( 'NONE',  ( 2.364411504516379476E-16, -1.287125673656860148, 1.734375000341397133 ) ) ;
#3973 = CARTESIAN_POINT ( 'NONE',  ( -7.553639610306790431, -3.954060262691569516, -3.954060262691547756 ) ) ;
#3974 = CARTESIAN_POINT ( 'NONE',  ( 3.500000000000000444, -3.186447272360812821, 3.186447272360808380 ) ) ;
#3975 = ORIENTED_EDGE ( 'NONE', *, *, #582, .F. ) ;
#3976 = CARTESIAN_POINT ( 'NONE',  ( 0.8698360674480813959, 0.7601180755695847724, 2.346517286483412512 ) ) ;
#3977 = VERTEX_POINT ( 'NONE', #4857 ) ;
#3978 = AXIS2_PLACEMENT_3D ( 'NONE', #1597, #2046, #3208 ) ;
#3979 = CARTESIAN_POINT ( 'NONE',  ( -6.287533182812741650, 4.000000000000000000, 11.94698143472400886 ) ) ;
#3980 = ADVANCED_FACE ( 'NONE', ( #991 ), #2710, .T. ) ;
#3981 = CARTESIAN_POINT ( 'NONE',  ( -3.500000000000000444, 0.000000000000000000, 5.516360389693211630 ) ) ;
#3982 = ORIENTED_EDGE ( 'NONE', *, *, #1089, .F. ) ;
#3983 = CARTESIAN_POINT ( 'NONE',  ( 1.250000000000000000, 1.530808498934190091E-16, 0.6250000000000000000 ) ) ;
#3984 = LINE ( 'NONE', #6032, #1567 ) ;
#3985 = CARTESIAN_POINT ( 'NONE',  ( -1.249999999999999556, 0.7216878364870320528, 1.760416667349463449 ) ) ;
#3986 = CARTESIAN_POINT ( 'NONE',  ( -7.612830808016389561, -5.138464418413787982, -2.128421651878588339 ) ) ;
#3987 = EDGE_CURVE ( 'NONE', #2870, #4757, #3016, .T. ) ;
#3988 = CARTESIAN_POINT ( 'NONE',  ( 67.64425812963115447, 5.494229741612365103, 78.07781413139863957 ) ) ;
#3989 =( LENGTH_UNIT ( ) NAMED_UNIT ( * ) SI_UNIT ( .MILLI., .METRE. ) );
#3990 = CARTESIAN_POINT ( 'NONE',  ( -3.500000000000000444, 0.000000000000000000, 5.550000000000000711 ) ) ;
#3991 = VECTOR ( 'NONE', #1630, 1000.000000000000000 ) ;
#3992 = ORIENTED_EDGE ( 'NONE', *, *, #223, .T. ) ;
#3993 = CARTESIAN_POINT ( 'NONE',  ( 1.249999999999999556, 0.7216878364870319418, 0.9270833340161290792 ) ) ;
#3994 = CARTESIAN_POINT ( 'NONE',  ( 0.5573417656250010399, -0.9653442552426449996, 1.505208333674729948 ) ) ;
#3995 = VERTEX_POINT ( 'NONE', #5394 ) ;
#3996 = ORIENTED_EDGE ( 'NONE', *, *, #2326, .T. ) ;
#3997 = CARTESIAN_POINT ( 'NONE',  ( 3.500000000000000888, 6.505213034913026604E-16, 4.083180194846605104 ) ) ;
#3998 = CARTESIAN_POINT ( 'NONE',  ( -1.250000000000000000, 0.000000000000000000, 1.000000000000000000 ) ) ;
#3999 = CARTESIAN_POINT ( 'NONE',  ( 0.000000000000000000, 0.000000000000000000, 6.080000000000000959 ) ) ;
#4000 = LINE ( 'NONE', #1043, #4417 ) ;
#4001 = CARTESIAN_POINT ( 'NONE',  ( 2.651438096812270369E-16, -1.443375672974064106, 1.343750000682797818 ) ) ;
#4002 = CARTESIAN_POINT ( 'NONE',  ( -0.8220470112596499623, -0.9113789774104907870, 2.270181241116370874 ) ) ;
#4003 = CARTESIAN_POINT ( 'NONE',  ( 0.000000000000000000, 0.5000000000000000000, 0.000000000000000000 ) ) ;
#4004 = AXIS2_PLACEMENT_3D ( 'NONE', #2468, #4607, #6716 ) ;
#4005 = VECTOR ( 'NONE', #2689, 1000.000000000000000 ) ;
#4006 = ORIENTED_EDGE ( 'NONE', *, *, #3357, .T. ) ;
#4007 = LINE ( 'NONE', #4072, #4295 ) ;
#4008 = CARTESIAN_POINT ( 'NONE',  ( -7.881371681721266152E-17, 1.287125673656860148, 0.1093750003413983957 ) ) ;
#4009 = CARTESIAN_POINT ( 'NONE',  ( -7.536819805153395002, -3.954060262691569516, -3.954060262691547756 ) ) ;
#4010 = CARTESIAN_POINT ( 'NONE',  ( 9.904545454545443661, 3.500000000000000000, 4.785392286829072361 ) ) ;
#4011 = EDGE_CURVE ( 'NONE', #2678, #5754, #4128, .T. ) ;
#4012 = VERTEX_POINT ( 'NONE', #6790 ) ;
#4013 = FACE_BOUND ( 'NONE', #2990, .T. ) ;
#4014 = ORIENTED_EDGE ( 'NONE', *, *, #4924, .T. ) ;
#4015 = CARTESIAN_POINT ( 'NONE',  ( -7.619999999999999218, -3.572835999436365206, -2.076125246343973441 ) ) ;
#4016 = CARTESIAN_POINT ( 'NONE',  ( -3.500000000000000444, -5.229133828522950722, 2.165978151238135752 ) ) ;
#4017 = ORIENTED_EDGE ( 'NONE', *, *, #4103, .F. ) ;
#4018 = DIRECTION ( 'NONE',  ( 0.000000000000000000, 1.000000000000000000, -0.000000000000000000 ) ) ;
#4019 = EDGE_CURVE ( 'NONE', #734, #6462, #2694, .T. ) ;
#4020 = DIRECTION ( 'NONE',  ( -1.000000000000000000, -0.000000000000000000, -0.000000000000000000 ) ) ;
#4021 = CARTESIAN_POINT ( 'NONE',  ( -7.590710678118655075, 5.159432794547396561, -2.137107037654050856 ) ) ;
#4022 = STYLED_ITEM ( 'NONE', ( #1113 ), #4421 ) ;
#4023 = DIRECTION ( 'NONE',  ( -0.000000000000000000, -1.000000000000000000, -0.000000000000000000 ) ) ;
#4024 = CARTESIAN_POINT ( 'NONE',  ( -3.500000000000000444, 5.659973670278340308, 2.817498723728090731E-15 ) ) ;
#4025 = AXIS2_PLACEMENT_3D ( 'NONE', #6630, #1851, #1869 ) ;
#4026 = ORIENTED_EDGE ( 'NONE', *, *, #658, .F. ) ;
#4027 = CARTESIAN_POINT ( 'NONE',  ( 1.250000000000001776, -0.7216878364870319418, 0.3854166673494630602 ) ) ;
#4028 = CARTESIAN_POINT ( 'NONE',  ( -7.881371681721266152E-17, 1.287125673656860148, 2.109375000341398021 ) ) ;
#4029 = ORIENTED_EDGE ( 'NONE', *, *, #4019, .T. ) ;
#4030 = FILL_AREA_STYLE_COLOUR ( '', #4801 ) ;
#4031 = CARTESIAN_POINT ( 'NONE',  ( -0.3363841738652020297, -1.117087727285511090, 1.000000000000000222 ) ) ;
#4032 = CARTESIAN_POINT ( 'NONE',  ( -3.500000000000000444, 5.677231363319083179, 2.741239695922980674E-15 ) ) ;
#4033 = DIRECTION ( 'NONE',  ( -0.006329626120334541466, 0.9999799677159423306, 0.000000000000000000 ) ) ;
#4034 = CARTESIAN_POINT ( 'NONE',  ( -1.175679367709336454, 0.1080390987949136627, 2.320820632290670371 ) ) ;
#4035 = CARTESIAN_POINT ( 'NONE',  ( -6.192227185450439819, -1.090848748165321513, -3.848950374908190142 ) ) ;
#4036 = DIRECTION ( 'NONE',  ( 1.000000000000000000, 0.000000000000000000, 0.000000000000000000 ) ) ;
#4037 = AXIS2_PLACEMENT_3D ( 'NONE', #1811, #4902, #103 ) ;
#4038 = AXIS2_PLACEMENT_3D ( 'NONE', #5895, #1103, #3244 ) ;
#4039 = AXIS2_PLACEMENT_3D ( 'NONE', #3523, #1420, #6236 ) ;
#4040 = DIRECTION ( 'NONE',  ( 0.000000000000000000, 0.000000000000000000, 1.000000000000000000 ) ) ;
#4041 =( BOUNDED_CURVE ( )  B_SPLINE_CURVE ( 2, ( #1826, #6082, #1297, #3438, #4722, #5761, #2096, #6766, #6246, #4622, #2624, #3601, #1498, #3037, #1431, #6313, #5660, #5794, #1004, #4092, #868, #3566, #4125, #1464, #6830, #2583, #6277, #4230, #5206, #410, #5235, #5174, #4194, #380, #6736, #3144, #967, #5273, #482, #3102, #3002, #443, #4759, #6216, #6868, #5693, #6351, #4656, #2057, #2552, #5144, #3534, #348, #4690, #2484, #1961, #903, #2518, #1993, #5728, #1530, #936, #6795, #3668, #3072, #2023, #4161 ),
 .UNSPECIFIED., .F., .F. ) 
 B_SPLINE_CURVE_WITH_KNOTS ( ( 3, 2, 2, 2, 2, 2, 2, 2, 2, 2, 2, 2, 2, 2, 2, 2, 2, 2, 2, 2, 2, 2, 2, 2, 2, 2, 2, 2, 2, 2, 2, 2, 2, 3 ),
 ( 0.000000000000000000, 0.01388888888888890026, 0.02777777777777780052, 0.04166666666666665048, 0.05555555555555560104, 0.06944444444444450304, 0.08333333333333330095, 0.09722222222222219601, 0.1111111111111110078, 0.1250000000000000000, 0.1388888888888890061, 0.1527777777777780122, 0.1666666666666665186, 0.1805555555555554970, 0.1944444444444445030, 0.2083333333333335091, 0.2222222222222225152, 0.2361111111111110494, 0.2500000000000000000, 0.2638888888888890061, 0.2777777777777780122, 0.2916666666666665186, 0.3055555555555554692, 0.3194444444444444753, 0.3333333333333335369, 0.3472222222222220434, 0.3611111111111109939, 0.3750000000000000555, 0.3888888888888890061, 0.4027777777777775126, 0.4166666666666665186, 0.4305555555555554692, 0.4444444444444444753, 0.4530150800331048666 ),
 .UNSPECIFIED. ) 
 CURVE ( )  GEOMETRIC_REPRESENTATION_ITEM ( )  RATIONAL_B_SPLINE_CURVE ( ( 1.000000000000000000, 0.8660254037844389297, 1.000000000000000000, 0.8660254037844389297, 1.000000000000000000, 0.8660254037844389297, 1.000000000000000000, 0.8660254037844389297, 1.000000000000000000, 0.8660254037844389297, 1.000000000000000000, 0.8660254037844389297, 1.000000000000000000, 0.8660254037844389297, 1.000000000000000000, 0.8660254037844389297, 1.000000000000000000, 0.8660254037844389297, 1.000000000000000000, 0.8660254037844389297, 1.000000000000000000, 0.8660254037844389297, 1.000000000000000000, 0.8660254037844389297, 1.000000000000000000, 0.8660254037844389297, 1.000000000000000000, 0.8660254037844389297, 1.000000000000000000, 0.8660254037844389297, 1.000000000000000000, 0.8660254037844389297, 1.000000000000000000, 0.8660254037844389297, 1.000000000000000000, 0.8660254037844389297, 1.000000000000000000, 0.8660254037844389297, 1.000000000000000000, 0.8660254037844389297, 1.000000000000000000, 0.8660254037844389297, 1.000000000000000000, 0.8660254037844389297, 1.000000000000000000, 0.8660254037844389297, 1.000000000000000000, 0.8660254037844389297, 1.000000000000000000, 0.8660254037844389297, 1.000000000000000000, 0.8660254037844389297, 1.000000000000000000, 0.8660254037844389297, 1.000000000000000000, 0.8660254037844389297, 1.000000000000000000, 0.8660254037844389297, 1.000000000000000000, 0.8660254037844389297, 1.000000000000000000, 0.8660254037844389297, 1.000000000000000000, 0.8660254037844389297, 1.000000000000000000, 0.9173261841542902362, 0.9366860376691970025 ) ) 
 REPRESENTATION_ITEM ( '' )  );
#4042 = CARTESIAN_POINT ( 'NONE',  ( 1.114683531249999637, 0.6435628368284300738, 0.5677083336747323905 ) ) ;
#4043 = CARTESIAN_POINT ( 'NONE',  ( -7.536819805153392338, -6.494383187557600503E-15, -5.591885649938926228 ) ) ;
#4044 = CARTESIAN_POINT ( 'NONE',  ( 3.499999999999999556, -4.506316948359410546, -3.408702589164805624E-15 ) ) ;
#4045 = ORIENTED_EDGE ( 'NONE', *, *, #1668, .F. ) ;
#4046 = CARTESIAN_POINT ( 'NONE',  ( 1.104894309156399856, 0.4101710868148469857, 2.336500794294619876 ) ) ;
#4047 = VERTEX_POINT ( 'NONE', #6124 ) ;
#4048 = CARTESIAN_POINT ( 'NONE',  ( -7.520000000000000462, 2.014475921483598775, -3.495145553417031703 ) ) ;
#4049 = ORIENTED_EDGE ( 'NONE', *, *, #628, .F. ) ;
#4050 = DIRECTION ( 'NONE',  ( -1.000000000000000000, -0.000000000000000000, -0.000000000000000000 ) ) ;
#4051 = DIRECTION ( 'NONE',  ( -1.000000000000000000, -0.000000000000000000, -0.000000000000000000 ) ) ;
#4052 = CARTESIAN_POINT ( 'NONE',  ( -7.612830808016392226, -3.932810401448961990, -3.932810401448942894 ) ) ;
#4053 = PLANE ( 'NONE',  #814 ) ;
#4054 = CARTESIAN_POINT ( 'NONE',  ( -3.500000000000001332, 2.165978151238167282, -5.229133828522944505 ) ) ;
#4055 = ORIENTED_EDGE ( 'NONE', *, *, #1155, .F. ) ;
#4056 = CARTESIAN_POINT ( 'NONE',  ( 1.249999999999999556, 0.7216878364870319418, 0.1770833340161298008 ) ) ;
#4057 = CARTESIAN_POINT ( 'NONE',  ( -0.5573417656250000407, 0.9653442552426449996, 1.630208333674729948 ) ) ;
#4058 = EDGE_LOOP ( 'NONE', ( #2297, #3854, #5219, #2599 ) ) ;
#4059 = EDGE_CURVE ( 'NONE', #3313, #3292, #1405, .T. ) ;
#4060 = VERTEX_POINT ( 'NONE', #5085 ) ;
#4061 = CARTESIAN_POINT ( 'NONE',  ( 3.500000000000000444, 1.070935887351340599, 4.100000000000001421 ) ) ;
#4062 = CARTESIAN_POINT ( 'NONE',  ( -7.620000000000000107, 4.284259920579171599, -3.281642969415693667 ) ) ;
#4063 = AXIS2_PLACEMENT_3D ( 'NONE', #4766, #5802, #1083 ) ;
#4064 = CARTESIAN_POINT ( 'NONE',  ( -3.499999999999999556, 2.803587818625103978, 4.845885675729403097 ) ) ;
#4065 = EDGE_CURVE ( 'NONE', #6030, #4715, #3594, .T. ) ;
#4066 = CARTESIAN_POINT ( 'NONE',  ( -0.7472441672786229727, -0.4377512472490249773, 2.000000000000000000 ) ) ;
#4067 = STYLED_ITEM ( 'NONE', ( #1570 ), #6413 ) ;
#4068 = CARTESIAN_POINT ( 'NONE',  ( 3.410000000000000142, 0.000000000000000000, 0.000000000000000000 ) ) ;
#4069 = DIRECTION ( 'NONE',  ( -0.4657806969269687736, 0.000000000000000000, -0.8849001878009900013 ) ) ;
#4070 = ITEM_DEFINED_TRANSFORMATION ( 'NONE', 'NONE', #4908,  #2685 ) ;
#4071 = CONICAL_SURFACE ( 'NONE', #1947, 0.9964999999999999414, 0.7853981633974702614 ) ;
#4072 = CARTESIAN_POINT ( 'NONE',  ( -1.182341765624999930, 0.000000000000000000, 2.320312500512095255 ) ) ;
#4073 = CARTESIAN_POINT ( 'NONE',  ( 1.114683531250000526, -0.6435628368284300738, 0.5260416670080652057 ) ) ;
#4074 = CARTESIAN_POINT ( 'NONE',  ( 0.5573417656250010399, -0.9653442552426449996, 1.442708333674731946 ) ) ;
#4075 = EDGE_CURVE ( 'NONE', #769, #4583, #1384, .T. ) ;
#4076 = VERTEX_POINT ( 'NONE', #2879 ) ;
#4077 = CARTESIAN_POINT ( 'NONE',  ( 0.000000000000000000, 0.000000000000000000, 2.500000000000000000 ) ) ;
#4078 = ORIENTED_EDGE ( 'NONE', *, *, #3955, .F. ) ;
#4079 = ADVANCED_FACE ( 'NONE', ( #5023 ), #1561, .T. ) ;
#4080 = CYLINDRICAL_SURFACE ( 'NONE', #6364, 9.597815608934052278 ) ;
#4081 = DIRECTION ( 'NONE',  ( -1.000000000000000000, -0.000000000000000000, -0.000000000000000000 ) ) ;
#4082 = CARTESIAN_POINT ( 'NONE',  ( -7.612830808016392226, -2.128421651878576348, 5.138464418413795087 ) ) ;
#4083 = EDGE_CURVE ( 'NONE', #5143, #3617, #6198, .T. ) ;
#4084 = DIRECTION ( 'NONE',  ( 0.000000000000000000, 0.000000000000000000, -1.000000000000000000 ) ) ;
#4085 = DIRECTION ( 'NONE',  ( -1.000000000000000000, -0.000000000000000000, -0.000000000000000000 ) ) ;
#4086 = VERTEX_POINT ( 'NONE', #4334 ) ;
#4087 = ORIENTED_EDGE ( 'NONE', *, *, #6108, .F. ) ;
#4088 = CARTESIAN_POINT ( 'NONE',  ( -8.838126989374227166E-17, 1.443375672974063884, -0.5312499993172035140 ) ) ;
#4089 = CARTESIAN_POINT ( 'NONE',  ( 1.114683531250000526, -0.6435628368284300738, 1.776041667008062541 ) ) ;
#4090 = VERTEX_POINT ( 'NONE', #2656 ) ;
#4091 = DIRECTION ( 'NONE',  ( 0.000000000000000000, 0.000000000000000000, -1.000000000000000000 ) ) ;
#4092 = CARTESIAN_POINT ( 'NONE',  ( 1.114683531249999415, -0.6435628368284300738, 1.963541667008065650 ) ) ;
#4093 = CARTESIAN_POINT ( 'NONE',  ( -0.3989545459634658009, 0.000000000000000000, 0.000000000000000000 ) ) ;
#4094 = CARTESIAN_POINT ( 'NONE',  ( 3.011010643070036963, 0.000000000000000000, 0.000000000000000000 ) ) ;
#4095 = LINE ( 'NONE', #3006, #356 ) ;
#4096 = DIRECTION ( 'NONE',  ( -0.000000000000000000, 1.000000000000000000, -0.000000000000000000 ) ) ;
#4097 = ORIENTED_EDGE ( 'NONE', *, *, #3706, .T. ) ;
#4098 = PRODUCT_CONTEXT ( 'NONE', #495, 'mechanical' ) ;
#4099 = COLOUR_RGB ( '',0.6470588235294117974, 0.6196078431372549211, 0.5882352941176470784 ) ;
#4100 = CARTESIAN_POINT ( 'NONE',  ( 1.114683531250000081, 1.365093618607580186E-16, 2.234375000341399797 ) ) ;
#4101 = CARTESIAN_POINT ( 'NONE',  ( 0.7241390387580111110, 0.4508967097756134135, 1.000000000000000000 ) ) ;
#4102 = CARTESIAN_POINT ( 'NONE',  ( 1.250000000000000000, 1.530808498934190091E-16, 0.8750000000000000000 ) ) ;
#4103 = EDGE_CURVE ( 'NONE', #3826, #2235, #2202, .T. ) ;
#4104 = CARTESIAN_POINT ( 'NONE',  ( -0.5573417656250000407, 0.9653442552426449996, 0.6302083336747319464 ) ) ;
#4105 = CARTESIAN_POINT ( 'NONE',  ( -0.5573417656249990415, -0.9653442552426459988, 1.651041667008064984 ) ) ;
#4106 = VERTEX_POINT ( 'NONE', #5374 ) ;
#4107 = AXIS2_PLACEMENT_3D ( 'NONE', #6193, #6799, #355 ) ;
#4108 = DIRECTION ( 'NONE',  ( -0.000000000000000000, -1.000000000000000000, -0.000000000000000000 ) ) ;
#4109 = ORIENTED_EDGE ( 'NONE', *, *, #5456, .T. ) ;
#4110 = CARTESIAN_POINT ( 'NONE',  ( -7.620000000000000995, 1.058103268506501937, 3.994514553997745576 ) ) ;
#4111 = CARTESIAN_POINT ( 'NONE',  ( 5.469860276956479694, 3.500000000000000000, -10.39185092963004031 ) ) ;
#4112 =( REPRESENTATION_RELATIONSHIP ('NONE','NONE', #6877, #1356 ) REPRESENTATION_RELATIONSHIP_WITH_TRANSFORMATION ( #1114 )SHAPE_REPRESENTATION_RELATIONSHIP( ) );
#4113 = CARTESIAN_POINT ( 'NONE',  ( 3.500000000000000000, 1.175660927181458842E-15, -9.599999999999999645 ) ) ;
#4114 = CARTESIAN_POINT ( 'NONE',  ( -7.520000000000000462, -5.421010862427522170E-17, 5.450000000000000178 ) ) ;
#4115 = MANIFOLD_SOLID_BREP ( 'Revolve1', #1642 ) ;
#4116 = DIRECTION ( 'NONE',  ( -1.000000000000000000, -0.000000000000000000, -0.000000000000000000 ) ) ;
#4117 = ORIENTED_EDGE ( 'NONE', *, *, #2906, .F. ) ;
#4118 = CARTESIAN_POINT ( 'NONE',  ( 5.124223884905132920, 4.000000000000000000, -10.57378028792766855 ) ) ;
#4119 = ORIENTED_EDGE ( 'NONE', *, *, #2115, .T. ) ;
#4120 = CARTESIAN_POINT ( 'NONE',  ( 0.6250000000000000000, 1.082531754730549967, -0.3020833326505370509 ) ) ;
#4121 = CARTESIAN_POINT ( 'NONE',  ( 0.5573417656250000407, 0.9653442552426449996, 2.088541667008065428 ) ) ;
#4122 = ORIENTED_EDGE ( 'NONE', *, *, #3108, .F. ) ;
#4123 = PRODUCT_RELATED_PRODUCT_CATEGORY ( 'part', '', ( #4836 ) ) ;
#4124 = VECTOR ( 'NONE', #5937, 1000.000000000000000 ) ;
#4125 = CARTESIAN_POINT ( 'NONE',  ( -0.5573417656249990415, -0.9653442552426459988, 1.901041667008064984 ) ) ;
#4126 = FACE_OUTER_BOUND ( 'NONE', #2802, .T. ) ;
#4127 = CIRCLE ( 'NONE', #6238, 11.00000000000000000 ) ;
#4128 = B_SPLINE_CURVE_WITH_KNOTS ( 'NONE', 3,
 ( #4918, #4987, #4463, #6504, #4392, #705, #5916, #119, #1690, #1091, #4428, #3757, #1234, #2287, #4316, #1724, #51, #2811, #6012, #5881, #3231, #6540, #3823, #1163, #191, #2322, #3298, #5429, #630, #601, #3863, #2183, #4879, #5356, #1199, #3372, #83, #563, #1758, #5496, #2708, #2387, #3066, #5722, #6607, #5201, #1301, #292, #6086, #810, #2579, #2018, #5056, #6575, #4002, #5564, #1792, #777, #259, #3627, #928, #6160, #6675, #1334, #3934, #1372, #1904, #226, #2545, #404, #4684 ),
 .UNSPECIFIED., .F., .F.,
 ( 4, 2, 2, 2, 1, 1, 2, 2, 2, 2, 2, 1, 1, 2, 2, 2, 2, 1, 1, 1, 2, 2, 2, 2, 2, 1, 1, 2, 2, 2, 2, 2, 2, 2, 2, 1, 1, 2, 2, 2, 4 ),
 ( 0.000000000000000000, 0.06250000000000509315, 0.09375000000000760503, 0.1093750000000088679, 0.1171875000000095479, 0.1210937500000098532, 0.1230468750000099781, 0.1250000000000100753, 0.1875000000000137390, 0.2187500000000155431, 0.2343750000000164868, 0.2421875000000171252, 0.2460937500000173195, 0.2480468750000174027, 0.2500000000000174860, 0.3125000000000182632, 0.3437500000000185962, 0.3593750000000187628, 0.3671875000000188183, 0.3710937500000188738, 0.3730468750000189293, 0.3750000000000189293, 0.4375000000000164868, 0.4687500000000152656, 0.4843750000000146549, 0.4921875000000143774, 0.4960937500000141553, 0.4980468750000140998, 0.5000000000000139888, 0.6250000000000097700, 0.6875000000000076605, 0.7187500000000066613, 0.7500000000000055511, 0.8125000000000035527, 0.8437500000000025535, 0.8593750000000021094, 0.8671875000000018874, 0.8710937500000016653, 0.8750000000000015543, 0.9375000000000007772, 1.000000000000000000 ),
 .UNSPECIFIED. ) ;
#4129 = DIRECTION ( 'NONE',  ( -0.000000000000000000, 1.000000000000000000, -0.000000000000000000 ) ) ;
#4130 = ORIENTED_EDGE ( 'NONE', *, *, #3057, .F. ) ;
#4131 = DIRECTION ( 'NONE',  ( -0.8018869959592345165, -1.970491463495006080E-29, 0.5974757281358586969 ) ) ;
#4132 = CARTESIAN_POINT ( 'NONE',  ( -1.114683531249999637, -0.6435628368284300738, 1.380208333674730392 ) ) ;
#4133 = LINE ( 'NONE', #494, #1276 ) ;
#4134 = PRODUCT_DEFINITION_SHAPE ( 'NONE', 'NONE',  #6903 ) ;
#4135 = CARTESIAN_POINT ( 'NONE',  ( 1.250000000000001776, -0.7216878364870319418, 0.8541666666666664076 ) ) ;
#4136 = CARTESIAN_POINT ( 'NONE',  ( 0.5573417656250000407, 0.9653442552426449996, 1.088541667008064096 ) ) ;
#4137 = CARTESIAN_POINT ( 'NONE',  ( -7.881371681721266152E-17, 1.287125673656860148, 1.046875000341398243 ) ) ;
#4138 = MANIFOLD_SOLID_BREP ( 'Cut-Extrude1', #400 ) ;
#4139 = ORIENTED_EDGE ( 'NONE', *, *, #5456, .F. ) ;
#4140 = DIRECTION ( 'NONE',  ( 0.8849019005169602714, 0.000000000000000000, 0.4657774430578104363 ) ) ;
#4141 = AXIS2_PLACEMENT_3D ( 'NONE', #2892, #5580, #3916 ) ;
#4142 = CARTESIAN_POINT ( 'NONE',  ( 1.114683531249999415, -0.6435628368284300738, 2.276041667008062763 ) ) ;
#4143 = ORIENTED_EDGE ( 'NONE', *, *, #6551, .T. ) ;
#4144 = EDGE_CURVE ( 'NONE', #2760, #3640, #6871, .T. ) ;
#4145 = EDGE_CURVE ( 'NONE', #3910, #4831, #6307, .T. ) ;
#4146 = DIRECTION ( 'NONE',  ( -0.000000000000000000, -1.000000000000000000, -0.000000000000000000 ) ) ;
#4147 = EDGE_CURVE ( 'NONE', #4583, #769, #1883, .T. ) ;
#4148 = DIRECTION ( 'NONE',  ( -0.000000000000000000, 1.000000000000000000, 1.224646799147353207E-16 ) ) ;
#4149 = CARTESIAN_POINT ( 'NONE',  ( 18.25000000000000355, 4.000000000000000000, 2.499999999999998668 ) ) ;
#4150 = CARTESIAN_POINT ( 'NONE',  ( -7.536819805153392338, -6.494383187557600503E-15, -5.591885649938926228 ) ) ;
#4151 = VECTOR ( 'NONE', #2777, 1000.000000000000000 ) ;
#4152 = FACE_OUTER_BOUND ( 'NONE', #3560, .T. ) ;
#4153 = ORIENTED_EDGE ( 'NONE', *, *, #6105, .F. ) ;
#4154 = CARTESIAN_POINT ( 'NONE',  ( 1.250000000000000000, 1.530808498934190091E-16, 1.656250000682794932 ) ) ;
#4155 = DIRECTION ( 'NONE',  ( 1.776356839400250465E-15, 0.000000000000000000, 1.000000000000000000 ) ) ;
#4156 = AXIS2_PLACEMENT_3D ( 'NONE', #519, #4797, #6392 ) ;
#4157 = CARTESIAN_POINT ( 'NONE',  ( 0.6250000000000000000, -1.082531754730548190, 0.1145833340161300090 ) ) ;
#4158 = CARTESIAN_POINT ( 'NONE',  ( 0.5573417656250000407, 0.9653442552426449996, 0.8385416670080649837 ) ) ;
#4159 = ORIENTED_EDGE ( 'NONE', *, *, #2616, .F. ) ;
#4160 = CARTESIAN_POINT ( 'NONE',  ( -10.96959908977125941, 0.000000000000000000, -9.482504722365789007 ) ) ;
#4161 = CARTESIAN_POINT ( 'NONE',  ( 1.027440535124552801, 0.4323023497772620072, 1.000000000000000000 ) ) ;
#4162 = DIRECTION ( 'NONE',  ( 0.006329626120334662029, -0.9999799677159422195, 0.000000000000000000 ) ) ;
#4163 =( NAMED_UNIT ( * ) SI_UNIT ( $, .STERADIAN. ) SOLID_ANGLE_UNIT ( ) );
#4164 = CARTESIAN_POINT ( 'NONE',  ( 18.25000000000000355, 4.000000000000000000, 0.000000000000000000 ) ) ;
#4165 = ADVANCED_FACE ( 'NONE', ( #3197 ), #2709, .F. ) ;
#4166 = DIRECTION ( 'NONE',  ( 0.8849001878009898903, 0.000000000000000000, -0.4657806969269687736 ) ) ;
#4167 = ORIENTED_EDGE ( 'NONE', *, *, #2391, .T. ) ;
#4168 = SHAPE_DEFINITION_REPRESENTATION ( #6367, #1356 ) ;
#4169 = AXIS2_PLACEMENT_3D ( 'NONE', #2994, #371, #2015 ) ;
#4170 = CARTESIAN_POINT ( 'NONE',  ( 0.5573417656250000407, 0.9653442552426449996, 1.276041667008064096 ) ) ;
#4171 = CARTESIAN_POINT ( 'NONE',  ( -3.566360389693211896, -5.591885649938928005, 2.265286405596187656E-14 ) ) ;
#4172 = CARTESIAN_POINT ( 'NONE',  ( -7.536819805153397667, -3.134446499564901512, -3.134446499564899735 ) ) ;
#4173 = CARTESIAN_POINT ( 'NONE',  ( 0.6250000000000000000, 1.082531754730549967, 0.1666666666666669905 ) ) ;
#4174 = CARTESIAN_POINT ( 'NONE',  ( -7.520000000000000462, -1.044815499854968355, 3.999999999999997335 ) ) ;
#4175 = CARTESIAN_POINT ( 'NONE',  ( -7.881371681721266152E-17, 1.287125673656860148, 0.7968750003413977989 ) ) ;
#4176 = ORIENTED_EDGE ( 'NONE', *, *, #21, .T. ) ;
#4177 = VECTOR ( 'NONE', #2000, 1000.000000000000000 ) ;
#4178 = CARTESIAN_POINT ( 'NONE',  ( 8.447433235713000751E-07, 0.5000000000000000000, 13.34321487424046637 ) ) ;
#4179 = AXIS2_PLACEMENT_3D ( 'NONE', #2610, #4148, #4645 ) ;
#4180 = VERTEX_POINT ( 'NONE', #4849 ) ;
#4181 = CARTESIAN_POINT ( 'NONE',  ( -5.478013477968796785, 1.250032480482758501, -5.304707230268091323 ) ) ;
#4182 = CARTESIAN_POINT ( 'NONE',  ( -7.619999999999998330, -6.373613802544125279E-15, -5.489282243518026405 ) ) ;
#4183 = DIRECTION ( 'NONE',  ( -1.000000000000000000, -0.000000000000000000, -0.000000000000000000 ) ) ;
#4184 = CARTESIAN_POINT ( 'NONE',  ( -6.810000000000000497, 5.318626440744896954E-22, -5.450000000000000178 ) ) ;
#4185 = CARTESIAN_POINT ( 'NONE',  ( -7.519999999999996909, 3.954060262691551308, -3.954060262691563299 ) ) ;
#4186 = CARTESIAN_POINT ( 'NONE',  ( -0.7108348096174971209, 0.8636575264185226697, 2.381750011274773815 ) ) ;
#4187 = VERTEX_POINT ( 'NONE', #6366 ) ;
#4188 = DIRECTION ( 'NONE',  ( 0.000000000000000000, 0.000000000000000000, -1.000000000000000000 ) ) ;
#4189 = ADVANCED_FACE ( 'NONE', ( #3683 ), #2672, .F. ) ;
#4190 = DIRECTION ( 'NONE',  ( 0.000000000000000000, 0.000000000000000000, -1.000000000000000000 ) ) ;
#4191 = CARTESIAN_POINT ( 'NONE',  ( 0.5573417656250000407, 0.9653442552426449996, 0.3385416670080649837 ) ) ;
#4192 = EDGE_LOOP ( 'NONE', ( #93, #3847, #3064, #3467 ) ) ;
#4193 =( NAMED_UNIT ( * ) SI_UNIT ( $, .STERADIAN. ) SOLID_ANGLE_UNIT ( ) );
#4194 = CARTESIAN_POINT ( 'NONE',  ( 0.5573417656250010399, -0.9653442552426449996, 1.692708333674729948 ) ) ;
#4195 = AXIS2_PLACEMENT_3D ( 'NONE', #5861, #5333, #2013 ) ;
#4196 = CARTESIAN_POINT ( 'NONE',  ( -3.500000000000000000, 1.444361357568180404, -5.408895747786461428 ) ) ;
#4197 = CARTESIAN_POINT ( 'NONE',  ( 0.000000000000000000, 0.5000000000000000000, 4.785392286829072361 ) ) ;
#4198 = CARTESIAN_POINT ( 'NONE',  ( 3.416819805153394896, 7.589415207398531038E-16, 4.000000000000000888 ) ) ;
#4199 = CARTESIAN_POINT ( 'NONE',  ( 0.000000000000000000, 0.000000000000000000, 2.500000000000000000 ) ) ;
#4200 = ORIENTED_EDGE ( 'NONE', *, *, #6753, .F. ) ;
#4201 = FACE_OUTER_BOUND ( 'NONE', #1846, .T. ) ;
#4202 = CARTESIAN_POINT ( 'NONE',  ( -0.5573417656249990415, -0.9653442552426459988, 1.151041667008064096 ) ) ;
#4203 = CARTESIAN_POINT ( 'NONE',  ( -3.583180194846605993, -5.421010862427522170E-17, 5.450000000000000178 ) ) ;
#4204 = CARTESIAN_POINT ( 'NONE',  ( -7.553639610306786878, -4.432776750217545469, 1.167854597469009555E-14 ) ) ;
#4205 = CARTESIAN_POINT ( 'NONE',  ( -7.620000000000000995, -1.392327480902163961, -5.213970447913969686 ) ) ;
#4206 = CARTESIAN_POINT ( 'NONE',  ( -7.536819805153395002, 3.134446499564892630, -3.134446499564902400 ) ) ;
#4207 = AXIS2_PLACEMENT_3D ( 'NONE', #873, #5600, #4595 ) ;
#4208 = CARTESIAN_POINT ( 'NONE',  ( 1.114683531250000526, -0.6435628368284300738, 1.463541667008065206 ) ) ;
#4209 = ORIENTED_EDGE ( 'NONE', *, *, #2289, .T. ) ;
#4210 = CARTESIAN_POINT ( 'NONE',  ( 0.000000000000000000, 0.5000000000000000000, 4.785392286829072361 ) ) ;
#4211 = CARTESIAN_POINT ( 'NONE',  ( -1.114683531249999415, 0.6435628368284300738, 1.901041667008062319 ) ) ;
#4212 = CARTESIAN_POINT ( 'NONE',  ( 0.000000000000000000, 4.000000000000000000, 0.000000000000000000 ) ) ;
#4213 = EDGE_LOOP ( 'NONE', ( #5279, #273, #4654, #6556 ) ) ;
#4214 = DIRECTION ( 'NONE',  ( 0.000000000000000000, 0.000000000000000000, -1.000000000000000000 ) ) ;
#4215 = ADVANCED_FACE ( 'NONE', ( #2073 ), #1138, .T. ) ;
#4216 = CARTESIAN_POINT ( 'NONE',  ( -3.599999999999998312, 3.954060262691551308, -3.954060262691562855 ) ) ;
#4217 = CARTESIAN_POINT ( 'NONE',  ( 0.000000000000000000, 0.000000000000000000, 2.500000000000000000 ) ) ;
#4218 = CARTESIAN_POINT ( 'NONE',  ( 0.000000000000000000, 3.500000000000000000, 0.000000000000000000 ) ) ;
#4219 = DIRECTION ( 'NONE',  ( -0.000000000000000000, 1.000000000000000000, -0.000000000000000000 ) ) ;
#4220 = CARTESIAN_POINT ( 'NONE',  ( -7.536819805153395002, -5.166228700122149853, 2.139921993911702902 ) ) ;
#4221 = CIRCLE ( 'NONE', #2989, 9.599999999999999645 ) ;
#4222 = DIRECTION ( 'NONE',  ( -0.000000000000000000, -1.000000000000000000, 0.000000000000000000 ) ) ;
#4223 = ORIENTED_EDGE ( 'NONE', *, *, #3332, .F. ) ;
#4224 = CYLINDRICAL_SURFACE ( 'NONE', #912, 1.250000000000000000 ) ;
#4225 = CARTESIAN_POINT ( 'NONE',  ( 6.288271248675203040, 4.000000000000000000, 11.94659297162485956 ) ) ;
#4226 = CARTESIAN_POINT ( 'NONE',  ( 1.644700651254895438E-15, -0.5000000000000004441, -13.43000000000000149 ) ) ;
#4227 = CARTESIAN_POINT ( 'NONE',  ( -1.114683531250000081, 0.000000000000000000, 0.4218750003413985206 ) ) ;
#4228 = EDGE_LOOP ( 'NONE', ( #6112, #1057, #6350, #5786 ) ) ;
#4229 = SURFACE_STYLE_USAGE ( .BOTH. , #3252 ) ;
#4230 = CARTESIAN_POINT ( 'NONE',  ( -7.881371681721266152E-17, 1.287125673656860148, 1.796875000341400463 ) ) ;
#4231 = CONTEXT_DEPENDENT_SHAPE_REPRESENTATION ( #57, #3759 ) ;
#4232 = DIRECTION ( 'NONE',  ( 0.000000000000000000, 0.000000000000000000, 1.000000000000000000 ) ) ;
#4233 = FILL_AREA_STYLE ('',( #518 ) ) ;
#4234 = DIRECTION ( 'NONE',  ( -0.000000000000000000, 0.000000000000000000, 1.000000000000000000 ) ) ;
#4235 = FACE_OUTER_BOUND ( 'NONE', #285, .T. ) ;
#4236 = ORIENTED_EDGE ( 'NONE', *, *, #4663, .T. ) ;
#4237 = DIRECTION ( 'NONE',  ( 0.000000000000000000, -1.000000000000000000, 0.000000000000000000 ) ) ;
#4238 = DIRECTION ( 'NONE',  ( -1.000000000000000000, -0.000000000000000000, -0.000000000000000000 ) ) ;
#4240 = CARTESIAN_POINT ( 'NONE',  ( 1.114683531249999637, 0.6435628368284300738, 1.755208333674729504 ) ) ;
#4239 = MECHANICAL_DESIGN_GEOMETRIC_PRESENTATION_REPRESENTATION (  '', ( #1109 ), #1675 ) ;
#4241 = CARTESIAN_POINT ( 'NONE',  ( -3.529289321881345920, -0.7142456500564627886, 5.457169191983608947 ) ) ;
#4242 = CARTESIAN_POINT ( 'NONE',  ( -7.536819805153395002, 4.432776750217553463, 1.851372013284399482E-15 ) ) ;
#4243 = CARTESIAN_POINT ( 'NONE',  ( -7.620000000000000107, -4.284259920579550851, 3.281642969415943689 ) ) ;
#4244 = CARTESIAN_POINT ( 'NONE',  ( -7.520000000000000462, 4.432776750217553463, 1.851372013284399482E-15 ) ) ;
#4245 = MECHANICAL_DESIGN_GEOMETRIC_PRESENTATION_REPRESENTATION (  '', ( #330 ), #1786 ) ;
#4246 = CARTESIAN_POINT ( 'NONE',  ( 0.5573417656250000407, 0.9653442552426449996, -0.4739583329919349608 ) ) ;
#4247 = ORIENTED_EDGE ( 'NONE', *, *, #1161, .T. ) ;
#4248 = CYLINDRICAL_SURFACE ( 'NONE', #490, 13.50049772884731247 ) ;
#4250 = EDGE_CURVE ( 'NONE', #3592, #5640, #3525, .T. ) ;
#4249 = CARTESIAN_POINT ( 'NONE',  ( -0.5573417656250000407, 0.9653442552426449996, 2.130208333674730170 ) ) ;
#4251 = DIRECTION ( 'NONE',  ( 0.000000000000000000, 1.000000000000000000, -0.000000000000000000 ) ) ;
#4252 = DIRECTION ( 'NONE',  ( 0.000000000000000000, -1.000000000000000000, 0.000000000000000000 ) ) ;
#4253 = CARTESIAN_POINT ( 'NONE',  ( -5.469766788528103163, 4.000000000000000000, 10.39923799990627984 ) ) ;
#4254 = B_SPLINE_CURVE_WITH_KNOTS ( 'NONE', 3,
 ( #6627, #3423, #2796, #5477, #4481, #5005, #1848, #2238, #6491, #6102, #2830, #1319, #5549, #1253, #4972, #1286, #3949, #5514 ),
 .UNSPECIFIED., .F., .F.,
 ( 4, 2, 2, 2, 2, 2, 2, 2, 4 ),
 ( 0.5000000000000000000, 0.5625000000000000000, 0.6250000000000000000, 0.6875000000000000000, 0.7500000000000000000, 0.8125000000000000000, 0.8750000000000000000, 0.9375000000000000000, 1.000000000000000000 ),
 .UNSPECIFIED. ) ;
#4255 = DIRECTION ( 'NONE',  ( -0.000000000000000000, 0.000000000000000000, 1.000000000000000000 ) ) ;
#4256 = DIRECTION ( 'NONE',  ( -1.000000000000000000, 0.000000000000000000, 0.000000000000000000 ) ) ;
#4257 = CARTESIAN_POINT ( 'NONE',  ( -3.808989356929962433, 0.000000000000000000, 0.000000000000000000 ) ) ;
#4258 = CARTESIAN_POINT ( 'NONE',  ( -7.520000000000001350, -3.954060262691574845, 3.954060262691548644 ) ) ;
#4259 = AXIS2_PLACEMENT_3D ( 'NONE', #1518, #5781, #1553 ) ;
#4260 = PRODUCT_DEFINITION_SHAPE ( 'NONE', 'NONE',  #6899 ) ;
#4261 = AXIS2_PLACEMENT_3D ( 'NONE', #6261, #3015, #6333 ) ;
#4262 = CARTESIAN_POINT ( 'NONE',  ( -3.600000000000000533, -0.7133073313039065555, 5.450000000000000178 ) ) ;
#4263 = ORIENTED_EDGE ( 'NONE', *, *, #2657, .F. ) ;
#4264 = CARTESIAN_POINT ( 'NONE',  ( -0.6250000000000000000, -1.082531754730549967, 1.791666666666665186 ) ) ;
#4265 = FILL_AREA_STYLE_COLOUR ( '', #4099 ) ;
#4266 = FACE_OUTER_BOUND ( 'NONE', #1637, .T. ) ;
#4267 = CARTESIAN_POINT ( 'NONE',  ( -7.881371681721266152E-17, 1.287125673656860148, 0.6093750003413982430 ) ) ;
#4268 = ORIENTED_EDGE ( 'NONE', *, *, #2187, .T. ) ;
#4269 = SURFACE_STYLE_USAGE ( .BOTH. , #3533 ) ;
#4270 = CONTEXT_DEPENDENT_SHAPE_REPRESENTATION ( #3857, #944 ) ;
#4271 = AXIS2_PLACEMENT_3D ( 'NONE', #2239, #2101, #5733 ) ;
#4272 = DIRECTION ( 'NONE',  ( -1.000000000000000000, -0.000000000000000000, -0.000000000000000000 ) ) ;
#4273 = ORIENTED_EDGE ( 'NONE', *, *, #146, .F. ) ;
#4274 = EDGE_CURVE ( 'NONE', #4090, #4899, #182, .T. ) ;
#4275 = DIRECTION ( 'NONE',  ( -0.000000000000000000, 1.000000000000000000, -0.000000000000000000 ) ) ;
#4276 = CARTESIAN_POINT ( 'NONE',  ( -7.519999999999999574, -1.426525969758076107, -5.308151087842319704 ) ) ;
#4277 = EDGE_CURVE ( 'NONE', #656, #2748, #2067, .T. ) ;
#4278 = CARTESIAN_POINT ( 'NONE',  ( 0.5573417656250010399, -0.9653442552426449996, 0.1927083336747315301 ) ) ;
#4279 = CARTESIAN_POINT ( 'NONE',  ( -3.583180194846605549, -5.166228700122151629, 2.139921993911703346 ) ) ;
#4280 = CARTESIAN_POINT ( 'NONE',  ( -7.520000000000000462, 1.044815499854968133, 4.000000000000002665 ) ) ;
#4281 = CARTESIAN_POINT ( 'NONE',  ( -7.620000000000000995, -1.392164399523423635, 5.214251832978461287 ) ) ;
#4282 = CARTESIAN_POINT ( 'NONE',  ( -7.519999999999998685, 3.134446499564892630, -3.134446499564902400 ) ) ;
#4283 = CARTESIAN_POINT ( 'NONE',  ( -7.881371681721266152E-17, 1.287125673656860148, 0.2968750003413984095 ) ) ;
#4284 = VERTEX_POINT ( 'NONE', #6541 ) ;
#4285 = PLANE ( 'NONE',  #3735 ) ;
#4286 = CARTESIAN_POINT ( 'NONE',  ( -0.5573417656249990415, -0.9653442552426459988, 2.213541667008064984 ) ) ;
#4287 = CARTESIAN_POINT ( 'NONE',  ( 0.000000000000000000, 0.000000000000000000, 6.758822509939086842 ) ) ;
#4288 = CARTESIAN_POINT ( 'NONE',  ( 0.000000000000000000, -4.500000000000000000, 0.000000000000000000 ) ) ;
#4289 = CARTESIAN_POINT ( 'NONE',  ( 3.400000000000000355, 3.198667369592721688, 2.458186879899660227 ) ) ;
#4290 = CIRCLE ( 'NONE', #2390, 2.499999999999998668 ) ;
#4291 = CARTESIAN_POINT ( 'NONE',  ( 0.000000000000000000, 3.500000000000000000, 0.000000000000000000 ) ) ;
#4292 = CARTESIAN_POINT ( 'NONE',  ( -0.3989545459634658009, 9.014591472757718241E-16, -7.360972550644013346 ) ) ;
#4293 = DIRECTION ( 'NONE',  ( -0.000000000000000000, -1.000000000000000000, 0.000000000000000000 ) ) ;
#4294 = CARTESIAN_POINT ( 'NONE',  ( 0.9519480102129225241, 0.6112116352204903791, 0.9999999999999995559 ) ) ;
#4295 = VECTOR ( 'NONE', #6129, 999.9999999999998863 ) ;
#4296 = EDGE_CURVE ( 'NONE', #5254, #2678, #1759, .T. ) ;
#4297 = CARTESIAN_POINT ( 'NONE',  ( -3.566360389693211452, 3.954060262691557526, 3.954060262691560190 ) ) ;
#4298 = ORIENTED_EDGE ( 'NONE', *, *, #852, .T. ) ;
#4299 = CARTESIAN_POINT ( 'NONE',  ( -0.5573417656249990415, -0.9653442552426459988, -0.5364583329919351273 ) ) ;
#4300 = CARTESIAN_POINT ( 'NONE',  ( -4.561890229162582244, 0.7697492101646964402, -3.926992174402699654 ) ) ;
#4301 = CARTESIAN_POINT ( 'NONE',  ( 1.249999999999999556, -0.7216878364870320528, 1.854166666666670071 ) ) ;
#4302 = CARTESIAN_POINT ( 'NONE',  ( -0.5573417656249990415, -0.9653442552426459988, 0.4635416670080649837 ) ) ;
#4303 = EDGE_LOOP ( 'NONE', ( #3176, #4130, #5498, #708 ) ) ;
#4304 = EDGE_CURVE ( 'NONE', #1489, #4831, #5974, .T. ) ;
#4305 =( BOUNDED_CURVE ( )  B_SPLINE_CURVE ( 2, ( #2487, #5697, #3537, #4001, #1406, #1333, #291 ),
 .UNSPECIFIED., .F., .T. ) 
 B_SPLINE_CURVE_WITH_KNOTS ( ( 3, 2, 2, 3 ),
 ( 0.2916666666666665186, 0.3055555555555554692, 0.3194444444444444753, 0.3333333333333335369 ),
 .UNSPECIFIED. ) 
 CURVE ( )  GEOMETRIC_REPRESENTATION_ITEM ( )  RATIONAL_B_SPLINE_CURVE ( ( 1.000000000000000000, 0.8660254037844379305, 1.000000000000000000, 0.8660254037844389297, 1.000000000000000000, 0.8660254037844389297, 1.000000000000000000 ) ) 
 REPRESENTATION_ITEM ( '' )  );
#4306 = CARTESIAN_POINT ( 'NONE',  ( -0.5573417656249990415, -0.9653442552426459988, 2.151041667008065428 ) ) ;
#4307 = CARTESIAN_POINT ( 'NONE',  ( -18.25000000000000000, 4.000000000000000000, 0.000000000000000000 ) ) ;
#4308 = CARTESIAN_POINT ( 'NONE',  ( 0.000000000000000000, -4.500000000000000000, 0.000000000000000000 ) ) ;
#4309 = EDGE_LOOP ( 'NONE', ( #5, #2006, #3101, #3775 ) ) ;
#4310 = CARTESIAN_POINT ( 'NONE',  ( 2.651438096812269876E-16, -1.443375672974063884, 2.093750000682799151 ) ) ;
#4311 = CARTESIAN_POINT ( 'NONE',  ( -8.838126989374225934E-17, 1.443375672974064106, 1.937499999999999334 ) ) ;
#4312 = CARTESIAN_POINT ( 'NONE',  ( -0.5573417656250000407, 0.9653442552426449996, 0.5677083336747319464 ) ) ;
#4313 = CARTESIAN_POINT ( 'NONE',  ( -3.529289321881343700, -6.079692073109145783E-15, -5.599241485126959184 ) ) ;
#4314 = CARTESIAN_POINT ( 'NONE',  ( -7.519999999999999574, 5.159799029508467992E-16, -4.000000000000000000 ) ) ;
#4315 = CARTESIAN_POINT ( 'NONE',  ( -7.619999999999999218, -3.281782638116532258, 4.284399589280094567 ) ) ;
#4316 = CARTESIAN_POINT ( 'NONE',  ( 0.9652304549012473700, -0.6906987434198198494, 2.312143483624475415 ) ) ;
#4317 = CARTESIAN_POINT ( 'NONE',  ( -7.553639610306790431, 1.044815499854968133, 4.000000000000002665 ) ) ;
#4318 = CARTESIAN_POINT ( 'NONE',  ( -1.114683531249999637, 0.6435628368284300738, -0.1614583329919351273 ) ) ;
#4319 = EDGE_LOOP ( 'NONE', ( #1912, #110, #3136, #3180 ) ) ;
#4320 = DIRECTION ( 'NONE',  ( 1.000000000000000000, 0.000000000000000000, -0.000000000000000000 ) ) ;
#4321 = CARTESIAN_POINT ( 'NONE',  ( -0.5573417656249990415, -0.9653442552426459988, 1.463541667008064096 ) ) ;
#4322 = DIRECTION ( 'NONE',  ( 0.000000000000000000, 0.000000000000000000, -1.000000000000000000 ) ) ;
#4323 = CARTESIAN_POINT ( 'NONE',  ( 0.000000000000000000, -0.5000000000000004441, 0.000000000000000000 ) ) ;
#4324 = AXIS2_PLACEMENT_3D ( 'NONE', #1171, #5437, #536 ) ;
#4325 = CARTESIAN_POINT ( 'NONE',  ( 3.400000000000000355, 2.014475921483597887, 3.495145553417032147 ) ) ;
#4326 = CARTESIAN_POINT ( 'NONE',  ( -7.620000000000000995, 5.506539936558767501, 2.861075311045296704E-15 ) ) ;
#4327 = CARTESIAN_POINT ( 'NONE',  ( 3.416819805153394451, -3.134446499564894850, -3.134446499564899291 ) ) ;
#4328 = CYLINDRICAL_SURFACE ( 'NONE', #2752, 1.250000000000000000 ) ;
#4329 = FACE_OUTER_BOUND ( 'NONE', #6623, .T. ) ;
#4330 = PRODUCT ( 'GRUB M2.5', 'GRUB M2.5', '', ( #6162 ) ) ;
#4331 = CARTESIAN_POINT ( 'NONE',  ( -3.583180194846604216, -6.407237837722409427E-15, -5.591885649938923564 ) ) ;
#4332 = VERTEX_POINT ( 'NONE', #811 ) ;
#4333 = CARTESIAN_POINT ( 'NONE',  ( -1.114683531250000081, 0.000000000000000000, -0.3281249996586015349 ) ) ;
#4334 = CARTESIAN_POINT ( 'NONE',  ( -3.898989356929962291, 1.175391920242159397E-15, -9.597803391643314086 ) ) ;
#4335 = DIRECTION ( 'NONE',  ( 0.000000000000000000, 0.000000000000000000, 1.000000000000000000 ) ) ;
#4336 = CARTESIAN_POINT ( 'NONE',  ( -1.114683531250000081, 0.000000000000000000, -0.3281249996586015349 ) ) ;
#4337 = VERTEX_POINT ( 'NONE', #3571 ) ;
#4338 = PRODUCT_DEFINITION_FORMATION_WITH_SPECIFIED_SOURCE ( 'ANY', '', #3198, .NOT_KNOWN. ) ;
#4339 =( NAMED_UNIT ( * ) SI_UNIT ( $, .STERADIAN. ) SOLID_ANGLE_UNIT ( ) );
#4340 = B_SPLINE_CURVE_WITH_KNOTS ( 'NONE', 3,
 ( #3998, #5629, #5528, #2420, #2317, #1900, #6571, #4031, #6188, #1787, #3929, #739, #2875, #221 ),
 .UNSPECIFIED., .F., .F.,
 ( 4, 2, 2, 2, 2, 2, 4 ),
 ( 1.671870966807579719E-19, 0.0005779276858950979862, 0.001155855371790195756, 0.001444819214737744694, 0.001733783057685293633, 0.002022746900632841922, 0.002311710743580390644 ),
 .UNSPECIFIED. ) ;
#4341 = CARTESIAN_POINT ( 'NONE',  ( -1.114683531250000081, 0.000000000000000000, 2.109375000341400241 ) ) ;
#4342 = DIRECTION ( 'NONE',  ( 0.000000000000000000, 0.000000000000000000, -1.000000000000000000 ) ) ;
#4343 = EDGE_LOOP ( 'NONE', ( #1842, #6345, #2451, #1291 ) ) ;
#4344 = CARTESIAN_POINT ( 'NONE',  ( 1.250000000000000000, 1.530808498934190091E-16, 1.375000000000000000 ) ) ;
#4345 =( REPRESENTATION_RELATIONSHIP ('NONE','NONE', #6877, #6659 ) REPRESENTATION_RELATIONSHIP_WITH_TRANSFORMATION ( #4834 )SHAPE_REPRESENTATION_RELATIONSHIP( ) );
#4346 = CARTESIAN_POINT ( 'NONE',  ( 1.250000000000000000, 1.530808498934190091E-16, 1.875000000000000000 ) ) ;
#4347 = CARTESIAN_POINT ( 'NONE',  ( -1.114683531250000081, 0.000000000000000000, 0.3593750003413985206 ) ) ;
#4348 = CARTESIAN_POINT ( 'NONE',  ( -7.620000000000001883, -3.199627467207418974, -3.199627467207417642 ) ) ;
#4349 = CARTESIAN_POINT ( 'NONE',  ( -3.600000000000000089, -5.450000000000000178, -0.7134033317526826679 ) ) ;
#4350 = CARTESIAN_POINT ( 'NONE',  ( -7.520000000000000462, 2.139921993911719333, 5.166228700122148076 ) ) ;
#4351 = CARTESIAN_POINT ( 'NONE',  ( -7.590710678118656851, -3.140064361744345778, 3.140064361744313359 ) ) ;
#4352 = CARTESIAN_POINT ( 'NONE',  ( 1.114683531250000526, -0.6435628368284300738, -0.5364583329919344612 ) ) ;
#4353 = ORIENTED_EDGE ( 'NONE', *, *, #3624, .T. ) ;
#4354 = CARTESIAN_POINT ( 'NONE',  ( -5.469766788528103163, 3.500000000000000000, 10.39923799990627984 ) ) ;
#4355 = CARTESIAN_POINT ( 'NONE',  ( 1.114683531250000081, 1.365093618607580186E-16, 1.546875000341400241 ) ) ;
#4356 = VECTOR ( 'NONE', #2283, 1000.000000000000000 ) ;
#4357 = CARTESIAN_POINT ( 'NONE',  ( -0.6250000000000000000, 1.082531754730549967, 2.208333333333334814 ) ) ;
#4358 = DIRECTION ( 'NONE',  ( 1.000000000000000000, 0.000000000000000000, 0.000000000000000000 ) ) ;
#4359 = VECTOR ( 'NONE', #1025, 1000.000000000000000 ) ;
#4360 = CARTESIAN_POINT ( 'NONE',  ( -1.114683531249999637, 0.6435628368284300738, 1.651041667008064318 ) ) ;
#4361 = CARTESIAN_POINT ( 'NONE',  ( -7.620000000000000107, -5.421010862427522170E-17, 5.383639610306790502 ) ) ;
#4362 = CARTESIAN_POINT ( 'NONE',  ( 3.400000000000000355, -3.134446499564901067, 3.134446499564895294 ) ) ;
#4363 = EDGE_CURVE ( 'NONE', #4587, #2577, #5989, .T. ) ;
#4364 = PLANE ( 'NONE',  #792 ) ;
#4365 = CARTESIAN_POINT ( 'NONE',  ( -3.507169191983608769, 0.000000000000000000, 5.479289321881346098 ) ) ;
#4366 = ADVANCED_FACE ( 'NONE', ( #5698 ), #1335, .T. ) ;
#4367 = EDGE_CURVE ( 'NONE', #6657, #3617, #1905, .T. ) ;
#4368 = CARTESIAN_POINT ( 'NONE',  ( -3.529289321881344144, 3.959261623634302563, -3.959261623634313665 ) ) ;
#4369 = EDGE_LOOP ( 'NONE', ( #407, #1280 ) ) ;
#4370 = EDGE_CURVE ( 'NONE', #6201, #6065, #3041, .T. ) ;
#4371 = CARTESIAN_POINT ( 'NONE',  ( 0.6250000000000000000, -1.082531754730548190, 2.083333333333335258 ) ) ;
#4372 = CARTESIAN_POINT ( 'NONE',  ( -6.810000000000000497, 1.530808498934191571E-16, -9.600999999999999091 ) ) ;
#4373 = DIRECTION ( 'NONE',  ( -1.000000000000000000, -0.000000000000000000, -0.000000000000000000 ) ) ;
#4374 = CIRCLE ( 'NONE', #5478, 10.99999999999999822 ) ;
#4375 = FACE_OUTER_BOUND ( 'NONE', #2629, .T. ) ;
#4376 = CARTESIAN_POINT ( 'NONE',  ( -7.620000000000000107, 3.881508698238502308, 3.881508698238504529 ) ) ;
#4377 = ORIENTED_EDGE ( 'NONE', *, *, #6101, .F. ) ;
#4378 = CARTESIAN_POINT ( 'NONE',  ( 67.64425812963114026, 3.458238916106089356, 71.63293840883315511 ) ) ;
#4379 = CIRCLE ( 'NONE', #2470, 6.080000000000000959 ) ;
#4380 = AXIS2_PLACEMENT_3D ( 'NONE', #2928, #4081, #3553 ) ;
#4381 = EDGE_CURVE ( 'NONE', #1270, #6030, #1196, .T. ) ;
#4382 = PRESENTATION_STYLE_ASSIGNMENT (( #2137 ) ) ;
#4383 = ORIENTED_EDGE ( 'NONE', *, *, #5848, .F. ) ;
#4384 = CARTESIAN_POINT ( 'NONE',  ( 2.651438096812269876E-16, -1.443375672974063884, 0.8437500006827959309 ) ) ;
#4385 = CARTESIAN_POINT ( 'NONE',  ( 3.492830808016391231, 1.052465984225434026, 4.029289321881346808 ) ) ;
#4386 = CARTESIAN_POINT ( 'NONE',  ( -0.5573417656250000407, 0.9653442552426449996, 0.8177083336747319464 ) ) ;
#4387 = UNCERTAINTY_MEASURE_WITH_UNIT (LENGTH_MEASURE( 1.000000000000000082E-05 ), #941, 'distance_accuracy_value', 'NONE');
#4388 = AXIS2_PLACEMENT_3D ( 'NONE', #3105, #5798, #3604 ) ;
#4389 = CARTESIAN_POINT ( 'NONE',  ( -7.620000000000002771, -3.199627467207431408, 3.199627467207398102 ) ) ;
#4390 = ADVANCED_FACE ( 'NONE', ( #1435, #6087 ), #384, .T. ) ;
#4391 = CARTESIAN_POINT ( 'NONE',  ( 1.027440535124552801, 0.4323023497772620072, 1.000000000000000000 ) ) ;
#4392 = CARTESIAN_POINT ( 'NONE',  ( 1.138897145156425150, -0.2907638944865785779, 2.321907373206634873 ) ) ;
#4393 = DIRECTION ( 'NONE',  ( 1.776356839400250465E-15, 0.000000000000000000, 1.000000000000000000 ) ) ;
#4394 = CARTESIAN_POINT ( 'NONE',  ( -1.114683531249999637, -0.6435628368284300738, -0.1197916663252680258 ) ) ;
#4395 = ORIENTED_EDGE ( 'NONE', *, *, #3952, .T. ) ;
#4396 = CIRCLE ( 'NONE', #5606, 9.599999999999999645 ) ;
#4397 = DIRECTION ( 'NONE',  ( 0.9123507013817376832, -0.3926361512172474866, -0.1159872857064853935 ) ) ;
#4398 = CARTESIAN_POINT ( 'NONE',  ( -4.930319849048998115, -1.092012035563852734, -5.339858449384279560 ) ) ;
#4399 = EDGE_CURVE ( 'NONE', #2872, #656, #4774, .T. ) ;
#4400 = CYLINDRICAL_SURFACE ( 'NONE', #4527, 8.799999999999998934 ) ;
#4401 = CARTESIAN_POINT ( 'NONE',  ( -3.600000000000000533, -3.954060262691574845, 3.954060262691549532 ) ) ;
#4402 = CARTESIAN_POINT ( 'NONE',  ( -7.881371681721266152E-17, 1.287125673656860148, 1.859375000341397355 ) ) ;
#4403 = CARTESIAN_POINT ( 'NONE',  ( -7.620000000000004547, -2.107261603377757808, 5.087379542342645777 ) ) ;
#4404 = CARTESIAN_POINT ( 'NONE',  ( 3.399999999999999911, 3.134446499564893074, 3.134446499564900623 ) ) ;
#4405 = CARTESIAN_POINT ( 'NONE',  ( 3.101010643070036821, -9.597815608934052278, 0.000000000000000000 ) ) ;
#4406 = B_SPLINE_CURVE_WITH_KNOTS ( 'NONE', 5,
 ( #475, #3097, #6789, #3663, #3559, #5200, #1524, #3593 ),
 .UNSPECIFIED., .F., .F.,
 ( 6, 2, 6 ),
 ( 0.000000000000000000, 0.5000000000000000000, 1.000000000000000000 ),
 .UNSPECIFIED. ) ;
#4407 = AXIS2_PLACEMENT_3D ( 'NONE', #772, #5491, #6671 ) ;
#4408 = DIRECTION ( 'NONE',  ( -1.000000000000000000, 0.000000000000000000, 0.000000000000000000 ) ) ;
#4409 = CARTESIAN_POINT ( 'NONE',  ( -3.566360389693211896, -5.421010862427522170E-17, 5.450000000000000178 ) ) ;
#4410 = EDGE_LOOP ( 'NONE', ( #4517, #885, #5302, #1429 ) ) ;
#4411 = CARTESIAN_POINT ( 'NONE',  ( -8.838126989374227166E-17, 1.443375672974063884, 1.937499999999999334 ) ) ;
#4412 = EDGE_CURVE ( 'NONE', #4106, #4086, #2652, .T. ) ;
#4413 = DIRECTION ( 'NONE',  ( 0.4657806974952503620, -0.000000000000000000, 0.8849001875018663865 ) ) ;
#4414 = DIRECTION ( 'NONE',  ( -0.000000000000000000, -1.000000000000000000, -0.000000000000000000 ) ) ;
#4415 = PLANE ( 'NONE',  #6885 ) ;
#4416 = CARTESIAN_POINT ( 'NONE',  ( -7.619999999999999218, -3.893711730015256833, -3.893711730015236405 ) ) ;
#4417 = VECTOR ( 'NONE', #3146, 1000.000000000000000 ) ;
#4418 = DIRECTION ( 'NONE',  ( -0.8849001878009900013, 0.000000000000000000, 0.4657806969269686070 ) ) ;
#4419 = EDGE_CURVE ( 'NONE', #425, #33, #3026, .T. ) ;
#4420 = VECTOR ( 'NONE', #3339, 1000.000000000000114 ) ;
#4421 = ADVANCED_BREP_SHAPE_REPRESENTATION ( '', ( #4115, #1443 ), #324 ) ;
#4422 = VERTEX_POINT ( 'NONE', #6741 ) ;
#4423 = CARTESIAN_POINT ( 'NONE',  ( 0.6250000000000000000, 1.082531754730549967, 0.6979166673494628936 ) ) ;
#4424 = CARTESIAN_POINT ( 'NONE',  ( 3.500000000000000888, 6.505213034913026604E-16, 4.066360389693210564 ) ) ;
#4425 = CARTESIAN_POINT ( 'NONE',  ( 0.5573417656250000407, 0.9653442552426449996, 0.5260416670080649837 ) ) ;
#4426 = LINE ( 'NONE', #6050, #164 ) ;
#4427 = CARTESIAN_POINT ( 'NONE',  ( -3.600000000000000977, -4.762135816530705057, 2.744723443021403586 ) ) ;
#4428 = CARTESIAN_POINT ( 'NONE',  ( 1.088008408308880348, -0.4524489893013045605, 2.318169343766938173 ) ) ;
#4429 = CARTESIAN_POINT ( 'NONE',  ( -1.758954545963466343, 0.000000000000000000, 0.000000000000000000 ) ) ;
#4430 = EDGE_LOOP ( 'NONE', ( #2399, #6239, #1926, #3982 ) ) ;
#4431 =( NAMED_UNIT ( * ) SI_UNIT ( $, .STERADIAN. ) SOLID_ANGLE_UNIT ( ) );
#4432 = LINE ( 'NONE', #3725, #1726 ) ;
#4433 = VECTOR ( 'NONE', #6347, 1000.000000000000000 ) ;
#4434 = DIRECTION ( 'NONE',  ( 0.8849001882576208455, 0.000000000000000000, 0.4657806960594517154 ) ) ;
#4435 = CARTESIAN_POINT ( 'NONE',  ( -3.599999999999999645, 5.166228700122151629, 2.139921993911715337 ) ) ;
#4436 = CARTESIAN_POINT ( 'NONE',  ( 0.5573417656250010399, -0.9653442552426449996, 2.005208333674729726 ) ) ;
#4437 = CARTESIAN_POINT ( 'NONE',  ( -7.590710678118654187, 5.159432794547396561, 2.137107037654044639 ) ) ;
#4438 = CARTESIAN_POINT ( 'NONE',  ( 3.470710678118653636, 3.140064361744330235, -3.140064361744330235 ) ) ;
#4439 = ORIENTED_EDGE ( 'NONE', *, *, #6637, .T. ) ;
#4440 = CARTESIAN_POINT ( 'NONE',  ( 0.8438687168524083848, 0.7715434420996345466, 0.9999999999999995559 ) ) ;
#4441 = PRODUCT_DEFINITION ( 'UNKNOWN', '', #2434, #665 ) ;
#4442 = CARTESIAN_POINT ( 'NONE',  ( -6.801683034988009524, -3.997379494672244515, -0.1655517020093039138 ) ) ;
#4443 = ADVANCED_FACE ( 'NONE', ( #2457, #5121 ), #2388, .T. ) ;
#4444 = CARTESIAN_POINT ( 'NONE',  ( -3.507169191983609213, 0.7171407786482895119, 5.479289321881346098 ) ) ;
#4445 = ORIENTED_EDGE ( 'NONE', *, *, #4579, .F. ) ;
#4446 = CARTESIAN_POINT ( 'NONE',  ( -0.6250000000000000000, 1.082531754730549967, 1.458333333333334147 ) ) ;
#4447 = CARTESIAN_POINT ( 'NONE',  ( -7.520000000000001350, -1.046991537437120590, -3.895890706673263093 ) ) ;
#4448 = CARTESIAN_POINT ( 'NONE',  ( -0.005481617016667248571, 0.8660080553175496521, 1.000000000000000000 ) ) ;
#4449 = CARTESIAN_POINT ( 'NONE',  ( -1.114683531250000081, 0.000000000000000000, -0.5781249996586019790 ) ) ;
#4450 = CARTESIAN_POINT ( 'NONE',  ( 68.13324748656110330, 3.458238916106096017, 71.63293840883314090 ) ) ;
#4451 = CARTESIAN_POINT ( 'NONE',  ( -1.114683531249999415, 0.6435628368284300738, 1.151041667008064762 ) ) ;
#4452 = CARTESIAN_POINT ( 'NONE',  ( -3.500000000000000444, 0.000000000000000000, 5.533180194846606170 ) ) ;
#4453 = ORIENTED_EDGE ( 'NONE', *, *, #2616, .T. ) ;
#4454 = CARTESIAN_POINT ( 'NONE',  ( -0.6250000000000000000, 1.082531754730549967, 1.239583334016129967 ) ) ;
#4455 = ORIENTED_EDGE ( 'NONE', *, *, #2231, .F. ) ;
#4456 = VERTEX_POINT ( 'NONE', #1302 ) ;
#4457 = CARTESIAN_POINT ( 'NONE',  ( 3.470710678118654968, -9.777496779298063490E-16, -4.440721607103247592 ) ) ;
#4458 = FACE_OUTER_BOUND ( 'NONE', #2199, .T. ) ;
#4459 = CARTESIAN_POINT ( 'NONE',  ( -1.250000000000000000, 0.000000000000000000, 2.031250000682795154 ) ) ;
#4460 = ADVANCED_FACE ( 'NONE', ( #353 ), #1965, .T. ) ;
#4461 = CARTESIAN_POINT ( 'NONE',  ( -7.619999999999999218, 3.199627467207410536, -3.199627467207418530 ) ) ;
#4462 = CARTESIAN_POINT ( 'NONE',  ( 0.000000000000000000, 0.000000000000000000, 2.500000000000000000 ) ) ;
#4463 = CARTESIAN_POINT ( 'NONE',  ( 1.166320433340835239, -0.1328592937204341184, 2.325320801489689782 ) ) ;
#4464 = CARTESIAN_POINT ( 'NONE',  ( -7.620000000000002771, -3.186447272360826144, 3.186447272360791949 ) ) ;
#4465 = ORIENTED_EDGE ( 'NONE', *, *, #4593, .T. ) ;
#4466 = SHAPE_REPRESENTATION_RELATIONSHIP ( 'NONE' , 'NONE' ,  #685, #557 ) ;
#4467 = CYLINDRICAL_SURFACE ( 'NONE', #5411, 6.080000000000000959 ) ;
#4468 = CARTESIAN_POINT ( 'NONE',  ( 0.000000000000000000, 4.000000000000000000, 0.000000000000000000 ) ) ;
#4469 = CARTESIAN_POINT ( 'NONE',  ( 2.364411504516379476E-16, -1.287125673656860148, 2.234375000341398465 ) ) ;
#4470 = CARTESIAN_POINT ( 'NONE',  ( -7.620000000000000107, -5.421010862427522170E-17, 5.383639610306790502 ) ) ;
#4471 = CARTESIAN_POINT ( 'NONE',  ( 3.470710678118654524, -1.046688120581442227, 4.007169191983607881 ) ) ;
#4472 = ORIENTED_EDGE ( 'NONE', *, *, #5389, .F. ) ;
#4473 = DIRECTION ( 'NONE',  ( -1.000000000000000000, -0.000000000000000000, -0.000000000000000000 ) ) ;
#4474 = ADVANCED_FACE ( 'NONE', ( #3538 ), #5602, .T. ) ;
#4475 = ADVANCED_FACE ( 'NONE', ( #778, #293 ), #6220, .F. ) ;
#4476 = DIRECTION ( 'NONE',  ( 0.000000000000000000, -1.000000000000000000, 0.000000000000000000 ) ) ;
#4477 = VECTOR ( 'NONE', #4322, 1000.000000000000000 ) ;
#4478 = CARTESIAN_POINT ( 'NONE',  ( -3.529289321881345920, -0.7142456500564627886, 5.457169191983608947 ) ) ;
#4479 = ORIENTED_EDGE ( 'NONE', *, *, #1968, .F. ) ;
#4480 = CARTESIAN_POINT ( 'NONE',  ( 1.249999999999999556, 0.7216878364870319418, 1.395833333333334147 ) ) ;
#4481 = CARTESIAN_POINT ( 'NONE',  ( 3.500000000000000000, -2.520768136199437848, -3.277372294450207946 ) ) ;
#4482 = DIRECTION ( 'NONE',  ( -1.000000000000000000, -0.000000000000000000, -0.000000000000000000 ) ) ;
#4483 = CARTESIAN_POINT ( 'NONE',  ( -7.590710678118654187, 5.159432794547396561, 2.137107037654044639 ) ) ;
#4484 = CARTESIAN_POINT ( 'NONE',  ( 0.9610454540365345188, 0.000000000000000000, 8.799999999999998934 ) ) ;
#4485 = CARTESIAN_POINT ( 'NONE',  ( -3.500000000000000888, -5.659973670278344748, 2.268696031407886103E-14 ) ) ;
#4486 = ORIENTED_EDGE ( 'NONE', *, *, #4296, .T. ) ;
#4487 = CARTESIAN_POINT ( 'NONE',  ( 1.250000000000001776, -0.7216878364870319418, 1.885416667349463227 ) ) ;
#4488 = VERTEX_POINT ( 'NONE', #6770 ) ;
#4489 = ORIENTED_EDGE ( 'NONE', *, *, #3544, .T. ) ;
#4490 = CARTESIAN_POINT ( 'NONE',  ( 3.433639610306788992, -3.134446499564901067, 3.134446499564895294 ) ) ;
#4491 = VECTOR ( 'NONE', #5998, 1000.000000000000000 ) ;
#4492 = CARTESIAN_POINT ( 'NONE',  ( -11.00454545454544331, 0.5000000000000000000, -4.785392286829072361 ) ) ;
#4493 = CARTESIAN_POINT ( 'NONE',  ( -1.249999999999996891, -0.7216878364870320528, 2.052083334016128191 ) ) ;
#4494 = PLANE ( 'NONE',  #6281 ) ;
#4495 = VECTOR ( 'NONE', #2435, 1000.000000000000000 ) ;
#4496 = CARTESIAN_POINT ( 'NONE',  ( 3.499999999999999556, 2.076125246344117325, 3.572835999436556165 ) ) ;
#4497 = CARTESIAN_POINT ( 'NONE',  ( -6.651511208960649846, -0.6306777834780450398, -3.952884989942462290 ) ) ;
#4498 = CARTESIAN_POINT ( 'NONE',  ( -7.590710678118654187, -3.140064361744333343, -3.140064361744332455 ) ) ;
#4499 = VECTOR ( 'NONE', #1134, 1000.000000000000000 ) ;
#4500 = PLANE ( 'NONE',  #1837 ) ;
#4501 = CARTESIAN_POINT ( 'NONE',  ( -1.114683531250000081, 0.000000000000000000, 2.421875000341400241 ) ) ;
#4502 = AXIS2_PLACEMENT_3D ( 'NONE', #446, #4234, #972 ) ;
#4503 = CARTESIAN_POINT ( 'NONE',  ( -7.590710678118659516, -5.584529814750890608, 2.277909469530082252E-14 ) ) ;
#4504 = CARTESIAN_POINT ( 'NONE',  ( 3.492830808016392119, -1.051966053204422549E-15, -4.465235006483867508 ) ) ;
#4505 = EDGE_LOOP ( 'NONE', ( #544, #1459 ) ) ;
#4506 = DIRECTION ( 'NONE',  ( 0.000000000000000000, 0.000000000000000000, 1.000000000000000000 ) ) ;
#4507 = ORIENTED_EDGE ( 'NONE', *, *, #5408, .F. ) ;
#4508 = CARTESIAN_POINT ( 'NONE',  ( -6.776759542702877503, -3.989287066309696872, 0.3295363928842257595 ) ) ;
#4509 = CARTESIAN_POINT ( 'NONE',  ( -3.529289321881345476, 5.599241485126960960, 3.141599591899809068E-15 ) ) ;
#4510 = EDGE_LOOP ( 'NONE', ( #554, #1896, #985, #67 ) ) ;
#4511 = CARTESIAN_POINT ( 'NONE',  ( -8.838126989374227166E-17, 1.443375672974063884, 0.4375000000000000555 ) ) ;
#4512 = CARTESIAN_POINT ( 'NONE',  ( 1.249999999999996891, 0.7216878364870320528, 1.645833333333334370 ) ) ;
#4513 = CARTESIAN_POINT ( 'NONE',  ( -7.620000000000002771, 2.113865836585302915, -5.103323571721344543 ) ) ;
#4514 = DIRECTION ( 'NONE',  ( 0.9123507013817379052, -0.3354871476563646704, 0.2346584143934491717 ) ) ;
#4515 = CARTESIAN_POINT ( 'NONE',  ( 1.114683531250000081, 1.365093618607580186E-16, 1.046875000341398021 ) ) ;
#4516 = CARTESIAN_POINT ( 'NONE',  ( -3.500000000000000000, 2.172582384445685300, 5.245077857901650376 ) ) ;
#4517 = ORIENTED_EDGE ( 'NONE', *, *, #6146, .F. ) ;
#4518 = CARTESIAN_POINT ( 'NONE',  ( -0.6250000000000000000, -1.082531754730549967, 1.322916667349464115 ) ) ;
#4519 = CARTESIAN_POINT ( 'NONE',  ( 1.114683531250000526, -0.6435628368284300738, 2.276041667008062763 ) ) ;
#4520 = ORIENTED_EDGE ( 'NONE', *, *, #5531, .F. ) ;
#4521 = EDGE_CURVE ( 'NONE', #6867, #1047, #3970, .T. ) ;
#4522 = ORIENTED_EDGE ( 'NONE', *, *, #4083, .F. ) ;
#4523 = CARTESIAN_POINT ( 'NONE',  ( 3.500000000000000000, 3.186447272360809713, -3.186447272360809713 ) ) ;
#4524 = CARTESIAN_POINT ( 'NONE',  ( -7.619999999999999218, 3.281782638116881312, -4.284399589280371679 ) ) ;
#4525 = VECTOR ( 'NONE', #5399, 1000.000000000000000 ) ;
#4526 = CARTESIAN_POINT ( 'NONE',  ( -3.500000000000000444, -5.261021887280353582, 2.179186617653202873 ) ) ;
#4527 = AXIS2_PLACEMENT_3D ( 'NONE', #6056, #3377, #5922 ) ;
#4528 = CARTESIAN_POINT ( 'NONE',  ( -1.250000000000000000, 0.000000000000000000, 2.000000000000000000 ) ) ;
#4529 = EDGE_CURVE ( 'NONE', #2748, #4086, #2426, .T. ) ;
#4530 = DIRECTION ( 'NONE',  ( 0.000000000000000000, 0.000000000000000000, 1.000000000000000000 ) ) ;
#4531 = CARTESIAN_POINT ( 'NONE',  ( -6.559262210269144688, -0.7685011709032841809, -3.927263564894130976 ) ) ;
#4532 = DIRECTION ( 'NONE',  ( 0.000000000000000000, 0.000000000000000000, 1.000000000000000000 ) ) ;
#4533 = CARTESIAN_POINT ( 'NONE',  ( 67.64425812963115447, -0.3111483080083105035, 77.24305442149659484 ) ) ;
#4534 = DIRECTION ( 'NONE',  ( 0.000000000000000000, -1.000000000000000000, 0.000000000000000000 ) ) ;
#4535 =( BOUNDED_CURVE ( )  B_SPLINE_CURVE ( 2, ( #1120, #4767, #5350, #4311, #6433, #3259, #4346 ),
 .UNSPECIFIED., .F., .T. ) 
 B_SPLINE_CURVE_WITH_KNOTS ( ( 3, 2, 2, 3 ),
 ( 0.1666666666666665186, 0.1805555555555554970, 0.1944444444444445030, 0.2083333333333335091 ),
 .UNSPECIFIED. ) 
 CURVE ( )  GEOMETRIC_REPRESENTATION_ITEM ( )  RATIONAL_B_SPLINE_CURVE ( ( 1.000000000000000000, 0.8660254037844389297, 1.000000000000000000, 0.8660254037844389297, 1.000000000000000000, 0.8660254037844389297, 1.000000000000000000 ) ) 
 REPRESENTATION_ITEM ( '' )  );
#4536 = CARTESIAN_POINT ( 'NONE',  ( -1.114683531249999637, -0.6435628368284300738, 0.6927083336747313913 ) ) ;
#4537 = CARTESIAN_POINT ( 'NONE',  ( -7.553639610306789542, -5.166228700122149853, 2.139921993911702902 ) ) ;
#4538 = CARTESIAN_POINT ( 'NONE',  ( 3.500000000000000000, -3.199627467207412757, -3.199627467207417197 ) ) ;
#4539 = ORIENTED_EDGE ( 'NONE', *, *, #5424, .T. ) ;
#4540 = LINE ( 'NONE', #6715, #4495 ) ;
#4541 = EDGE_LOOP ( 'NONE', ( #1706, #846, #2582, #6566 ) ) ;
#4542 = CIRCLE ( 'NONE', #5423, 13.34377777916409968 ) ;
#4543 = CARTESIAN_POINT ( 'NONE',  ( -7.619999999999998330, -3.572668520434957973, 2.076055874270691159 ) ) ;
#4544 = CARTESIAN_POINT ( 'NONE',  ( -3.500000000000001776, -2.165978151238155291, 5.229133828522948946 ) ) ;
#4545 = ORIENTED_EDGE ( 'NONE', *, *, #4521, .T. ) ;
#4546 = CARTESIAN_POINT ( 'NONE',  ( -7.619999999999999218, 2.076125246344178166, -3.572835999436495324 ) ) ;
#4547 = CARTESIAN_POINT ( 'NONE',  ( 3.101010643070036821, 0.000000000000000000, 11.00000000000000000 ) ) ;
#4548 = CARTESIAN_POINT ( 'NONE',  ( -7.612830808016391337, 5.138464418413797752, 2.128421651878568355 ) ) ;
#4549 = CARTESIAN_POINT ( 'NONE',  ( -6.288271236271614661, 4.000000000000000000, -11.94659296667416903 ) ) ;
#4550 = CARTESIAN_POINT ( 'NONE',  ( -3.500000000000000444, -5.261021887280353582, 2.179186617653202873 ) ) ;
#4551 = ORIENTED_EDGE ( 'NONE', *, *, #133, .T. ) ;
#4552 = CARTESIAN_POINT ( 'NONE',  ( 0.6250000000000000000, -1.082531754730548190, 0.3645833340161300229 ) ) ;
#4553 = CARTESIAN_POINT ( 'NONE',  ( 0.5573417656250010399, -0.9653442552426449996, 1.255208333674731946 ) ) ;
#4554 = VERTEX_POINT ( 'NONE', #6797 ) ;
#4555 = EDGE_LOOP ( 'NONE', ( #2478, #5199, #5726, #436 ) ) ;
#4556 = CARTESIAN_POINT ( 'NONE',  ( -0.5573417656250000407, 0.9653442552426449996, -0.4322916663252684977 ) ) ;
#4557 = LINE ( 'NONE', #6537, #5574 ) ;
#4558 = DIRECTION ( 'NONE',  ( -1.000000000000000000, -0.000000000000000000, -0.000000000000000000 ) ) ;
#4559 = B_SPLINE_CURVE_WITH_KNOTS ( 'NONE', 3,
 ( #562, #2182, #5915, #1124, #2810, #600, #5461, #669, #4349, #3933, #629, #4427, #742, #4953, #6473, #1757, #5428, #5022 ),
 .UNSPECIFIED., .F., .F.,
 ( 4, 2, 2, 2, 2, 2, 2, 2, 4 ),
 ( 0.5000000000000000000, 0.5625000000000000000, 0.6250000000000000000, 0.6875000000000000000, 0.7500000000000000000, 0.8125000000000000000, 0.8750000000000001110, 0.9375000000000000000, 1.000000000000000000 ),
 .UNSPECIFIED. ) ;
#4560 = CYLINDRICAL_SURFACE ( 'NONE', #1360, 13.43000000000000149 ) ;
#4561 = CARTESIAN_POINT ( 'NONE',  ( -4.309999999999999609, -8.663812960150583413E-17, -4.000000000000000000 ) ) ;
#4562 = DIRECTION ( 'NONE',  ( 0.000000000000000000, 0.000000000000000000, -1.000000000000000000 ) ) ;
#4563 = AXIS2_PLACEMENT_3D ( 'NONE', #1777, #2931, #5074 ) ;
#4564 = APPLICATION_PROTOCOL_DEFINITION ( 'draft international standard', 'automotive_design', 1998, #981 ) ;
#4565 = FACE_BOUND ( 'NONE', #1202, .T. ) ;
#4566 = CARTESIAN_POINT ( 'NONE',  ( -1.114683531249999637, 0.6435628368284300738, -0.09895833299193490529 ) ) ;
#4567 = CARTESIAN_POINT ( 'NONE',  ( -7.536819805153395890, -5.421010862427522170E-17, 5.450000000000000178 ) ) ;
#4568 = CARTESIAN_POINT ( 'NONE',  ( 3.500000000000000000, 3.199627467207415421, -3.199627467207414089 ) ) ;
#4569 = ORIENTED_EDGE ( 'NONE', *, *, #4791, .F. ) ;
#4570 = DIRECTION ( 'NONE',  ( -0.000000000000000000, 1.000000000000000000, -0.000000000000000000 ) ) ;
#4571 = ORIENTED_EDGE ( 'NONE', *, *, #6682, .F. ) ;
#4572 =( REPRESENTATION_RELATIONSHIP ('NONE','NONE', #728, #685 ) REPRESENTATION_RELATIONSHIP_WITH_TRANSFORMATION ( #1531 )SHAPE_REPRESENTATION_RELATIONSHIP( ) );
#4573 = CARTESIAN_POINT ( 'NONE',  ( -7.619999999999999218, -0.5349999309734521091, -4.099904416784700523 ) ) ;
#4574 = ORIENTED_EDGE ( 'NONE', *, *, #1364, .F. ) ;
#4575 = ADVANCED_FACE ( 'NONE', ( #1046 ), #447, .F. ) ;
#4576 = DIRECTION ( 'NONE',  ( 0.000000000000000000, 0.000000000000000000, 1.000000000000000000 ) ) ;
#4577 = CARTESIAN_POINT ( 'NONE',  ( 1.250000000000001776, 0.7216878364870320528, 1.677083334016129967 ) ) ;
#4578 = CARTESIAN_POINT ( 'NONE',  ( -7.620000000000000107, -5.421010862427522170E-17, 5.383639610306790502 ) ) ;
#4579 = EDGE_CURVE ( 'NONE', #2873, #6688, #1588, .T. ) ;
#4580 = VECTOR ( 'NONE', #1539, 1000.000000000000000 ) ;
#4581 = CARTESIAN_POINT ( 'NONE',  ( -3.499999999999998668, 4.014408795367865324, -4.014408795367875982 ) ) ;
#4582 = PRESENTATION_LAYER_ASSIGNMENT (  '', '', ( #330 ) ) ;
#4583 = VERTEX_POINT ( 'NONE', #6836 ) ;
#4584 = CARTESIAN_POINT ( 'NONE',  ( 0.6250000000000000000, 1.082531754730549967, 0.4479166673494635043 ) ) ;
#4585 = CARTESIAN_POINT ( 'NONE',  ( -1.114683531250000081, 0.000000000000000000, 2.421875000341400241 ) ) ;
#4586 = ORIENTED_EDGE ( 'NONE', *, *, #4304, .F. ) ;
#4587 = VERTEX_POINT ( 'NONE', #5765 ) ;
#4588 = CARTESIAN_POINT ( 'NONE',  ( 3.500000000000000444, 1.066542489069139066, 4.083180194846605993 ) ) ;
#4589 = EDGE_CURVE ( 'NONE', #3890, #3486, #653, .T. ) ;
#4590 = CARTESIAN_POINT ( 'NONE',  ( -7.620000000000000107, -2.981555974335137194E-16, 5.350000000000000533 ) ) ;
#4591 = CARTESIAN_POINT ( 'NONE',  ( -3.500000000000000000, 2.803424741684332311, -4.846167063088818061 ) ) ;
#4592 = DIRECTION ( 'NONE',  ( -1.000000000000000000, -0.000000000000000000, -0.000000000000000000 ) ) ;
#4593 = EDGE_CURVE ( 'NONE', #4899, #4090, #2145, .T. ) ;
#4594 = CARTESIAN_POINT ( 'NONE',  ( -6.651674060918553621, -5.415530575772542043, -0.6306510048615011632 ) ) ;
#4595 = DIRECTION ( 'NONE',  ( 0.000000000000000000, 0.000000000000000000, -1.000000000000000000 ) ) ;
#4596 = AXIS2_PLACEMENT_3D ( 'NONE', #2756, #2195, #645 ) ;
#4597 = APPLICATION_PROTOCOL_DEFINITION ( 'draft international standard', 'automotive_design', 1998, #6735 ) ;
#4598 = ADVANCED_FACE ( 'NONE', ( #2062 ), #2029, .F. ) ;
#4599 = AXIS2_PLACEMENT_3D ( 'NONE', #5778, #5709, #2077 ) ;
#4600 = AXIS2_PLACEMENT_3D ( 'NONE', #6069, #5415, #6592 ) ;
#4601 = CARTESIAN_POINT ( 'NONE',  ( -5.559999999999999609, 0.000000000000000000, -9.600999999999999091 ) ) ;
#4602 = CARTESIAN_POINT ( 'NONE',  ( -0.5573417656249990415, -0.9653442552426459988, 0.4635416670080649837 ) ) ;
#4603 = CARTESIAN_POINT ( 'NONE',  ( 2.364411504516379476E-16, -1.287125673656860148, 1.171875000341399353 ) ) ;
#4604 = ORIENTED_EDGE ( 'NONE', *, *, #261, .F. ) ;
#4605 = CARTESIAN_POINT ( 'NONE',  ( 3.400000000000000355, -2.730182851618403468E-16, 4.000000000000000000 ) ) ;
#4606 = EDGE_CURVE ( 'NONE', #5003, #474, #3316, .T. ) ;
#4607 = DIRECTION ( 'NONE',  ( -0.000000000000000000, 1.000000000000000000, -0.000000000000000000 ) ) ;
#4608 = EDGE_LOOP ( 'NONE', ( #5766, #830, #737, #1697 ) ) ;
#4609 = AXIS2_PLACEMENT_3D ( 'NONE', #6815, #2607, #3240 ) ;
#4610 = DIRECTION ( 'NONE',  ( -0.000000000000000000, -1.000000000000000000, -0.000000000000000000 ) ) ;
#4611 = FACE_OUTER_BOUND ( 'NONE', #2163, .T. ) ;
#4612 = CARTESIAN_POINT ( 'NONE',  ( -7.612830808016392226, 2.128421651878572352, 5.138464418413794199 ) ) ;
#4613 = LINE ( 'NONE', #1953, #4359 ) ;
#4614 = CARTESIAN_POINT ( 'NONE',  ( -0.005481617016667309286, 0.8660080553175490969, 2.000000000000000000 ) ) ;
#4615 = ORIENTED_EDGE ( 'NONE', *, *, #1155, .T. ) ;
#4616 = ADVANCED_FACE ( 'NONE', ( #3187 ), #1469, .T. ) ;
#4617 = EDGE_LOOP ( 'NONE', ( #5308, #1897, #4453, #3484 ) ) ;
#4618 = CARTESIAN_POINT ( 'NONE',  ( -1.249999999999999556, -0.7216878364870319418, -0.4479166659838698106 ) ) ;
#4619 = CARTESIAN_POINT ( 'NONE',  ( -1.114683531249999637, -0.6435628368284300738, 1.692708333674731724 ) ) ;
#4620 = EDGE_LOOP ( 'NONE', ( #2021, #584, #770, #3724 ) ) ;
#4621 =( NAMED_UNIT ( * ) SI_UNIT ( $, .STERADIAN. ) SOLID_ANGLE_UNIT ( ) );
#4622 = CARTESIAN_POINT ( 'NONE',  ( 2.364411504516379476E-16, -1.287125673656860148, 2.171875000341394912 ) ) ;
#4623 = AXIS2_PLACEMENT_3D ( 'NONE', #3419, #1703, #754 ) ;
#4624 = EDGE_CURVE ( 'NONE', #5325, #6215, #5449, .T. ) ;
#4625 = DIRECTION ( 'NONE',  ( -0.000000000000000000, 1.000000000000000000, -0.000000000000000000 ) ) ;
#4626 = CARTESIAN_POINT ( 'NONE',  ( 0.000000000000000000, 3.500000000000000000, 0.000000000000000000 ) ) ;
#4627 = AXIS2_PLACEMENT_3D ( 'NONE', #6158, #5054, #1902 ) ;
#4628 = CARTESIAN_POINT ( 'NONE',  ( -10.96959910844336328, 0.5000000000000000000, 9.482504700765435501 ) ) ;
#4629 = CARTESIAN_POINT ( 'NONE',  ( -3.898989356929962291, 0.000000000000000000, 0.000000000000000000 ) ) ;
#4630 = ORIENTED_EDGE ( 'NONE', *, *, #3563, .T. ) ;
#4631 = APPLICATION_PROTOCOL_DEFINITION ( 'draft international standard', 'automotive_design', 1998, #763 ) ;
#4632 = AXIS2_PLACEMENT_3D ( 'NONE', #5952, #3201, #2223 ) ;
#4634 = CARTESIAN_POINT ( 'NONE',  ( -1.250000000000000000, 0.000000000000000000, -0.7187499993172040691 ) ) ;
#4633 = CIRCLE ( 'NONE', #1612, 6.080000000000000959 ) ;
#4635 = VECTOR ( 'NONE', #6057, 1000.000000000000000 ) ;
#4636 = DIRECTION ( 'NONE',  ( 0.000000000000000000, 0.000000000000000000, 1.000000000000000000 ) ) ;
#4637 = CARTESIAN_POINT ( 'NONE',  ( 0.6250000000000000000, 1.082531754730549967, 1.416666666666665853 ) ) ;
#4638 = CARTESIAN_POINT ( 'NONE',  ( -1.114683531250000081, 0.000000000000000000, 0.1718750003413984928 ) ) ;
#4639 = CARTESIAN_POINT ( 'NONE',  ( 1.114683531250000081, 1.365093618607580186E-16, 1.734375000341400019 ) ) ;
#4640 = EDGE_LOOP ( 'NONE', ( #3502, #1760, #2186, #5657 ) ) ;
#4641 = CARTESIAN_POINT ( 'NONE',  ( -7.520000000000000462, 3.066111984555161510E-16, 5.450000000000000178 ) ) ;
#4642 = CARTESIAN_POINT ( 'NONE',  ( -7.519999999999999574, 3.895890706673262205, -1.046991537437120590 ) ) ;
#4643 = ORIENTED_EDGE ( 'NONE', *, *, #2826, .F. ) ;
#4644 = FACE_OUTER_BOUND ( 'NONE', #3076, .T. ) ;
#4645 = DIRECTION ( 'NONE',  ( 0.000000000000000000, -1.224646799147352961E-16, 1.000000000000000000 ) ) ;
#4646 = DIRECTION ( 'NONE',  ( -1.000000000000000000, -0.000000000000000000, -0.000000000000000000 ) ) ;
#4647 = CARTESIAN_POINT ( 'NONE',  ( -7.520000000000000462, -0.7133073313039065555, 5.450000000000000178 ) ) ;
#4648 = DIRECTION ( 'NONE',  ( 0.000000000000000000, 0.000000000000000000, 1.000000000000000000 ) ) ;
#4649 = VERTEX_POINT ( 'NONE', #973 ) ;
#4650 = DIRECTION ( 'NONE',  ( -0.000000000000000000, -1.000000000000000000, -0.000000000000000000 ) ) ;
#4651 = VERTEX_POINT ( 'NONE', #4939 ) ;
#4652 = CARTESIAN_POINT ( 'NONE',  ( -0.6250000000000000000, -1.082531754730549967, 0.07291666734946310180 ) ) ;
#4653 = CARTESIAN_POINT ( 'NONE',  ( 1.114683531249999637, 0.6435628368284300738, 1.317708333674732391 ) ) ;
#4654 = ORIENTED_EDGE ( 'NONE', *, *, #1305, .T. ) ;
#4655 = CARTESIAN_POINT ( 'NONE',  ( 0.000000000000000000, 0.000000000000000000, 1.000000000000000000 ) ) ;
#4656 = CARTESIAN_POINT ( 'NONE',  ( -1.114683531249999415, -0.6435628368284300738, 1.380208333674730392 ) ) ;
#4657 = CARTESIAN_POINT ( 'NONE',  ( 0.7408943008204175174, 1.440928865509549128, 1.000000000000000000 ) ) ;
#4658 = VECTOR ( 'NONE', #5832, 1000.000000000000114 ) ;
#4659 = CARTESIAN_POINT ( 'NONE',  ( -3.500000000000000888, -4.444574585296256153, 3.404450358191699610 ) ) ;
#4660 = CARTESIAN_POINT ( 'NONE',  ( -6.190893065405956186, -5.339975298824515271, 1.091466450900871576 ) ) ;
#4661 = DIRECTION ( 'NONE',  ( 0.000000000000000000, 1.000000000000000000, -0.000000000000000000 ) ) ;
#4662 = ORIENTED_EDGE ( 'NONE', *, *, #1259, .F. ) ;
#4663 = EDGE_CURVE ( 'NONE', #1606, #4284, #2763, .T. ) ;
#4664 = CARTESIAN_POINT ( 'NONE',  ( -1.114683531250000081, 0.000000000000000000, 1.609375000341400019 ) ) ;
#4665 = EDGE_CURVE ( 'NONE', #328, #1497, #2026, .T. ) ;
#4666 = CARTESIAN_POINT ( 'NONE',  ( 18.25000000000000355, 4.000000000000000000, -2.499999999999998668 ) ) ;
#4667 = CARTESIAN_POINT ( 'NONE',  ( 1.250000000000001776, -0.7216878364870319418, 0.6041666666666671848 ) ) ;
#4668 = CARTESIAN_POINT ( 'NONE',  ( -1.114683531249999637, -0.6435628368284300738, 0.4427083336747321685 ) ) ;
#4669 = CARTESIAN_POINT ( 'NONE',  ( 0.5573417656250000407, 0.9653442552426449996, 1.526041667008064984 ) ) ;
#4670 = EDGE_LOOP ( 'NONE', ( #4911, #4439, #5899, #5868, #6387, #1782 ) ) ;
#4671 = B_SPLINE_CURVE_WITH_KNOTS ( 'NONE', 3,
 ( #137, #3353, #4447, #2271, #6560, #2927, #5070, #5676, #5646, #2991, #1979, #793, #3490, #822, #3522, #275, #333, #886 ),
 .UNSPECIFIED., .F., .F.,
 ( 4, 2, 2, 2, 2, 2, 2, 2, 4 ),
 ( 0.5000000000000000000, 0.5625000000000000000, 0.6250000000000000000, 0.6875000000000000000, 0.7500000000000000000, 0.8125000000000000000, 0.8750000000000000000, 0.9375000000000000000, 1.000000000000000000 ),
 .UNSPECIFIED. ) ;
#4672 = CARTESIAN_POINT ( 'NONE',  ( 1.224021599907470836, -1.559285812589074505, 1.000000000000000000 ) ) ;
#4673 = CARTESIAN_POINT ( 'NONE',  ( 1.250000000000000000, 1.530808498934190091E-16, 1.406250000682796042 ) ) ;
#4674 = VERTEX_POINT ( 'NONE', #939 ) ;
#4675 = CARTESIAN_POINT ( 'NONE',  ( 0.000000000000000000, 0.000000000000000000, 0.000000000000000000 ) ) ;
#4676 = CARTESIAN_POINT ( 'NONE',  ( -9.904545454545443661, 3.500000000000000000, -4.785392286829072361 ) ) ;
#4677 = CARTESIAN_POINT ( 'NONE',  ( 9.904545454545443661, 0.5000000000000000000, 4.785392286829072361 ) ) ;
#4678 = DIRECTION ( 'NONE',  ( 0.000000000000000000, 1.000000000000000000, 0.000000000000000000 ) ) ;
#4679 = ADVANCED_FACE ( 'NONE', ( #4726 ), #104, .F. ) ;
#4680 = DIRECTION ( 'NONE',  ( 0.000000000000000000, 0.000000000000000000, -1.000000000000000000 ) ) ;
#4681 = ORIENTED_EDGE ( 'NONE', *, *, #3494, .F. ) ;
#4682 = EDGE_CURVE ( 'NONE', #3826, #5069, #2586, .T. ) ;
#4683 = CARTESIAN_POINT ( 'NONE',  ( -7.590710678118655075, 9.757819552369539906E-16, -4.007169191983609657 ) ) ;
#4684 = CARTESIAN_POINT ( 'NONE',  ( -1.247781088913175962, -4.165504559340670266E-12, 2.248718911086835082 ) ) ;
#4685 = CARTESIAN_POINT ( 'NONE',  ( -1.249999999999999556, 0.7216878364870319418, -0.2395833326505366068 ) ) ;
#4686 = CARTESIAN_POINT ( 'NONE',  ( -1.114683531249999637, -0.6435628368284300738, -0.05729166632526804664 ) ) ;
#4687 = ORIENTED_EDGE ( 'NONE', *, *, #3952, .F. ) ;
#4688 = CARTESIAN_POINT ( 'NONE',  ( 3.500000000000001332, -8.674464412831290758E-16, -4.524956558666200834 ) ) ;
#4689 = MECHANICAL_DESIGN_GEOMETRIC_PRESENTATION_REPRESENTATION (  '', ( #2896 ), #6037 ) ;
#4690 = CARTESIAN_POINT ( 'NONE',  ( 1.114683531249999415, 0.6435628368284300738, 1.255208333674731280 ) ) ;
#4691 = CARTESIAN_POINT ( 'NONE',  ( -3.500000000000000444, -3.252606517456513302E-16, 5.550000000000000711 ) ) ;
#4692 =( LENGTH_UNIT ( ) NAMED_UNIT ( * ) SI_UNIT ( .MILLI., .METRE. ) );
#4693 = FACE_BOUND ( 'NONE', #6798, .T. ) ;
#4694 = DIRECTION ( 'NONE',  ( 0.000000000000000000, 0.000000000000000000, 1.000000000000000000 ) ) ;
#4695 = ORIENTED_EDGE ( 'NONE', *, *, #4250, .F. ) ;
#4696 = CARTESIAN_POINT ( 'NONE',  ( -1.114683531249999637, -0.6435628368284300738, 2.130208333674730170 ) ) ;
#4697 = DIRECTION ( 'NONE',  ( -0.000000000000000000, -1.000000000000000000, -0.000000000000000000 ) ) ;
#4698 =( REPRESENTATION_RELATIONSHIP ('NONE','NONE', #6877, #1356 ) REPRESENTATION_RELATIONSHIP_WITH_TRANSFORMATION ( #6869 )SHAPE_REPRESENTATION_RELATIONSHIP( ) );
#4699 = PRODUCT_DEFINITION_SHAPE ( 'NONE', 'NONE',  #6900 ) ;
#4700 = CARTESIAN_POINT ( 'NONE',  ( 1.249999999999999556, 0.7216878364870319418, -0.1041666666666664770 ) ) ;
#4701 = CARTESIAN_POINT ( 'NONE',  ( -7.520000000000000462, -1.084202172485504434E-16, 4.000000000000000000 ) ) ;
#4702 = ADVANCED_FACE ( 'NONE', ( #5210 ), #5241, .T. ) ;
#4703 = CARTESIAN_POINT ( 'NONE',  ( -1.114683531249999637, 0.6435628368284300738, 1.088541667008064318 ) ) ;
#4704 = ORIENTED_EDGE ( 'NONE', *, *, #568, .F. ) ;
#4705 = DIRECTION ( 'NONE',  ( 0.000000000000000000, 0.000000000000000000, -1.000000000000000000 ) ) ;
#4706 = CARTESIAN_POINT ( 'NONE',  ( 1.249999999999996891, 0.7216878364870320528, 1.427083334016129745 ) ) ;
#4707 = EDGE_CURVE ( 'NONE', #233, #2314, #486, .T. ) ;
#4708 = ORIENTED_EDGE ( 'NONE', *, *, #2187, .F. ) ;
#4709 = CARTESIAN_POINT ( 'NONE',  ( -7.620000000000001883, 5.087379542342648442, -2.107261603377754700 ) ) ;
#4710 = DIRECTION ( 'NONE',  ( 0.000000000000000000, 0.000000000000000000, 1.000000000000000000 ) ) ;
#4711 =( BOUNDED_CURVE ( )  B_SPLINE_CURVE ( 2, ( #5762, #1465, #5175, #968, #904, #5207, #1994 ),
 .UNSPECIFIED., .F., .T. ) 
 B_SPLINE_CURVE_WITH_KNOTS ( ( 3, 2, 2, 3 ),
 ( 0.3333333333333335369, 0.3472222222222220434, 0.3611111111111109939, 0.3750000000000000000 ),
 .UNSPECIFIED. ) 
 CURVE ( )  GEOMETRIC_REPRESENTATION_ITEM ( )  RATIONAL_B_SPLINE_CURVE ( ( 1.000000000000000000, 0.8660254037844389297, 1.000000000000000000, 0.8660254037844389297, 1.000000000000000000, 0.8660254037844389297, 1.000000000000000000 ) ) 
 REPRESENTATION_ITEM ( '' )  );
#4712 = DIRECTION ( 'NONE',  ( 0.000000000000000000, 1.000000000000000000, -0.000000000000000000 ) ) ;
#4713 = CARTESIAN_POINT ( 'NONE',  ( -7.536819805153395890, 5.591885649938925340, 2.497483160617360109E-15 ) ) ;
#4714 = LINE ( 'NONE', #5166, #4730 ) ;
#4715 = VERTEX_POINT ( 'NONE', #6874 ) ;
#4716 = CARTESIAN_POINT ( 'NONE',  ( 0.000000000000000000, 1.175660927181458842E-15, -9.599999999999999645 ) ) ;
#4717 = CARTESIAN_POINT ( 'NONE',  ( -18.25000000000000000, 0.000000000000000000, 0.000000000000000000 ) ) ;
#4718 = DIRECTION ( 'NONE',  ( -0.8849019005169601604, 0.000000000000000000, -0.4657774430578104363 ) ) ;
#4719 = CARTESIAN_POINT ( 'NONE',  ( 1.114683531249999637, 0.6435628368284300738, -0.1822916663252680813 ) ) ;
#4720 = EDGE_LOOP ( 'NONE', ( #6733, #1559, #1930, #2531 ) ) ;
#4721 = PRESENTATION_STYLE_ASSIGNMENT (( #4269 ) ) ;
#4722 = CARTESIAN_POINT ( 'NONE',  ( 0.5573417656250000407, 0.9653442552426449996, 2.276041667008064984 ) ) ;
#4723 = CARTESIAN_POINT ( 'NONE',  ( -5.469766794482564087, 3.500000000000000000, -10.39923801121870106 ) ) ;
#4724 = FACE_OUTER_BOUND ( 'NONE', #3738, .T. ) ;
#4725 = CARTESIAN_POINT ( 'NONE',  ( 0.9964999999999999414, 1.375149017705900141E-16, 2.500000000000000000 ) ) ;
#4726 = FACE_OUTER_BOUND ( 'NONE', #699, .T. ) ;
#4727 = ORIENTED_EDGE ( 'NONE', *, *, #4606, .T. ) ;
#4728 = CARTESIAN_POINT ( 'NONE',  ( -7.553639610306790431, -1.084202172485504434E-16, 4.000000000000000000 ) ) ;
#4729 = CARTESIAN_POINT ( 'NONE',  ( -7.519999999999998685, -2.744723443021398257, 4.762135816530704169 ) ) ;
#4730 = VECTOR ( 'NONE', #6269, 1000.000000000000000 ) ;
#4731 = CARTESIAN_POINT ( 'NONE',  ( -1.114683531249999637, -0.6435628368284300738, 1.630208333674730836 ) ) ;
#4732 = ADVANCED_FACE ( 'NONE', ( #4235 ), #6356, .F. ) ;
#4733 = CARTESIAN_POINT ( 'NONE',  ( -3.529289321881348140, -3.959261623634326988, 3.959261623634299010 ) ) ;
#4734 = CARTESIAN_POINT ( 'NONE',  ( 0.000000000000000000, -0.5000000000000000000, 13.43000000000000149 ) ) ;
#4735 = CARTESIAN_POINT ( 'NONE',  ( -7.620000000000000107, -3.281642969415249578, -4.284259920580241854 ) ) ;
#4736 = CARTESIAN_POINT ( 'NONE',  ( 0.7527257842952910227, -0.4282568080685234535, 2.000000000000000000 ) ) ;
#4737 = CARTESIAN_POINT ( 'NONE',  ( 1.114683531250000081, 1.365093618607580186E-16, 1.234375000341400019 ) ) ;
#4738 = EDGE_LOOP ( 'NONE', ( #6169, #874 ) ) ;
#4739 = CIRCLE ( 'NONE', #2947, 9.599999999999999645 ) ;
#4740 = DIRECTION ( 'NONE',  ( 0.8691728683777160125, -0.4945083668413039479, 0.000000000000000000 ) ) ;
#4741 = CARTESIAN_POINT ( 'NONE',  ( -0.5573417656250000407, 0.9653442552426449996, 1.880208333674729948 ) ) ;
#4742 = LINE ( 'NONE', #6851, #5912 ) ;
#4743 = CIRCLE ( 'NONE', #3964, 13.50049772884731247 ) ;
#4744 = VERTEX_POINT ( 'NONE', #2272 ) ;
#4745 = CARTESIAN_POINT ( 'NONE',  ( 3.400000000000000355, 3.895890706673262205, 1.046991537437120812 ) ) ;
#4746 = CARTESIAN_POINT ( 'NONE',  ( -7.620000000000001883, -3.893711730015262162, 3.893711730015236405 ) ) ;
#4747 = DIRECTION ( 'NONE',  ( -1.000000000000000000, -0.000000000000000000, -0.000000000000000000 ) ) ;
#4748 = CARTESIAN_POINT ( 'NONE',  ( -7.620000000000000107, 0.000000000000000000, 0.000000000000000000 ) ) ;
#4749 = CARTESIAN_POINT ( 'NONE',  ( -0.1987297834735686497, 1.207033558824625707, 0.9999999999999981126 ) ) ;
#4750 = CARTESIAN_POINT ( 'NONE',  ( -3.583180194846607325, 2.139921993911734877, -5.166228700122144524 ) ) ;
#4751 = ORIENTED_EDGE ( 'NONE', *, *, #6637, .F. ) ;
#4752 = LINE ( 'NONE', #2127, #5061 ) ;
#4753 =( BOUNDED_CURVE ( )  B_SPLINE_CURVE ( 2, ( #6648, #5635, #5153, #781, #841, #5703, #913 ),
 .UNSPECIFIED., .F., .T. ) 
 B_SPLINE_CURVE_WITH_KNOTS ( ( 3, 2, 2, 3 ),
 ( 0.3750000000000000000, 0.3888888888888890061, 0.4027777777777775126, 0.4166666666666665186 ),
 .UNSPECIFIED. ) 
 CURVE ( )  GEOMETRIC_REPRESENTATION_ITEM ( )  RATIONAL_B_SPLINE_CURVE ( ( 1.000000000000000000, 0.8660254037844389297, 1.000000000000000000, 0.8660254037844389297, 1.000000000000000000, 0.8660254037844389297, 1.000000000000000000 ) ) 
 REPRESENTATION_ITEM ( '' )  );
#4754 =( LENGTH_UNIT ( ) NAMED_UNIT ( * ) SI_UNIT ( .MILLI., .METRE. ) );
#4755 = CARTESIAN_POINT ( 'NONE',  ( 1.114504422273973283, 0.1496233947699377453, 0.9999999999999991118 ) ) ;
#4756 = CARTESIAN_POINT ( 'NONE',  ( 0.5573417656250010399, -0.9653442552426449996, 0.5052083336747319464 ) ) ;
#4757 = VERTEX_POINT ( 'NONE', #1744 ) ;
#4758 = MECHANICAL_DESIGN_GEOMETRIC_PRESENTATION_REPRESENTATION (  '', ( #1181 ), #6547 ) ;
#4759 = CARTESIAN_POINT ( 'NONE',  ( 1.114683531250000081, 1.365093618607580186E-16, 1.484375000341400019 ) ) ;
#4760 = PRODUCT_DEFINITION_SHAPE ( 'NONE', 'NONE',  #6894 ) ;
#4761 = FACE_OUTER_BOUND ( 'NONE', #1284, .T. ) ;
#4762 = CARTESIAN_POINT ( 'NONE',  ( -3.500000000000000000, -1.444436947682065320, -5.409078238464340771 ) ) ;
#4763 = PLANE ( 'NONE',  #581 ) ;
#4764 = DIRECTION ( 'NONE',  ( 0.000000000000000000, 0.000000000000000000, 1.000000000000000000 ) ) ;
#4765 = ORIENTED_EDGE ( 'NONE', *, *, #6618, .F. ) ;
#4766 = CARTESIAN_POINT ( 'NONE',  ( -18.25000000000000000, 4.000000000000000000, 0.000000000000000000 ) ) ;
#4767 = CARTESIAN_POINT ( 'NONE',  ( -1.249999999999999556, 0.7216878364870320528, 1.979166666666664742 ) ) ;
#4768 = CARTESIAN_POINT ( 'NONE',  ( -0.5573417656249990415, -0.9653442552426459988, 2.151041667008065428 ) ) ;
#4769 = CARTESIAN_POINT ( 'NONE',  ( -3.566360389693209676, -6.407237837722409427E-15, -5.591885649938923564 ) ) ;
#4770 = CARTESIAN_POINT ( 'NONE',  ( -7.553639610306790431, -1.084202172485504434E-16, 4.000000000000000000 ) ) ;
#4771 = PRODUCT_DEFINITION ( 'UNKNOWN', '', #4338, #1785 ) ;
#4772 = CARTESIAN_POINT ( 'NONE',  ( -7.620000000000000107, -5.349901239314370116, -0.7089572450984235052 ) ) ;
#4773 = CARTESIAN_POINT ( 'NONE',  ( -6.191907009803228945, 1.091004913518453634, -3.848904428241979758 ) ) ;
#4774 = CIRCLE ( 'NONE', #5652, 9.597803391643314086 ) ;
#4775 = CARTESIAN_POINT ( 'NONE',  ( -7.881371681721266152E-17, 1.287125673656860148, -0.4531249996586013684 ) ) ;
#4776 = EDGE_LOOP ( 'NONE', ( #4571, #2126 ) ) ;
#4777 = CARTESIAN_POINT ( 'NONE',  ( -3.499999999999999556, 7.047314121155778821E-16, -5.549999999999998934 ) ) ;
#4778 = CARTESIAN_POINT ( 'NONE',  ( -0.5785928339367314432, 0.9530749452322997417, 2.381002694724151603 ) ) ;
#4779 = DIRECTION ( 'NONE',  ( -1.000000000000000000, -0.000000000000000000, -0.000000000000000000 ) ) ;
#4780 = DIRECTION ( 'NONE',  ( 0.000000000000000000, 0.000000000000000000, -1.000000000000000000 ) ) ;
#4781 = CARTESIAN_POINT ( 'NONE',  ( -7.536819805153397667, -5.591885649938929781, 2.274001740570571689E-14 ) ) ;
#4782 = CARTESIAN_POINT ( 'NONE',  ( -7.620000000000001883, -0.7002191233900735279, 5.350000000000000533 ) ) ;
#4783 = LINE ( 'NONE', #3022, #3852 ) ;
#4784 = CARTESIAN_POINT ( 'NONE',  ( 0.000000000000000000, 3.500000000000000000, 0.000000000000000000 ) ) ;
#4785 = CARTESIAN_POINT ( 'NONE',  ( -7.536819805153397667, -2.139921993911723330, 5.166228700122148965 ) ) ;
#4786 = EDGE_CURVE ( 'NONE', #961, #3977, #454, .T. ) ;
#4787 = CARTESIAN_POINT ( 'NONE',  ( -0.8442789685904836805, 0.7337461909264625382, 2.381737638304654237 ) ) ;
#4788 = ORIENTED_EDGE ( 'NONE', *, *, #5821, .T. ) ;
#4789 = LINE ( 'NONE', #2617, #2930 ) ;
#4790 = DIRECTION ( 'NONE',  ( -0.000000000000000000, 1.000000000000000000, -0.000000000000000000 ) ) ;
#4791 = EDGE_CURVE ( 'NONE', #1822, #6337, #2819, .T. ) ;
#4792 = FACE_OUTER_BOUND ( 'NONE', #3707, .T. ) ;
#4793 = CARTESIAN_POINT ( 'NONE',  ( -0.5573417656249990415, -0.9653442552426459988, 0.9635416670080649837 ) ) ;
#4794 = VERTEX_POINT ( 'NONE', #4253 ) ;
#4795 = UNCERTAINTY_MEASURE_WITH_UNIT (LENGTH_MEASURE( 1.000000000000000082E-05 ), #1680, 'distance_accuracy_value', 'NONE');
#4796 = CARTESIAN_POINT ( 'NONE',  ( -1.114683531249999637, 0.6435628368284300738, 2.338541667008065428 ) ) ;
#4797 = DIRECTION ( 'NONE',  ( -1.000000000000000000, -0.000000000000000000, -0.000000000000000000 ) ) ;
#4798 = ORIENTED_EDGE ( 'NONE', *, *, #2716, .F. ) ;
#4799 = CARTESIAN_POINT ( 'NONE',  ( 0.000000000000000000, 0.5000000000000000000, 0.000000000000000000 ) ) ;
#4800 = CARTESIAN_POINT ( 'NONE',  ( -7.520000000000000462, -1.426525969758073664, 5.308151087842320592 ) ) ;
#4802 = CARTESIAN_POINT ( 'NONE',  ( 1.114683531250000526, -0.6435628368284300738, 0.9635416670080652057 ) ) ;
#4801 = COLOUR_RGB ( '',0.7803921568627451011, 0.7607843137254901578, 0.7411764705882353255 ) ;
#4803 = EDGE_CURVE ( 'NONE', #3910, #616, #5378, .T. ) ;
#4804 = CARTESIAN_POINT ( 'NONE',  ( -3.529289321881344144, 3.959261623634302563, -3.959261623634313665 ) ) ;
#4805 = LINE ( 'NONE', #1052, #4177 ) ;
#4806 = CARTESIAN_POINT ( 'NONE',  ( -7.619999999999998330, -0.7089572450984393814, -5.350098760685628285 ) ) ;
#4807 = CARTESIAN_POINT ( 'NONE',  ( -7.553639610306790431, -3.134446499564913946, 3.134446499564881083 ) ) ;
#4808 = AXIS2_PLACEMENT_3D ( 'NONE', #4378, #6563, #2371 ) ;
#4809 = CARTESIAN_POINT ( 'NONE',  ( -1.114683531249999637, -0.6435628368284300738, 0.6302083336747319464 ) ) ;
#4810 = ORIENTED_EDGE ( 'NONE', *, *, #6227, .F. ) ;
#4811 = DIRECTION ( 'NONE',  ( -0.000000000000000000, -1.000000000000000000, -0.000000000000000000 ) ) ;
#4812 = EDGE_CURVE ( 'NONE', #3257, #6201, #5493, .T. ) ;
#4813 = CARTESIAN_POINT ( 'NONE',  ( -1.114683531250000081, 0.000000000000000000, 2.171875000341400241 ) ) ;
#4814 = DIRECTION ( 'NONE',  ( 1.000000000000000000, -0.000000000000000000, -0.000000000000000000 ) ) ;
#4815 = CARTESIAN_POINT ( 'NONE',  ( 7.764260706594219398E-16, -4.500000000000000888, -12.67999999999999972 ) ) ;
#4816 = DIRECTION ( 'NONE',  ( 0.000000000000000000, -1.000000000000000000, 0.000000000000000000 ) ) ;
#4817 = CARTESIAN_POINT ( 'NONE',  ( 0.000000000000000000, 0.000000000000000000, 8.799999999999998934 ) ) ;
#4818 = CARTESIAN_POINT ( 'NONE',  ( 0.000000000000000000, 3.500000000000000000, -4.785392286829072361 ) ) ;
#4819 = EDGE_CURVE ( 'NONE', #2337, #4047, #3814, .T. ) ;
#4820 = DIRECTION ( 'NONE',  ( -0.000000000000000000, 1.000000000000000000, -0.000000000000000000 ) ) ;
#4821 = DIRECTION ( 'NONE',  ( -1.000000000000000000, -0.000000000000000000, -0.000000000000000000 ) ) ;
#4822 = AXIS2_PLACEMENT_3D ( 'NONE', #4292, #5992, #6415 ) ;
#4823 = PRODUCT_DEFINITION_SHAPE ( 'NONE', 'NONE',  #4771 ) ;
#4824 = VECTOR ( 'NONE', #2500, 1000.000000000000000 ) ;
#4825 = CARTESIAN_POINT ( 'NONE',  ( -1.039003733587095857, 0.4046192197983853323, 2.381846857751686475 ) ) ;
#4826 = ORIENTED_EDGE ( 'NONE', *, *, #4819, .T. ) ;
#4827 = CARTESIAN_POINT ( 'NONE',  ( -1.249999999999999556, -0.7216878364870319418, 2.270833333333335258 ) ) ;
#4828 = CARTESIAN_POINT ( 'NONE',  ( -4.343117368256946165, 0.3294133629467019264, -3.989320012856211850 ) ) ;
#4829 = CARTESIAN_POINT ( 'NONE',  ( -3.308954545963465943, 0.000000000000000000, 0.000000000000000000 ) ) ;
#4830 = CARTESIAN_POINT ( 'NONE',  ( -1.114683531249999637, 0.6435628368284300738, 0.4010416670080650947 ) ) ;
#4831 = VERTEX_POINT ( 'NONE', #1099 ) ;
#4832 =( LENGTH_UNIT ( ) NAMED_UNIT ( * ) SI_UNIT ( .MILLI., .METRE. ) );
#4833 = CIRCLE ( 'NONE', #1809, 0.9964999999999999414 ) ;
#4834 = ITEM_DEFINED_TRANSFORMATION ( 'NONE', 'NONE', #3573,  #1443 ) ;
#4835 = CARTESIAN_POINT ( 'NONE',  ( 2.364411504516379476E-16, -1.287125673656860148, 2.171875000341394912 ) ) ;
#4836 = PRODUCT ( 'BEARING ASSEMBLY', 'BEARING ASSEMBLY', '', ( #839 ) ) ;
#4837 =( NAMED_UNIT ( * ) SI_UNIT ( $, .STERADIAN. ) SOLID_ANGLE_UNIT ( ) );
#4838 = CIRCLE ( 'NONE', #6813, 6.080000000000000959 ) ;
#4839 = DIRECTION ( 'NONE',  ( 0.000000000000000000, -0.000000000000000000, -1.000000000000000000 ) ) ;
#4840 = ORIENTED_EDGE ( 'NONE', *, *, #1035, .T. ) ;
#4841 = FACE_OUTER_BOUND ( 'NONE', #2850, .T. ) ;
#4842 = APPLICATION_CONTEXT ( 'automotive_design' ) ;
#4843 = CARTESIAN_POINT ( 'NONE',  ( -7.520000000000000462, -2.744723443021400477, -4.762135816530705945 ) ) ;
#4844 = CARTESIAN_POINT ( 'NONE',  ( -1.114683531249999637, 0.6435628368284300738, 0.08854166700806484491 ) ) ;
#4845 = CARTESIAN_POINT ( 'NONE',  ( -3.583180194846605993, -2.139921993911722442, 5.166228700122149853 ) ) ;
#4846 = CARTESIAN_POINT ( 'NONE',  ( -7.620000000000000107, -2.168404344971008868E-16, 4.100000000000000533 ) ) ;
#4847 = CARTESIAN_POINT ( 'NONE',  ( -1.250000000000000000, 0.000000000000000000, -0.2500000000000000000 ) ) ;
#4848 = CARTESIAN_POINT ( 'NONE',  ( -7.520000000000000462, 3.954060262691558414, 3.954060262691561078 ) ) ;
#4849 = CARTESIAN_POINT ( 'NONE',  ( 0.000000000000000000, -4.000000000000000000, -11.30000000000000071 ) ) ;
#4850 = CARTESIAN_POINT ( 'NONE',  ( -1.114683531250000081, 0.000000000000000000, 0.1093750003413984095 ) ) ;
#4851 = ORIENTED_EDGE ( 'NONE', *, *, #6334, .F. ) ;
#4852 = DIRECTION ( 'NONE',  ( 0.000000000000000000, 0.000000000000000000, -1.000000000000000000 ) ) ;
#4853 = CARTESIAN_POINT ( 'NONE',  ( 2.364411504516379476E-16, -1.287125673656860148, 1.484375000341398243 ) ) ;
#4854 = CARTESIAN_POINT ( 'NONE',  ( 0.000000000000000000, 0.000000000000000000, 0.000000000000000000 ) ) ;
#4855 = ORIENTED_EDGE ( 'NONE', *, *, #791, .F. ) ;
#4856 = LINE ( 'NONE', #5924, #4499 ) ;
#4857 = CARTESIAN_POINT ( 'NONE',  ( -4.309999999999999609, -2.756705706076136994E-16, -5.450000000000000178 ) ) ;
#4858 = CARTESIAN_POINT ( 'NONE',  ( 3.400000000000000355, 7.589415207398531038E-16, 4.000000000000000888 ) ) ;
#4859 = CARTESIAN_POINT ( 'NONE',  ( 0.000000000000000000, 0.000000000000000000, 2.500000000000000000 ) ) ;
#4860 = CARTESIAN_POINT ( 'NONE',  ( -0.9964999999999999414, 0.000000000000000000, 2.500000000000000000 ) ) ;
#4861 = AXIS2_PLACEMENT_3D ( 'NONE', #1513, #3121, #2642 ) ;
#4862 = AXIS2_PLACEMENT_3D ( 'NONE', #4601, #812, #1410 ) ;
#4863 = CARTESIAN_POINT ( 'NONE',  ( -3.583180194846605549, -5.166228700122151629, 2.139921993911703346 ) ) ;
#4864 = VERTEX_POINT ( 'NONE', #3125 ) ;
#4865 = CARTESIAN_POINT ( 'NONE',  ( 1.249999999999999556, 0.7216878364870319418, 1.895833333333334814 ) ) ;
#4866 = SURFACE_STYLE_FILL_AREA ( #3809 ) ;
#4867 = PLANE ( 'NONE',  #5452 ) ;
#4868 = CARTESIAN_POINT ( 'NONE',  ( -7.620000000000001883, -3.881508698238517852, 3.881508698238492538 ) ) ;
#4869 = ORIENTED_EDGE ( 'NONE', *, *, #4529, .F. ) ;
#4870 = CARTESIAN_POINT ( 'NONE',  ( -7.881371681721266152E-17, 1.287125673656860148, 2.046875000341400685 ) ) ;
#4871 = DIRECTION ( 'NONE',  ( -1.000000000000000000, 0.000000000000000000, 0.000000000000000000 ) ) ;
#4872 = VERTEX_POINT ( 'NONE', #6411 ) ;
#4873 = CARTESIAN_POINT ( 'NONE',  ( 0.6250000000000000000, -1.082531754730548190, 2.114583334016129967 ) ) ;
#4874 = CARTESIAN_POINT ( 'NONE',  ( 3.400000000000000355, -2.730182851618403468E-16, 4.000000000000000000 ) ) ;
#4875 = CARTESIAN_POINT ( 'NONE',  ( -1.114683531249999637, 0.6435628368284300738, -0.1614583329919351273 ) ) ;
#4876 = CARTESIAN_POINT ( 'NONE',  ( -7.620000000000000107, -2.168404344971008868E-16, 4.066360389693210564 ) ) ;
#4877 = ADVANCED_FACE ( 'NONE', ( #611 ), #5365, .T. ) ;
#4878 = FACE_BOUND ( 'NONE', #2691, .T. ) ;
#4879 = CARTESIAN_POINT ( 'NONE',  ( 0.4483235133146971085, -1.111309389705409822, 2.298246723736083741 ) ) ;
#4880 = DIRECTION ( 'NONE',  ( -1.000000000000000000, -0.000000000000000000, -0.000000000000000000 ) ) ;
#4881 = CARTESIAN_POINT ( 'NONE',  ( -0.5573417656250000407, 0.9653442552426449996, 0.06770833367473159947 ) ) ;
#4882 = ORIENTED_EDGE ( 'NONE', *, *, #5896, .F. ) ;
#4883 = EDGE_CURVE ( 'NONE', #2534, #3546, #4856, .T. ) ;
#4884 = CARTESIAN_POINT ( 'NONE',  ( 0.000000000000000000, 0.000000000000000000, 2.500000000000000000 ) ) ;
#4885 = EDGE_CURVE ( 'NONE', #5973, #2674, #6625, .T. ) ;
#4886 = ADVANCED_FACE ( 'NONE', ( #3307 ), #3088, .T. ) ;
#4887 = CARTESIAN_POINT ( 'NONE',  ( -7.881371681721266152E-17, 1.287125673656860148, 1.359375000341397355 ) ) ;
#4888 = DIRECTION ( 'NONE',  ( -1.000000000000000000, -0.000000000000000000, -0.000000000000000000 ) ) ;
#4889 = FACE_OUTER_BOUND ( 'NONE', #395, .T. ) ;
#4890 = CIRCLE ( 'NONE', #5545, 6.080000000000000959 ) ;
#4891 = CARTESIAN_POINT ( 'NONE',  ( 0.5573417656250000407, 0.9653442552426449996, 2.088541667008065428 ) ) ;
#4892 = CARTESIAN_POINT ( 'NONE',  ( -7.590710678118653298, -3.948858901748817374, -3.948858901748797390 ) ) ;
#4893 = CARTESIAN_POINT ( 'NONE',  ( 3.416819805153394896, 7.589415207398531038E-16, 4.000000000000000888 ) ) ;
#4894 = CARTESIAN_POINT ( 'NONE',  ( 0.5511560833809387994, 1.027190074181909329, 1.000000000000000444 ) ) ;
#4895 = EDGE_CURVE ( 'NONE', #5754, #328, #1130, .T. ) ;
#4896 = B_SPLINE_SURFACE_WITH_KNOTS ( 'NONE', 5, 3, ( 
 ( #3195, #4280, #5879, #455, #3116, #5248, #3080, #6881, #6843, #3609, #3755 ),
 ( #10, #421, #5215, #4242, #527, #2670, #4172, #2147, #6289, #3155, #3644 ),
 ( #5354, #6399, #980, #5770, #2069, #2595, #6363, #4204, #1088, #1620, #4770 ),
 ( #6327, #1542, #3681, #5807, #1018, #5284, #3229, #2217, #4916, #2706, #627 ),
 ( #6436, #6009, #2742, #6502, #2845, #117, #1652, #3860, #599, #189, #6538 ),
 ( #6471, #2776, #3788, #3406, #3296, #5914, #3897, #2251, #2285, #2320, #4876 ),
 ( #1722, #1232, #1122, #5980, #4461, #6573, #4348, #1756, #4389, #3368, #5494 ),
 ( #4846, #1197, #3262, #1686, #5460, #3331, #668, #2807, #1789, #4952, #49 ) ),
 .UNSPECIFIED., .F., .T., .F.,
 ( 6, 2, 6 ),
 ( 4, 1, 1, 1, 1, 1, 1, 1, 4 ),
 ( 0.000000000000000000, 0.5000000000000000000, 1.000000000000000000 ),
 ( 0.000000000000000000, 0.7853981633974482790, 1.570796326794896558, 2.356194490192344837, 3.141592653589793116, 3.926990816987240951, 4.712388980384688786, 5.497787143782137953, 6.283185307179586232 ),
 .UNSPECIFIED. ) ;
#4897 = DIRECTION ( 'NONE',  ( 0.000000000000000000, 0.000000000000000000, -1.000000000000000000 ) ) ;
#4898 = CARTESIAN_POINT ( 'NONE',  ( -3.583180194846605993, -5.421010862427522170E-17, 5.450000000000000178 ) ) ;
#4899 = VERTEX_POINT ( 'NONE', #3645 ) ;
#4900 = CARTESIAN_POINT ( 'NONE',  ( -0.6250000000000000000, -1.082531754730549967, 2.041666666666665186 ) ) ;
#4901 = VECTOR ( 'NONE', #1817, 1000.000000000000000 ) ;
#4902 = DIRECTION ( 'NONE',  ( 1.000000000000000000, 0.000000000000000000, 0.000000000000000000 ) ) ;
#4903 = DIRECTION ( 'NONE',  ( -1.000000000000000000, 0.000000000000000000, 0.000000000000000000 ) ) ;
#4904 = CARTESIAN_POINT ( 'NONE',  ( 2.424800662311759404E-16, 0.000000000000000000, 0.000000000000000000 ) ) ;
#4905 = CARTESIAN_POINT ( 'NONE',  ( -7.620000000000000107, 0.7024205344592521216, 5.366819805153395073 ) ) ;
#4906 = VECTOR ( 'NONE', #4940, 1000.000000000000114 ) ;
#4907 = ORIENTED_EDGE ( 'NONE', *, *, #2778, .F. ) ;
#4908 = AXIS2_PLACEMENT_3D ( 'NONE', #3009, #2559, #5701 ) ;
#4909 = EDGE_CURVE ( 'NONE', #6276, #3399, #713, .T. ) ;
#4910 = PLANE ( 'NONE',  #5370 ) ;
#4911 = ORIENTED_EDGE ( 'NONE', *, *, #2949, .T. ) ;
#4912 = CARTESIAN_POINT ( 'NONE',  ( 1.250000000000000000, 1.530808498934190091E-16, 1.906250000682794932 ) ) ;
#4913 = CARTESIAN_POINT ( 'NONE',  ( 3.470710678118653636, -3.140064361744326682, -3.140064361744332011 ) ) ;
#4914 = B_SPLINE_CURVE_WITH_KNOTS ( 'NONE', 3,
 ( #5208, #3104, #5696, #3637, #5763, #4659, #2098, #5730, #2585, #5837, #5239, #6768, #6832, #3603, #3185, #4762, #445, #1500 ),
 .UNSPECIFIED., .F., .F.,
 ( 4, 2, 2, 2, 2, 2, 2, 2, 4 ),
 ( 0.000000000000000000, 0.06250000000000000000, 0.1249999999999999722, 0.1874999999999999722, 0.2499999999999999722, 0.3125000000000000000, 0.3750000000000000000, 0.4375000000000000000, 0.5000000000000000000 ),
 .UNSPECIFIED. ) ;
#4915 = CARTESIAN_POINT ( 'NONE',  ( -1.114683531249999637, -0.6435628368284300738, 0.8802083336747310582 ) ) ;
#4916 = CARTESIAN_POINT ( 'NONE',  ( -7.590710678118656851, -3.140064361744345778, 3.140064361744313359 ) ) ;
#4917 = CARTESIAN_POINT ( 'NONE',  ( 3.500000000000000000, 4.099904416784033501, 0.5349999309723804108 ) ) ;
#4918 = CARTESIAN_POINT ( 'NONE',  ( 1.168534264386303922, 1.431041746574693826E-16, 2.327965735613704901 ) ) ;
#4919 = CARTESIAN_POINT ( 'NONE',  ( -7.620000000000001883, -3.186447272360812821, -3.186447272360811933 ) ) ;
#4920 = CARTESIAN_POINT ( 'NONE',  ( 0.5573417656250000407, 0.9653442552426449996, 0.2760416670080650392 ) ) ;
#4921 = ORIENTED_EDGE ( 'NONE', *, *, #1369, .F. ) ;
#4922 = VECTOR ( 'NONE', #1684, 1000.000000000000000 ) ;
#4923 = CARTESIAN_POINT ( 'NONE',  ( 0.000000000000000000, 0.5000000000000000000, -4.785392286829072361 ) ) ;
#4924 = EDGE_CURVE ( 'NONE', #3396, #6221, #4559, .T. ) ;
#4925 = CARTESIAN_POINT ( 'NONE',  ( -4.374218655320534666, -3.980284170576045888, -0.4039832344056598079 ) ) ;
#4926 = CARTESIAN_POINT ( 'NONE',  ( -8.838126989374225934E-17, 1.443375672974064106, 2.218750000682799151 ) ) ;
#4927 = AXIS2_PLACEMENT_3D ( 'NONE', #3937, #5601, #194 ) ;
#4928 = CARTESIAN_POINT ( 'NONE',  ( 1.114683531249999637, 0.6435628368284300738, 1.567708333674732168 ) ) ;
#4929 = CARTESIAN_POINT ( 'NONE',  ( -7.590710678118655963, 5.584529814750888832, 2.807966345252452073E-15 ) ) ;
#4930 = CARTESIAN_POINT ( 'NONE',  ( 3.399999999999999911, -3.134446499564894850, -3.134446499564899291 ) ) ;
#4931 = CARTESIAN_POINT ( 'NONE',  ( -4.467955131497071797, -5.415609223773167891, 0.6297744136135580151 ) ) ;
#4932 = ADVANCED_FACE ( 'NONE', ( #153 ), #1791, .T. ) ;
#4933 = CARTESIAN_POINT ( 'NONE',  ( 0.000000000000000000, -4.500000000000000000, 0.000000000000000000 ) ) ;
#4934 = CARTESIAN_POINT ( 'NONE',  ( -3.499999999999999556, -5.229133828522941840, -2.165978151238166394 ) ) ;
#4935 = ORIENTED_EDGE ( 'NONE', *, *, #4274, .T. ) ;
#4936 = CARTESIAN_POINT ( 'NONE',  ( -0.6250000000000000000, -1.082531754730549967, 2.291666666666664742 ) ) ;
#4937 = APPLICATION_CONTEXT ( 'automotive_design' ) ;
#4938 = DIRECTION ( 'NONE',  ( 0.000000000000000000, 0.000000000000000000, 1.000000000000000000 ) ) ;
#4939 = CARTESIAN_POINT ( 'NONE',  ( -0.7472441672786229727, -0.4377512472490249773, 2.000000000000000000 ) ) ;
#4940 = DIRECTION ( 'NONE',  ( -0.8849001882576207345, 0.000000000000000000, -0.4657806960594517154 ) ) ;
#4941 = CARTESIAN_POINT ( 'NONE',  ( -7.620000000000000107, 2.100657370170219806, 5.071435512963943459 ) ) ;
#4942 = ORIENTED_EDGE ( 'NONE', *, *, #945, .F. ) ;
#4943 = AXIS2_PLACEMENT_3D ( 'NONE', #5542, #6684, #3485 ) ;
#4944 = VECTOR ( 'NONE', #888, 1000.000000000000000 ) ;
#4945 = CARTESIAN_POINT ( 'NONE',  ( 0.000000000000000000, 0.5000000000000000000, 4.785392286829072361 ) ) ;
#4946 = ORIENTED_EDGE ( 'NONE', *, *, #3541, .T. ) ;
#4947 = CARTESIAN_POINT ( 'NONE',  ( 0.6250000000000000000, -1.082531754730548190, 1.364583334016129745 ) ) ;
#4948 = CARTESIAN_POINT ( 'NONE',  ( 3.416819805153394896, 7.589415207398531038E-16, 4.000000000000000888 ) ) ;
#4949 = CARTESIAN_POINT ( 'NONE',  ( 1.114683531250000081, 1.365093618607580186E-16, 0.2343750003413984928 ) ) ;
#4950 = UNCERTAINTY_MEASURE_WITH_UNIT (LENGTH_MEASURE( 1.000000000000000082E-05 ), #3427, 'distance_accuracy_value', 'NONE');
#4951 = AXIS2_PLACEMENT_3D ( 'NONE', #5665, #4096, #260 ) ;
#4952 = CARTESIAN_POINT ( 'NONE',  ( -7.620000000000000107, -1.070935887351342819, 4.099999999999997868 ) ) ;
#4953 = CARTESIAN_POINT ( 'NONE',  ( -3.600000000000000977, -3.349279623863286925, 4.358184291070082317 ) ) ;
#4954 = CARTESIAN_POINT ( 'NONE',  ( -7.519999999999999574, -3.954060262691569516, -3.954060262691547756 ) ) ;
#4955 = CARTESIAN_POINT ( 'NONE',  ( -7.620000000000000107, -1.066542489069140842, 4.083180194846603328 ) ) ;
#4956 = EDGE_LOOP ( 'NONE', ( #6150, #2049 ) ) ;
#4957 =( NAMED_UNIT ( * ) PLANE_ANGLE_UNIT ( ) SI_UNIT ( $, .RADIAN. ) );
#4958 = CARTESIAN_POINT ( 'NONE',  ( -5.469766794482564087, 3.500000000000000000, -10.39923801121870106 ) ) ;
#4959 = ADVANCED_FACE ( 'NONE', ( #4878, #3968 ), #2878, .F. ) ;
#4960 = DIRECTION ( 'NONE',  ( -1.000000000000000000, -0.000000000000000000, -0.000000000000000000 ) ) ;
#4961 = DIRECTION ( 'NONE',  ( -0.000000000000000000, -1.000000000000000000, -0.000000000000000000 ) ) ;
#4962 = CARTESIAN_POINT ( 'NONE',  ( 1.114683531249999637, 0.6435628368284300738, 1.817708333674732613 ) ) ;
#4963 = CARTESIAN_POINT ( 'NONE',  ( -7.590710678118654187, -6.211858309154020277E-15, -5.584529814750887944 ) ) ;
#4964 = DIRECTION ( 'NONE',  ( 0.000000000000000000, 0.000000000000000000, 1.000000000000000000 ) ) ;
#4965 = ORIENTED_EDGE ( 'NONE', *, *, #1151, .T. ) ;
#4966 = DIRECTION ( 'NONE',  ( 1.000000000000000000, 0.000000000000000000, 0.000000000000000000 ) ) ;
#4967 = CIRCLE ( 'NONE', #1939, 14.49999999999999822 ) ;
#4968 = DIRECTION ( 'NONE',  ( 1.000000000000000000, 0.000000000000000000, 0.000000000000000000 ) ) ;
#4969 = CARTESIAN_POINT ( 'NONE',  ( -3.566360389693209676, 3.954060262691551308, -3.954060262691562855 ) ) ;
#4970 = ORIENTED_EDGE ( 'NONE', *, *, #4883, .T. ) ;
#4971 = CARTESIAN_POINT ( 'NONE',  ( 1.250000000000000000, 1.530808498934190091E-16, 1.625000000000000000 ) ) ;
#4972 = CARTESIAN_POINT ( 'NONE',  ( 3.499999999999999556, -2.076286928751875926, 3.572572769988722197 ) ) ;
#4973 = LINE ( 'NONE', #211, #3330 ) ;
#4974 = CARTESIAN_POINT ( 'NONE',  ( -7.619999999999998330, -5.071435512963938130, -2.100657370170235350 ) ) ;
#4975 = PRESENTATION_STYLE_ASSIGNMENT (( #3887 ) ) ;
#4976 = VECTOR ( 'NONE', #4434, 999.9999999999998863 ) ;
#4977 = CARTESIAN_POINT ( 'NONE',  ( 1.347111479062088405E-15, 4.000000000000000000, 11.00000000000000000 ) ) ;
#4978 = CARTESIAN_POINT ( 'NONE',  ( -3.507169191983610101, -3.975310123934182371, 3.975310123934156614 ) ) ;
#4979 = VERTEX_POINT ( 'NONE', #82 ) ;
#4980 = CARTESIAN_POINT ( 'NONE',  ( -0.6250000000000000000, 1.082531754730549967, 0.9895833340161298564 ) ) ;
#4981 = ORIENTED_EDGE ( 'NONE', *, *, #5184, .T. ) ;
#4982 = CARTESIAN_POINT ( 'NONE',  ( 3.433639610306788992, 3.134446499564893074, 3.134446499564900623 ) ) ;
#4983 = CARTESIAN_POINT ( 'NONE',  ( -7.619999999999998330, 5.213970447914475947, -1.392327480902291414 ) ) ;
#4984 = CARTESIAN_POINT ( 'NONE',  ( -3.499999999999999556, -5.245077857901644158, -2.172582384445700843 ) ) ;
#4985 = DIRECTION ( 'NONE',  ( -1.000000000000000000, -0.000000000000000000, -0.000000000000000000 ) ) ;
#4986 = CARTESIAN_POINT ( 'NONE',  ( -5.472922920607778963, 3.500000000000000000, 10.39757672170063074 ) ) ;
#4987 = CARTESIAN_POINT ( 'NONE',  ( 1.169752338413539094, -0.06221912348884137828, 2.326747661586469285 ) ) ;
#4988 = CARTESIAN_POINT ( 'NONE',  ( -7.612830808016392226, 3.157397952676299635, 3.157397952676299635 ) ) ;
#4989 = EDGE_CURVE ( 'NONE', #4864, #6294, #5981, .T. ) ;
#4990 =( BOUNDED_CURVE ( )  B_SPLINE_CURVE ( 2, ( #6523, #5967, #241, #210, #2368, #4512, #2340 ),
 .UNSPECIFIED., .F., .T. ) 
 B_SPLINE_CURVE_WITH_KNOTS ( ( 3, 2, 2, 3 ),
 ( 0.2500000000000000000, 0.2638888888888890061, 0.2777777777777780122, 0.2916666666666665186 ),
 .UNSPECIFIED. ) 
 CURVE ( )  GEOMETRIC_REPRESENTATION_ITEM ( )  RATIONAL_B_SPLINE_CURVE ( ( 1.000000000000000000, 0.8660254037844389297, 1.000000000000000000, 0.8660254037844389297, 1.000000000000000000, 0.8660254037844389297, 1.000000000000000000 ) ) 
 REPRESENTATION_ITEM ( '' )  );
#4991 = ORIENTED_EDGE ( 'NONE', *, *, #675, .F. ) ;
#4992 =( LENGTH_UNIT ( ) NAMED_UNIT ( * ) SI_UNIT ( .MILLI., .METRE. ) );
#4993 = CYLINDRICAL_SURFACE ( 'NONE', #6403, 8.799999999999998934 ) ;
#4994 = CARTESIAN_POINT ( 'NONE',  ( 1.250000000000000000, 1.530808498934190091E-16, 2.125000000000000000 ) ) ;
#4995 = CARTESIAN_POINT ( 'NONE',  ( -3.599999999999998312, 3.954060262691551308, -3.954060262691562855 ) ) ;
#4996 = CARTESIAN_POINT ( 'NONE',  ( -1.114683531249999637, -0.6435628368284300738, 1.442708333674731058 ) ) ;
#4997 = CARTESIAN_POINT ( 'NONE',  ( -7.612830808016391337, 5.138464418413797752, 2.128421651878568355 ) ) ;
#4998 = CARTESIAN_POINT ( 'NONE',  ( 3.470710678118654080, 1.046688120581443782, 4.007169191983609657 ) ) ;
#4999 = ORIENTED_EDGE ( 'NONE', *, *, #6119, .F. ) ;
#5000 = CARTESIAN_POINT ( 'NONE',  ( 1.168534264386303922, 1.431041746574693826E-16, 2.327965735613704901 ) ) ;
#5001 = FACE_BOUND ( 'NONE', #4369, .T. ) ;
#5002 = CARTESIAN_POINT ( 'NONE',  ( -3.566360389693211008, -5.166228700122143636, -2.139921993911734877 ) ) ;
#5003 = VERTEX_POINT ( 'NONE', #6051 ) ;
#5004 = CARTESIAN_POINT ( 'NONE',  ( 1.250000000000000000, 1.530808498934190091E-16, 1.375000000000000000 ) ) ;
#5005 = CARTESIAN_POINT ( 'NONE',  ( 3.500000000000001332, -3.277507469530250628, -2.520903311279486747 ) ) ;
#5006 = CYLINDRICAL_SURFACE ( 'NONE', #5123, 9.597815608934052278 ) ;
#5007 = CARTESIAN_POINT ( 'NONE',  ( -1.250000000000000000, 0.000000000000000000, 2.500000000000000000 ) ) ;
#5008 = FILL_AREA_STYLE ('',( #3322 ) ) ;
#5009 = EDGE_CURVE ( 'NONE', #5254, #515, #4833, .T. ) ;
#5010 = PLANE ( 'NONE',  #6445 ) ;
#5011 = CARTESIAN_POINT ( 'NONE',  ( -3.500000000000000888, -4.026611827144630951, 4.026611827144603417 ) ) ;
#5012 = EDGE_CURVE ( 'NONE', #33, #304, #2218, .T. ) ;
#5013 = ORIENTED_EDGE ( 'NONE', *, *, #2028, .F. ) ;
#5014 = CARTESIAN_POINT ( 'NONE',  ( -7.520000000000000462, 0.000000000000000000, 4.000000000000000000 ) ) ;
#5015 = CARTESIAN_POINT ( 'NONE',  ( 1.250000000000001776, -0.7216878364870319418, 0.8854166673494630047 ) ) ;
#5016 = ORIENTED_EDGE ( 'NONE', *, *, #933, .F. ) ;
#5017 = ORIENTED_EDGE ( 'NONE', *, *, #5816, .T. ) ;
#5018 = CARTESIAN_POINT ( 'NONE',  ( 3.416819805153394896, 7.589415207398531038E-16, 4.000000000000000888 ) ) ;
#5019 = CARTESIAN_POINT ( 'NONE',  ( -7.620000000000001883, 2.702385245403966962, 4.671540549956707977 ) ) ;
#5020 = CARTESIAN_POINT ( 'NONE',  ( -3.500000000000000444, 5.261021887280355358, -2.179186617653219304 ) ) ;
#5021 = CARTESIAN_POINT ( 'NONE',  ( -3.600000000000000089, 8.455601022002411665E-18, 5.450000000000000178 ) ) ;
#5022 = CARTESIAN_POINT ( 'NONE',  ( -3.600000000000000089, 8.455601022002411665E-18, 5.450000000000000178 ) ) ;
#5023 = FACE_OUTER_BOUND ( 'NONE', #785, .T. ) ;
#5024 = CARTESIAN_POINT ( 'NONE',  ( -7.620000000000000107, 4.524956558666201722, 1.491988034235074684E-15 ) ) ;
#5025 = VERTEX_POINT ( 'NONE', #1162 ) ;
#5026 = CYLINDRICAL_SURFACE ( 'NONE', #3596, 9.597803391643314086 ) ;
#5027 =( BOUNDED_CURVE ( )  B_SPLINE_CURVE ( 2, ( #6672, #1755, #5492, #702, #2350, #4493, #4459 ),
 .UNSPECIFIED., .F., .T. ) 
 B_SPLINE_CURVE_WITH_KNOTS ( ( 3, 2, 2, 3 ),
 ( 0.04166666666666669905, 0.05555555555555560104, 0.06944444444444440590, 0.08333333333333330095 ),
 .UNSPECIFIED. ) 
 CURVE ( )  GEOMETRIC_REPRESENTATION_ITEM ( )  RATIONAL_B_SPLINE_CURVE ( ( 1.000000000000000000, 0.8660254037844389297, 1.000000000000000000, 0.8660254037844389297, 1.000000000000000000, 0.8660254037844389297, 1.000000000000000000 ) ) 
 REPRESENTATION_ITEM ( '' )  );
#5028 = CARTESIAN_POINT ( 'NONE',  ( 2.364411504516379476E-16, -1.287125673656860148, 1.984375000341397799 ) ) ;
#5029 = CARTESIAN_POINT ( 'NONE',  ( -7.590710678118654187, 3.948858901748806272, 3.948858901748809824 ) ) ;
#5030 = CARTESIAN_POINT ( 'NONE',  ( 3.470710678118653636, -4.440721607103247592, -3.169113269798589355E-15 ) ) ;
#5031 = VERTEX_POINT ( 'NONE', #4391 ) ;
#5032 = CARTESIAN_POINT ( 'NONE',  ( -0.1424733225428454209, 1.121585178053983167, 2.371117225338231105 ) ) ;
#5033 = CIRCLE ( 'NONE', #228, 11.75000000000000355 ) ;
#5034 = CARTESIAN_POINT ( 'NONE',  ( -6.190548847354000017, -3.848732266407513425, -1.091577432428680883 ) ) ;
#5035 = AXIS2_PLACEMENT_3D ( 'NONE', #6429, #2172, #464 ) ;
#5036 = CARTESIAN_POINT ( 'NONE',  ( -3.500000000000000444, 0.7219927170793847271, 5.516360389693211630 ) ) ;
#5037 = ORIENTED_EDGE ( 'NONE', *, *, #3045, .F. ) ;
#5038 = EDGE_CURVE ( 'NONE', #4456, #893, #2963, .T. ) ;
#5039 = CARTESIAN_POINT ( 'NONE',  ( 1.250000000000001776, -0.7216878364870319418, 1.104166666666666741 ) ) ;
#5040 = CARTESIAN_POINT ( 'NONE',  ( 18.25000000000000355, 0.000000000000000000, 0.000000000000000000 ) ) ;
#5041 = DIRECTION ( 'NONE',  ( 0.000000000000000000, 1.000000000000000000, -0.000000000000000000 ) ) ;
#5042 = CARTESIAN_POINT ( 'NONE',  ( -7.590710678118653298, -3.948858901748817374, -3.948858901748797390 ) ) ;
#5043 = ADVANCED_FACE ( 'NONE', ( #2254 ), #2847, .T. ) ;
#5044 = PRESENTATION_STYLE_ASSIGNMENT (( #1222 ) ) ;
#5045 = CARTESIAN_POINT ( 'NONE',  ( -3.499999999999998668, 4.002205763591121013, -4.002205763591133447 ) ) ;
#5046 = ORIENTED_EDGE ( 'NONE', *, *, #3706, .F. ) ;
#5047 = CARTESIAN_POINT ( 'NONE',  ( 0.6250000000000000000, 1.082531754730549967, 1.197916667349461894 ) ) ;
#5048 = CARTESIAN_POINT ( 'NONE',  ( 1.114683531250000526, -0.6435628368284300738, 2.026041667008062763 ) ) ;
#5049 = VERTEX_POINT ( 'NONE', #190 ) ;
#5050 = ORIENTED_EDGE ( 'NONE', *, *, #5827, .T. ) ;
#5051 = CARTESIAN_POINT ( 'NONE',  ( 3.492830808016392563, 4.465235006483868396, -1.045839938031948888E-15 ) ) ;
#5052 = CARTESIAN_POINT ( 'NONE',  ( -1.114683531249999637, -0.6435628368284300738, -0.3697916663252683867 ) ) ;
#5053 = CARTESIAN_POINT ( 'NONE',  ( -3.499999999999998668, 4.026611827144606970, -4.026611827144619404 ) ) ;
#5054 = DIRECTION ( 'NONE',  ( -0.000000000000000000, 1.000000000000000000, -0.000000000000000000 ) ) ;
#5055 = CARTESIAN_POINT ( 'NONE',  ( -5.725777723637451189, -5.304714883949937843, 1.250000000000000222 ) ) ;
#5056 = CARTESIAN_POINT ( 'NONE',  ( -0.7228360052604050345, -0.9888393175315568495, 2.272780699612997335 ) ) ;
#5057 = DIRECTION ( 'NONE',  ( 0.000000000000000000, 1.000000000000000000, -0.000000000000000000 ) ) ;
#5058 = AXIS2_PLACEMENT_3D ( 'NONE', #5313, #3639, #2628 ) ;
#5059 = CARTESIAN_POINT ( 'NONE',  ( -6.288271217291956816, 4.000000000000000000, 11.94659295903148788 ) ) ;
#5060 = CARTESIAN_POINT ( 'NONE',  ( -0.5573417656250000407, 0.9653442552426449996, 0.8802083336747319464 ) ) ;
#5061 = VECTOR ( 'NONE', #998, 1000.000000000000114 ) ;
#5062 = CARTESIAN_POINT ( 'NONE',  ( -7.536819805153397667, 5.166228700122150741, -2.139921993911719778 ) ) ;
#5063 = CARTESIAN_POINT ( 'NONE',  ( 3.492830808016389454, 3.157397952676296971, 3.157397952676304076 ) ) ;
#5064 = EDGE_LOOP ( 'NONE', ( #1400, #4882, #3056 ) ) ;
#5065 = FACE_OUTER_BOUND ( 'NONE', #6862, .T. ) ;
#5066 = ORIENTED_EDGE ( 'NONE', *, *, #4624, .T. ) ;
#5067 = LINE ( 'NONE', #6231, #1877 ) ;
#5068 = CARTESIAN_POINT ( 'NONE',  ( -3.566360389693210564, -3.954060262691568628, -3.954060262691548644 ) ) ;
#5069 = VERTEX_POINT ( 'NONE', #2321 ) ;
#5070 = CARTESIAN_POINT ( 'NONE',  ( -7.520000000000000462, -3.495145553417030815, -2.014475921483599663 ) ) ;
#5071 = CARTESIAN_POINT ( 'NONE',  ( -3.808989356929962433, 0.000000000000000000, 0.000000000000000000 ) ) ;
#5072 = CARTESIAN_POINT ( 'NONE',  ( -7.620000000000000107, -5.421010862427522170E-17, 5.366819805153395073 ) ) ;
#5073 = VECTOR ( 'NONE', #2445, 1000.000000000000000 ) ;
#5074 = DIRECTION ( 'NONE',  ( 0.000000000000000000, 0.000000000000000000, 1.000000000000000000 ) ) ;
#5075 = CARTESIAN_POINT ( 'NONE',  ( -3.500000000000000444, 0.7219927170793847271, 5.516360389693211630 ) ) ;
#5076 = ORIENTED_EDGE ( 'NONE', *, *, #5963, .F. ) ;
#5077 = CARTESIAN_POINT ( 'NONE',  ( -0.6250000000000000000, -1.082531754730549967, -0.4270833326505370509 ) ) ;
#5078 = CARTESIAN_POINT ( 'NONE',  ( -0.5573417656249990415, -0.9653442552426459988, 1.963541667008065206 ) ) ;
#5079 = ORIENTED_EDGE ( 'NONE', *, *, #5401, .F. ) ;
#5080 = EDGE_LOOP ( 'NONE', ( #3595, #374 ) ) ;
#5081 = CARTESIAN_POINT ( 'NONE',  ( -1.114683531250000081, 0.000000000000000000, -0.6406249996586019790 ) ) ;
#5082 = CARTESIAN_POINT ( 'NONE',  ( -3.500000000000000000, 5.261021887280355358, 2.179186617653215308 ) ) ;
#5083 = CARTESIAN_POINT ( 'NONE',  ( -5.559999999999999609, -3.799671038392665956, -1.250000000000000000 ) ) ;
#5084 = CARTESIAN_POINT ( 'NONE',  ( 1.250000000000000000, 1.530808498934190091E-16, 2.500000000000000000 ) ) ;
#5085 = CARTESIAN_POINT ( 'NONE',  ( -1.167780615602993954, 0.000000000000000000, 2.328719384397015091 ) ) ;
#5086 = DIRECTION ( 'NONE',  ( 0.000000000000000000, -1.000000000000000000, 0.000000000000000000 ) ) ;
#5087 =( NAMED_UNIT ( * ) SI_UNIT ( $, .STERADIAN. ) SOLID_ANGLE_UNIT ( ) );
#5088 = EDGE_CURVE ( 'NONE', #1497, #4060, #48, .T. ) ;
#5089 = FACE_OUTER_BOUND ( 'NONE', #4430, .T. ) ;
#5090 = CARTESIAN_POINT ( 'NONE',  ( 2.364411504516379476E-16, -1.287125673656860148, 0.9843750003413987981 ) ) ;
#5091 = EDGE_CURVE ( 'NONE', #3432, #3592, #4095, .T. ) ;
#5092 = CARTESIAN_POINT ( 'NONE',  ( -7.536819805153397667, -3.954060262691574845, 3.954060262691548644 ) ) ;
#5093 = CARTESIAN_POINT ( 'NONE',  ( 3.470710678118654968, -9.777496779298063490E-16, -4.440721607103247592 ) ) ;
#5094 = EDGE_LOOP ( 'NONE', ( #6578, #499, #5336, #3532 ) ) ;
#5095 =( GEOMETRIC_REPRESENTATION_CONTEXT ( 3 ) GLOBAL_UNCERTAINTY_ASSIGNED_CONTEXT ( ( #3746 ) ) GLOBAL_UNIT_ASSIGNED_CONTEXT ( ( #4754, #3215, #2775 ) ) REPRESENTATION_CONTEXT ( 'NONE', 'WORKASPACE' ) );
#5096 = CARTESIAN_POINT ( 'NONE',  ( 0.9377719272496393144, 0.6787557276722302468, 2.344022160110871944 ) ) ;
#5097 = EDGE_CURVE ( 'NONE', #6337, #1822, #5708, .T. ) ;
#5098 = ORIENTED_EDGE ( 'NONE', *, *, #2822, .T. ) ;
#5099 = CIRCLE ( 'NONE', #948, 11.00000000000000000 ) ;
#5100 = CARTESIAN_POINT ( 'NONE',  ( -7.520000000000002238, 3.198667369592722132, -2.458186879899660671 ) ) ;
#5101 = EDGE_LOOP ( 'NONE', ( #1426, #4055, #672, #185 ) ) ;
#5102 = EDGE_CURVE ( 'NONE', #2016, #3488, #1699, .T. ) ;
#5103 = FACE_OUTER_BOUND ( 'NONE', #5110, .T. ) ;
#5104 = DIRECTION ( 'NONE',  ( -0.000000000000000000, -1.000000000000000000, 0.000000000000000000 ) ) ;
#5105 = CARTESIAN_POINT ( 'NONE',  ( -7.612830808016389561, -6.325087420497946424E-15, -5.561833807971084731 ) ) ;
#5106 = EDGE_CURVE ( 'NONE', #2956, #2416, #242, .T. ) ;
#5107 = DIRECTION ( 'NONE',  ( -0.006329626120334540598, 0.9999799677159422195, 0.000000000000000000 ) ) ;
#5108 = CARTESIAN_POINT ( 'NONE',  ( -3.500000000000000444, -4.002205763591138776, -4.002205763591120125 ) ) ;
#5109 = AXIS2_PLACEMENT_3D ( 'NONE', #4003, #5177, #6125 ) ;
#5110 = EDGE_LOOP ( 'NONE', ( #6585, #3281, #219, #2700 ) ) ;
#5111 = CARTESIAN_POINT ( 'NONE',  ( -0.6250000000000000000, 1.082531754730549967, -0.01041666598387012109 ) ) ;
#5112 = CARTESIAN_POINT ( 'NONE',  ( -0.5573417656249990415, -0.9653442552426459988, 2.213541667008064984 ) ) ;
#5113 = ADVANCED_FACE ( 'NONE', ( #6191 ), #4560, .T. ) ;
#5114 = ORIENTED_EDGE ( 'NONE', *, *, #675, .T. ) ;
#5115 = CARTESIAN_POINT ( 'NONE',  ( 3.499999999999998668, 3.199627467207411868, 3.199627467207418974 ) ) ;
#5116 = CARTESIAN_POINT ( 'NONE',  ( -7.620000000000001883, 5.349901239314790224, 0.7089572451008070431 ) ) ;
#5117 = CYLINDRICAL_SURFACE ( 'NONE', #3798, 13.43000000000000149 ) ;
#5118 = CARTESIAN_POINT ( 'NONE',  ( 2.651010643070037087, 0.000000000000000000, 0.000000000000000000 ) ) ;
#5119 = DIRECTION ( 'NONE',  ( -1.000000000000000000, -0.000000000000000000, -0.000000000000000000 ) ) ;
#5120 = EDGE_CURVE ( 'NONE', #6025, #4864, #6860, .T. ) ;
#5121 = FACE_BOUND ( 'NONE', #2345, .T. ) ;
#5122 = APPLICATION_PROTOCOL_DEFINITION ( 'draft international standard', 'automotive_design', 1998, #4842 ) ;
#5123 = AXIS2_PLACEMENT_3D ( 'NONE', #175, #3284, #6561 ) ;
#5124 = CARTESIAN_POINT ( 'NONE',  ( 3.101010643070036821, 0.000000000000000000, 9.597815608934052278 ) ) ;
#5125 = CARTESIAN_POINT ( 'NONE',  ( -1.114683531249999637, 0.6435628368284300738, 0.6510416670080653168 ) ) ;
#5126 = CARTESIAN_POINT ( 'NONE',  ( 3.433639610306789436, 1.044815499854966578, 4.000000000000001776 ) ) ;
#5127 = ORIENTED_EDGE ( 'NONE', *, *, #3428, .T. ) ;
#5128 = DIRECTION ( 'NONE',  ( 0.000000000000000000, 0.000000000000000000, 1.000000000000000000 ) ) ;
#5129 = ORIENTED_EDGE ( 'NONE', *, *, #6814, .T. ) ;
#5130 = EDGE_CURVE ( 'NONE', #1643, #5578, #4305, .T. ) ;
#5131 = DIRECTION ( 'NONE',  ( -1.000000000000000000, 0.000000000000000000, 0.000000000000000000 ) ) ;
#5132 = ORIENTED_EDGE ( 'NONE', *, *, #5012, .F. ) ;
#5133 = CARTESIAN_POINT ( 'NONE',  ( -7.620000000000000107, 2.076286928750227467, 3.572572769988727082 ) ) ;
#5134 = CARTESIAN_POINT ( 'NONE',  ( -8.838126989374225934E-17, 1.443375672974064106, 1.218750000682796486 ) ) ;
#5135 = CARTESIAN_POINT ( 'NONE',  ( -7.620000000000004547, -2.107261603377757808, 5.087379542342645777 ) ) ;
#5136 = EDGE_CURVE ( 'NONE', #1643, #41, #5664, .T. ) ;
#5137 = CYLINDRICAL_SURFACE ( 'NONE', #2233, 11.00000000000000000 ) ;
#5138 = DIRECTION ( 'NONE',  ( -1.000000000000000000, -0.000000000000000000, -0.000000000000000000 ) ) ;
#5139 = ORIENTED_EDGE ( 'NONE', *, *, #4274, .F. ) ;
#5140 = ORIENTED_EDGE ( 'NONE', *, *, #6817, .T. ) ;
#5141 = CARTESIAN_POINT ( 'NONE',  ( -1.250000000000000000, 0.000000000000000000, 0.03125000068279674970 ) ) ;
#5142 = CARTESIAN_POINT ( 'NONE',  ( -1.114683531249999637, 0.6435628368284300738, 1.401041667008063873 ) ) ;
#5143 = VERTEX_POINT ( 'NONE', #4628 ) ;
#5144 = CARTESIAN_POINT ( 'NONE',  ( -0.5573417656250000407, 0.9653442552426449996, 1.317708333674732168 ) ) ;
#5145 = CARTESIAN_POINT ( 'NONE',  ( -3.499999999999999556, 5.550098763243225264, 0.7354788942596361956 ) ) ;
#5146 = CARTESIAN_POINT ( 'NONE',  ( -3.410000000000000142, 0.000000000000000000, 0.000000000000000000 ) ) ;
#5147 = CARTESIAN_POINT ( 'NONE',  ( -1.167736015400671734, 0.2087554686027813522, 2.313288590665881994 ) ) ;
#5148 = CARTESIAN_POINT ( 'NONE',  ( 10.96959907765275588, 0.5000000000000000000, 9.482504736384781197 ) ) ;
#5149 = ORIENTED_EDGE ( 'NONE', *, *, #6010, .T. ) ;
#5150 = CIRCLE ( 'NONE', #2135, 11.00000000000000000 ) ;
#5151 = SHAPE_DEFINITION_REPRESENTATION ( #30, #6877 ) ;
#5152 = VECTOR ( 'NONE', #4740, 999.9999999999998863 ) ;
#5153 = CARTESIAN_POINT ( 'NONE',  ( 0.6250000000000000000, -1.082531754730548190, 1.114583334016129745 ) ) ;
#5154 = CARTESIAN_POINT ( 'NONE',  ( 1.250000000000000000, 1.530808498934190091E-16, 1.125000000000000000 ) ) ;
#5155 = CARTESIAN_POINT ( 'NONE',  ( 1.114683531250000081, 1.365093618607580186E-16, 0.2968750003413985206 ) ) ;
#5156 = CARTESIAN_POINT ( 'NONE',  ( 2.364411504516379476E-16, -1.287125673656860148, 1.421875000341397577 ) ) ;
#5157 = VERTEX_POINT ( 'NONE', #2587 ) ;
#5158 = CARTESIAN_POINT ( 'NONE',  ( -7.519999999999998685, 5.449999999999999289, -0.7134033317526836671 ) ) ;
#5159 = CARTESIAN_POINT ( 'NONE',  ( -7.520000000000000462, 3.495145553417032591, 2.014475921483598331 ) ) ;
#5160 = VERTEX_POINT ( 'NONE', #2061 ) ;
#5161 = AXIS2_PLACEMENT_3D ( 'NONE', #4308, #3749, #6834 ) ;
#5162 = LINE ( 'NONE', #2011, #444 ) ;
#5163 = DIRECTION ( 'NONE',  ( 0.000000000000000000, 0.000000000000000000, -1.000000000000000000 ) ) ;
#5164 = CARTESIAN_POINT ( 'NONE',  ( -1.250000000000000000, 0.000000000000000000, 1.781250000682794932 ) ) ;
#5165 = CARTESIAN_POINT ( 'NONE',  ( -7.590710678118654187, 3.948858901748806272, 3.948858901748809824 ) ) ;
#5166 = CARTESIAN_POINT ( 'NONE',  ( -9.904545454545443661, 0.5000000000000000000, 4.785392286829072361 ) ) ;
#5167 = ORIENTED_EDGE ( 'NONE', *, *, #5713, .T. ) ;
#5168 = LINE ( 'NONE', #6824, #1704 ) ;
#5169 = ORIENTED_EDGE ( 'NONE', *, *, #6146, .T. ) ;
#5170 = ADVANCED_FACE ( 'NONE', ( #4693, #5732 ), #2626, .T. ) ;
#5171 = CARTESIAN_POINT ( 'NONE',  ( 1.250000000000001776, -0.7216878364870319418, -0.1145833326505365651 ) ) ;
#5172 = CARTESIAN_POINT ( 'NONE',  ( -1.114683531249999637, -0.6435628368284300738, 1.442708333674731058 ) ) ;
#5173 = VERTEX_POINT ( 'NONE', #1501 ) ;
#5174 = CARTESIAN_POINT ( 'NONE',  ( 1.114683531249999415, -0.6435628368284300738, 1.713541667008064984 ) ) ;
#5175 = CARTESIAN_POINT ( 'NONE',  ( -0.6250000000000000000, 1.082531754730549967, 1.458333333333334147 ) ) ;
#5176 = CARTESIAN_POINT ( 'NONE',  ( -0.8786101211442155501, 0.8842848808250114434, 2.253492120992356629 ) ) ;
#5177 = DIRECTION ( 'NONE',  ( 0.000000000000000000, 1.000000000000000000, -0.000000000000000000 ) ) ;
#5178 = EDGE_LOOP ( 'NONE', ( #1573, #3662, #3150 ) ) ;
#5179 = AXIS2_PLACEMENT_3D ( 'NONE', #56, #1129, #3270 ) ;
#5181 = CARTESIAN_POINT ( 'NONE',  ( 1.114683531250000081, 1.365093618607580186E-16, 1.984375000341400019 ) ) ;
#5180 = CIRCLE ( 'NONE', #3618, 4.778822509939087304 ) ;
#5182 = DIRECTION ( 'NONE',  ( -0.8849001882576208455, 0.000000000000000000, -0.4657806960594517154 ) ) ;
#5183 = EDGE_CURVE ( 'NONE', #1436, #3234, #3147, .T. ) ;
#5184 = EDGE_CURVE ( 'NONE', #2674, #4456, #6717, .T. ) ;
#5185 = CARTESIAN_POINT ( 'NONE',  ( -1.249999999999999556, -0.7216878364870319418, 0.7708333333333334814 ) ) ;
#5186 = CARTESIAN_POINT ( 'NONE',  ( 1.114683531250000081, 1.365093618607580186E-16, 0.04687500034139840260 ) ) ;
#5187 = CARTESIAN_POINT ( 'NONE',  ( 1.114683531249999637, 0.6435628368284300738, 1.755208333674729504 ) ) ;
#5188 = VERTEX_POINT ( 'NONE', #3638 ) ;
#5189 = CARTESIAN_POINT ( 'NONE',  ( -7.520000000000002238, 3.349279623863282485, -4.358184291070087646 ) ) ;
#5190 = EDGE_CURVE ( 'NONE', #661, #2413, #4396, .T. ) ;
#5191 = CARTESIAN_POINT ( 'NONE',  ( -7.620000000000000107, -2.076055874271606427, -3.572668520434616024 ) ) ;
#5192 = VERTEX_POINT ( 'NONE', #5346 ) ;
#5193 = CARTESIAN_POINT ( 'NONE',  ( -7.620000000000000107, 3.994251324550416093, 1.058264950912440661 ) ) ;
#5194 = DIRECTION ( 'NONE',  ( -0.000000000000000000, 1.000000000000000000, -0.000000000000000000 ) ) ;
#5195 =( BOUNDED_CURVE ( )  B_SPLINE_CURVE ( 2, ( #6205, #5679, #3588, #923, #2960, #5196, #6756 ),
 .UNSPECIFIED., .F., .F. ) 
 B_SPLINE_CURVE_WITH_KNOTS ( ( 3, 2, 2, 3 ),
 ( 0.1250000000000000000, 0.1388888888888890061, 0.1527777777777780122, 0.1666666666666665186 ),
 .UNSPECIFIED. ) 
 CURVE ( )  GEOMETRIC_REPRESENTATION_ITEM ( )  RATIONAL_B_SPLINE_CURVE ( ( 1.000000000000000000, 0.8660254037844379305, 1.000000000000000000, 0.8660254037844389297, 1.000000000000000000, 0.8660254037844389297, 1.000000000000000000 ) ) 
 REPRESENTATION_ITEM ( '' )  );
#5196 = CARTESIAN_POINT ( 'NONE',  ( -1.249999999999999556, -0.7216878364870320528, 1.802083334016127969 ) ) ;
#5197 = CARTESIAN_POINT ( 'NONE',  ( -7.553639610306786878, 3.954060262691551308, -3.954060262691563299 ) ) ;
#5198 = FACE_OUTER_BOUND ( 'NONE', #1456, .T. ) ;
#5199 = ORIENTED_EDGE ( 'NONE', *, *, #5531, .T. ) ;
#5200 = CARTESIAN_POINT ( 'NONE',  ( -7.553639610306789542, 6.505213034913026604E-16, -5.450000000000000178 ) ) ;
#5201 = CARTESIAN_POINT ( 'NONE',  ( -0.01540674360587901935, -1.208403573574787782, 2.288005670686236392 ) ) ;
#5202 = CARTESIAN_POINT ( 'NONE',  ( 1.249999999999999556, 0.7216878364870319418, -0.07291666598387014364 ) ) ;
#5203 = CARTESIAN_POINT ( 'NONE',  ( 1.114683531249999637, 0.6435628368284300738, 0.8177083336747316133 ) ) ;
#5204 = ORIENTED_EDGE ( 'NONE', *, *, #2515, .T. ) ;
#5205 = DIRECTION ( 'NONE',  ( -1.000000000000000000, -0.000000000000000000, -0.000000000000000000 ) ) ;
#5206 = CARTESIAN_POINT ( 'NONE',  ( 0.5573417656250000407, 0.9653442552426449996, 1.776041667008064984 ) ) ;
#5207 = CARTESIAN_POINT ( 'NONE',  ( 1.249999999999999556, 0.7216878364870320528, 1.395833333333334147 ) ) ;
#5208 = CARTESIAN_POINT ( 'NONE',  ( -3.500000000000000444, -3.252606517456513302E-16, 5.550000000000000711 ) ) ;
#5209 = CARTESIAN_POINT ( 'NONE',  ( 1.860000000000000098, 0.000000000000000000, 6.080000000000001847 ) ) ;
#5210 = FACE_OUTER_BOUND ( 'NONE', #5743, .T. ) ;
#5211 = ORIENTED_EDGE ( 'NONE', *, *, #456, .F. ) ;
#5212 = DIRECTION ( 'NONE',  ( 1.000000000000000000, 0.000000000000000000, 0.000000000000000000 ) ) ;
#5213 = EDGE_CURVE ( 'NONE', #4337, #5192, #3827, .T. ) ;
#5214 = CARTESIAN_POINT ( 'NONE',  ( -1.114683531250000081, 0.000000000000000000, 1.359375000341397799 ) ) ;
#5215 = CARTESIAN_POINT ( 'NONE',  ( -7.536819805153395890, 3.134446499564896182, 3.134446499564896627 ) ) ;
#5216 = CARTESIAN_POINT ( 'NONE',  ( -1.249999999999999556, 0.7216878364870319418, 0.9791666666666666297 ) ) ;
#5217 = CARTESIAN_POINT ( 'NONE',  ( -5.963907283031407935, 1.185804981564916094, -3.820334514209649424 ) ) ;
#5218 = CARTESIAN_POINT ( 'NONE',  ( 2.364411504516379476E-16, -1.287125673656860148, 1.671875000341398021 ) ) ;
#5219 = ORIENTED_EDGE ( 'NONE', *, *, #628, .T. ) ;
#5220 = CARTESIAN_POINT ( 'NONE',  ( -7.520000000000002238, 1.426525969758080770, 5.308151087842319704 ) ) ;
#5221 = CARTESIAN_POINT ( 'NONE',  ( -3.600000000000000533, 3.349279623863286037, -4.358184291070083205 ) ) ;
#5222 = ORIENTED_EDGE ( 'NONE', *, *, #4895, .T. ) ;
#5223 = DIRECTION ( 'NONE',  ( 0.000000000000000000, 0.000000000000000000, 1.000000000000000000 ) ) ;
#5224 = DIRECTION ( 'NONE',  ( 0.000000000000000000, 1.000000000000000000, -0.000000000000000000 ) ) ;
#5225 = CARTESIAN_POINT ( 'NONE',  ( -7.553639610306789542, -0.7133073313039065555, 5.450000000000000178 ) ) ;
#5226 = LINE ( 'NONE', #1954, #6826 ) ;
#5227 = ORIENTED_EDGE ( 'NONE', *, *, #1059, .F. ) ;
#5228 = DIRECTION ( 'NONE',  ( -1.000000000000000000, 0.000000000000000000, 0.000000000000000000 ) ) ;
#5229 = CARTESIAN_POINT ( 'NONE',  ( -5.642387761190164497, -1.249999377981088511, -3.799671243021864875 ) ) ;
#5230 = CARTESIAN_POINT ( 'NONE',  ( 0.000000000000000000, 0.000000000000000000, 2.000000000000000000 ) ) ;
#5231 = CARTESIAN_POINT ( 'NONE',  ( 1.114683531250000081, 1.365093618607580186E-16, 1.046875000341398021 ) ) ;
#5232 = EDGE_CURVE ( 'NONE', #2235, #6867, #5712, .T. ) ;
#5233 = VERTEX_POINT ( 'NONE', #5209 ) ;
#5234 = TOROIDAL_SURFACE ( 'NONE', #1107, 6.758822509939086842, 1.979999999999999982 ) ;
#5235 = CARTESIAN_POINT ( 'NONE',  ( 1.114683531250000081, 1.365093618607580186E-16, 1.734375000341400019 ) ) ;
#5236 = ITEM_DEFINED_TRANSFORMATION ( 'NONE', 'NONE', #3684,  #1443 ) ;
#5237 = CYLINDRICAL_SURFACE ( 'NONE', #2001, 11.75000000000000355 ) ;
#5238 = VECTOR ( 'NONE', #4814, 1000.000000000000000 ) ;
#5239 = CARTESIAN_POINT ( 'NONE',  ( -3.500000000000000444, -5.408895747788169395, -1.444361357566032567 ) ) ;
#5240 = CARTESIAN_POINT ( 'NONE',  ( 3.500000000000000444, 4.878909776184769953E-16, 4.100000000000000533 ) ) ;
#5241 = CYLINDRICAL_SURFACE ( 'NONE', #6496, 1.250000000000000000 ) ;
#5242 = ORIENTED_EDGE ( 'NONE', *, *, #5106, .F. ) ;
#5243 = EDGE_CURVE ( 'NONE', #5613, #3234, #256, .T. ) ;
#5244 = CARTESIAN_POINT ( 'NONE',  ( -7.519999999999999574, -4.762135816530706833, -2.744723443021399145 ) ) ;
#5245 = CARTESIAN_POINT ( 'NONE',  ( 2.364411504516379476E-16, -1.287125673656860148, 1.421875000341397577 ) ) ;
#5246 = B_SPLINE_CURVE_WITH_KNOTS ( 'NONE', 3,
 ( #472, #3094, #2612, #4749, #2824, #5927, #541, #4894, #6454, #168, #4440, #4294, #5369, #1137 ),
 .UNSPECIFIED., .F., .F.,
 ( 4, 2, 2, 2, 2, 2, 4 ),
 ( 7.330861770735123547E-14, 0.0005822191450866958350, 0.001164438290100082906, 0.001455547862606776550, 0.001746657435113470195, 0.002037767007620163839, 0.002328876580126858133 ),
 .UNSPECIFIED. ) ;
#5247 = CARTESIAN_POINT ( 'NONE',  ( -3.583180194846606437, 5.166228700122152517, -2.139921993911720222 ) ) ;
#5248 = CARTESIAN_POINT ( 'NONE',  ( -7.519999999999998685, 4.222162780531148185E-15, -4.432776750217549910 ) ) ;
#5249 = PRODUCT_DEFINITION_SHAPE ( 'NONE', 'NONE',  #6902 ) ;
#5250 = CIRCLE ( 'NONE', #1457, 2.499999999999998668 ) ;
#5251 = CARTESIAN_POINT ( 'NONE',  ( -8.838126989374227166E-17, 1.443375672974063884, -0.3124999999999998890 ) ) ;
#5252 = CARTESIAN_POINT ( 'NONE',  ( -7.536819805153395890, -1.084202172485504434E-16, 4.000000000000000000 ) ) ;
#5253 = CARTESIAN_POINT ( 'NONE',  ( 1.114683531250000526, -0.6435628368284300738, 0.7135416670080648727 ) ) ;
#5254 = VERTEX_POINT ( 'NONE', #4725 ) ;
#5255 = LINE ( 'NONE', #5744, #344 ) ;
#5256 = AXIS2_PLACEMENT_3D ( 'NONE', #6720, #398, #1849 ) ;
#5257 = CARTESIAN_POINT ( 'NONE',  ( -3.599999999999999645, 1.426525969758076995, -5.308151087842319704 ) ) ;
#5258 = DIRECTION ( 'NONE',  ( 0.000000000000000000, 0.000000000000000000, -1.000000000000000000 ) ) ;
#5259 = ORIENTED_EDGE ( 'NONE', *, *, #2444, .T. ) ;
#5260 = CARTESIAN_POINT ( 'NONE',  ( -4.930268870464784570, 1.092067381570419604, -5.339849003333725364 ) ) ;
#5261 = CARTESIAN_POINT ( 'NONE',  ( -7.619999999999998330, -5.087379542342638672, -2.107261603377768910 ) ) ;
#5262 = LINE ( 'NONE', #3655, #3055 ) ;
#5263 = DIRECTION ( 'NONE',  ( 3.552713678800500929E-15, 0.000000000000000000, 1.000000000000000000 ) ) ;
#5264 = CARTESIAN_POINT ( 'NONE',  ( -7.536819805153395002, 5.166228700122148965, 2.139921993911714448 ) ) ;
#5265 = AXIS2_PLACEMENT_3D ( 'NONE', #5495, #2743, #2286 ) ;
#5266 = CARTESIAN_POINT ( 'NONE',  ( -3.583180194846603772, 3.954060262691551308, -3.954060262691562855 ) ) ;
#5267 = ORIENTED_EDGE ( 'NONE', *, *, #4909, .F. ) ;
#5268 = CYLINDRICAL_SURFACE ( 'NONE', #3493, 1.250000000000000000 ) ;
#5269 = DIRECTION ( 'NONE',  ( 0.000000000000000000, 0.000000000000000000, -1.000000000000000000 ) ) ;
#5270 = CARTESIAN_POINT ( 'NONE',  ( 0.5573417656250000407, 0.9653442552426449996, 1.088541667008064096 ) ) ;
#5271 = ORIENTED_EDGE ( 'NONE', *, *, #1411, .F. ) ;
#5272 = PRODUCT_DEFINITION ( 'UNKNOWN', '', #1205, #6534 ) ;
#5273 = CARTESIAN_POINT ( 'NONE',  ( -1.114683531249999415, 0.6435628368284300738, 1.588541667008063651 ) ) ;
#5274 = CONTEXT_DEPENDENT_SHAPE_REPRESENTATION ( #4572, #14 ) ;
#5275 = CARTESIAN_POINT ( 'NONE',  ( -3.500000000000000000, 0.000000000000000000, 0.000000000000000000 ) ) ;
#5276 = LINE ( 'NONE', #4197, #3397 ) ;
#5277 = FACE_OUTER_BOUND ( 'NONE', #1236, .T. ) ;
#5278 = CARTESIAN_POINT ( 'NONE',  ( -1.250000000000000000, 0.000000000000000000, 2.500000000000000000 ) ) ;
#5279 = ORIENTED_EDGE ( 'NONE', *, *, #133, .F. ) ;
#5280 = DIRECTION ( 'NONE',  ( -1.000000000000000000, -0.000000000000000000, -0.000000000000000000 ) ) ;
#5281 = CARTESIAN_POINT ( 'NONE',  ( 3.400000000000000355, -2.014475921483599219, 3.495145553417030371 ) ) ;
#5282 = CARTESIAN_POINT ( 'NONE',  ( -0.5573417656250000407, 0.9653442552426449996, 2.067708333674729726 ) ) ;
#5283 = CARTESIAN_POINT ( 'NONE',  ( -3.566360389693211896, 5.591885649938924452, 2.496121392263697669E-15 ) ) ;
#5284 = CARTESIAN_POINT ( 'NONE',  ( -7.590710678118655963, 3.789120444066414917E-15, -4.440721607103247592 ) ) ;
#5285 = CARTESIAN_POINT ( 'NONE',  ( -7.620000000000000107, -4.671358064004869526, -2.702309657249194252 ) ) ;
#5286 = CARTESIAN_POINT ( 'NONE',  ( -7.553639610306789542, 4.432776750217553463, 1.851372013284399482E-15 ) ) ;
#5287 = CARTESIAN_POINT ( 'NONE',  ( -0.5573417656249990415, -0.9653442552426459988, 0.4010416670080649837 ) ) ;
#5288 = ORIENTED_EDGE ( 'NONE', *, *, #2926, .F. ) ;
#5289 = VECTOR ( 'NONE', #969, 1000.000000000000000 ) ;
#5290 = FACE_OUTER_BOUND ( 'NONE', #2858, .T. ) ;
#5291 = ADVANCED_FACE ( 'NONE', ( #2664, #2556 ), #1009, .T. ) ;
#5292 = CARTESIAN_POINT ( 'NONE',  ( -1.250000000000000000, 0.000000000000000000, 1.531250000682794932 ) ) ;
#5293 = DIRECTION ( 'NONE',  ( 0.000000000000000000, 0.000000000000000000, 1.000000000000000000 ) ) ;
#5294 = CARTESIAN_POINT ( 'NONE',  ( -3.499999999999999556, 7.589415207398531038E-16, -5.533180194846605282 ) ) ;
#5295 = ADVANCED_FACE ( 'NONE', ( #3673, #5277 ), #4763, .F. ) ;
#5296 = CARTESIAN_POINT ( 'NONE',  ( -8.838126989374225934E-17, 1.443375672974064106, 1.187499999999998890 ) ) ;
#5297 = CARTESIAN_POINT ( 'NONE',  ( -7.620000000000000107, 0.7002191233900743050, 5.349999999999999645 ) ) ;
#5298 = CARTESIAN_POINT ( 'NONE',  ( -7.519999999999999574, -3.963819624139313660E-16, -5.450000000000000178 ) ) ;
#5299 = CARTESIAN_POINT ( 'NONE',  ( 0.000000000000000000, 0.5000000000000000000, 0.000000000000000000 ) ) ;
#5300 = CARTESIAN_POINT ( 'NONE',  ( -7.520000000000001350, 5.166228700122150741, -2.139921993911719778 ) ) ;
#5301 = CARTESIAN_POINT ( 'NONE',  ( -3.599999999999999645, 3.954060262691557526, 3.954060262691560190 ) ) ;
#5302 = ORIENTED_EDGE ( 'NONE', *, *, #6227, .T. ) ;
#5303 = LINE ( 'NONE', #2544, #6604 ) ;
#5304 =( NAMED_UNIT ( * ) SI_UNIT ( $, .STERADIAN. ) SOLID_ANGLE_UNIT ( ) );
#5305 = LINE ( 'NONE', #3704, #4658 ) ;
#5306 = CARTESIAN_POINT ( 'NONE',  ( -7.881371681721266152E-17, 1.287125673656860148, -0.1406249996586015627 ) ) ;
#5307 = ADVANCED_FACE ( 'NONE', ( #6873, #6355 ), #5764, .T. ) ;
#5308 = ORIENTED_EDGE ( 'NONE', *, *, #6809, .F. ) ;
#5309 = DIRECTION ( 'NONE',  ( 0.000000000000000000, 0.000000000000000000, 1.000000000000000000 ) ) ;
#5310 = DIRECTION ( 'NONE',  ( 0.000000000000000000, 0.000000000000000000, 1.000000000000000000 ) ) ;
#5311 = CYLINDRICAL_SURFACE ( 'NONE', #4156, 6.080000000000000959 ) ;
#5312 = ADVANCED_FACE ( 'NONE', ( #3713 ), #5311, .T. ) ;
#5313 = CARTESIAN_POINT ( 'NONE',  ( 0.000000000000000000, -4.000000000000000000, 0.000000000000000000 ) ) ;
#5314 = ORIENTED_EDGE ( 'NONE', *, *, #6812, .T. ) ;
#5315 = CARTESIAN_POINT ( 'NONE',  ( -7.620000000000000107, -2.168404344971008868E-16, 4.083180194846605104 ) ) ;
#5316 = CARTESIAN_POINT ( 'NONE',  ( -7.519999999999999574, -3.349279623863286925, -4.358184291070079652 ) ) ;
#5317 = CARTESIAN_POINT ( 'NONE',  ( -7.881371681721266152E-17, 1.287125673656860148, 1.796875000341400463 ) ) ;
#5318 = CARTESIAN_POINT ( 'NONE',  ( -3.529289321881348140, 2.142736950169403798, -5.173024605696897815 ) ) ;
#5319 = CARTESIAN_POINT ( 'NONE',  ( -5.559999999999999609, -5.304714883949936954, 1.250000000000000000 ) ) ;
#5320 = ADVANCED_FACE ( 'NONE', ( #1613 ), #2175, .T. ) ;
#5321 = CARTESIAN_POINT ( 'NONE',  ( 2.651438096812269876E-16, -1.443375672974063884, 0.06250000000000008327 ) ) ;
#5322 = CARTESIAN_POINT ( 'NONE',  ( -7.536819805153396779, -3.134446499564913946, 3.134446499564881083 ) ) ;
#5323 = AXIS2_PLACEMENT_3D ( 'NONE', #1544, #1020, #52 ) ;
#5324 = CARTESIAN_POINT ( 'NONE',  ( -1.114683531249999637, 0.6435628368284300738, 0.5885416670080648727 ) ) ;
#5325 = VERTEX_POINT ( 'NONE', #3783 ) ;
#5326 = CARTESIAN_POINT ( 'NONE',  ( -4.791294269257913463, -0.9989969264692004636, -5.358923032056779334 ) ) ;
#5327 = DIRECTION ( 'NONE',  ( 0.000000000000000000, 0.000000000000000000, 1.000000000000000000 ) ) ;
#5328 = CYLINDRICAL_SURFACE ( 'NONE', #3768, 14.49999999999999822 ) ;
#5329 = CARTESIAN_POINT ( 'NONE',  ( 3.400000000000000355, 2.014475921483597887, -3.495145553417030815 ) ) ;
#5330 = AXIS2_PLACEMENT_3D ( 'NONE', #3109, #5735, #3078 ) ;
#5331 = CARTESIAN_POINT ( 'NONE',  ( -7.620000000000000107, 3.893711730015246619, 3.893711730015247952 ) ) ;
#5332 = CARTESIAN_POINT ( 'NONE',  ( 3.416819805153394896, 7.589415207398531038E-16, 4.000000000000000888 ) ) ;
#5333 = DIRECTION ( 'NONE',  ( 0.000000000000000000, -1.000000000000000000, 0.000000000000000000 ) ) ;
#5334 = CARTESIAN_POINT ( 'NONE',  ( -7.553639610306787766, -5.166228700122140083, -2.139921993911734877 ) ) ;
#5335 = CARTESIAN_POINT ( 'NONE',  ( -1.005072573235419764, 0.4828804802745527702, 2.381822541067299959 ) ) ;
#5336 = ORIENTED_EDGE ( 'NONE', *, *, #1194, .T. ) ;
#5337 = CARTESIAN_POINT ( 'NONE',  ( -0.5573417656250000407, 0.9653442552426449996, -0.3697916663252684977 ) ) ;
#5338 = CARTESIAN_POINT ( 'NONE',  ( -4.309999999999998721, 0.1663039007714041950, -3.999999999999998224 ) ) ;
#5339 = EDGE_CURVE ( 'NONE', #3313, #6852, #3256, .T. ) ;
#5340 = DIRECTION ( 'NONE',  ( 0.000000000000000000, 0.000000000000000000, -1.000000000000000000 ) ) ;
#5341 = CARTESIAN_POINT ( 'NONE',  ( 0.5573417656250010399, -0.9653442552426449996, 0.2552083336747320574 ) ) ;
#5342 = ORIENTED_EDGE ( 'NONE', *, *, #3796, .T. ) ;
#5343 = CONTEXT_DEPENDENT_SHAPE_REPRESENTATION ( #4345, #2695 ) ;
#5344 = CARTESIAN_POINT ( 'NONE',  ( 1.114683531250000526, -0.6435628368284300738, 2.213541667008065428 ) ) ;
#5345 = CARTESIAN_POINT ( 'NONE',  ( 18.25000000000000355, 0.000000000000000000, 2.499999999999998668 ) ) ;
#5346 = CARTESIAN_POINT ( 'NONE',  ( -1.979999999999999982, 1.212400331155879702E-16, 0.000000000000000000 ) ) ;
#5347 = ORIENTED_EDGE ( 'NONE', *, *, #4145, .F. ) ;
#5348 = CARTESIAN_POINT ( 'NONE',  ( -0.6250000000000000000, 1.082531754730549967, 2.239583334016129523 ) ) ;
#5349 = VECTOR ( 'NONE', #5661, 1000.000000000000000 ) ;
#5350 = CARTESIAN_POINT ( 'NONE',  ( -0.6250000000000000000, 1.082531754730549967, 1.958333333333335036 ) ) ;
#5352 = CARTESIAN_POINT ( 'NONE',  ( 0.5573417656250010399, -0.9653442552426449996, 0.4427083336747315023 ) ) ;
#5351 = AXIS2_PLACEMENT_3D ( 'NONE', #3786, #3190, #1578 ) ;
#5353 = CARTESIAN_POINT ( 'NONE',  ( -3.507169191983608769, -3.975310123934176598, -3.975310123934157502 ) ) ;
#5354 = CARTESIAN_POINT ( 'NONE',  ( -7.553639610306790431, -1.084202172485504434E-16, 4.000000000000000000 ) ) ;
#5355 = CARTESIAN_POINT ( 'NONE',  ( 0.6250000000000000000, 1.082531754730549967, -0.08333333333333328707 ) ) ;
#5356 = CARTESIAN_POINT ( 'NONE',  ( 0.4408868665985837820, -1.114422170170712434, 2.298072639582966925 ) ) ;
#5357 = CARTESIAN_POINT ( 'NONE',  ( -7.590710678118655075, 1.046688120581445780, 4.007169191983611434 ) ) ;
#5358 =( GEOMETRIC_REPRESENTATION_CONTEXT ( 3 ) GLOBAL_UNCERTAINTY_ASSIGNED_CONTEXT ( ( #2282 ) ) GLOBAL_UNIT_ASSIGNED_CONTEXT ( ( #621, #141, #762 ) ) REPRESENTATION_CONTEXT ( 'NONE', 'WORKASPACE' ) );
#5359 = CARTESIAN_POINT ( 'NONE',  ( 1.114683531250000081, 1.365093618607580186E-16, -0.01562499965860164944 ) ) ;
#5360 = ORIENTED_EDGE ( 'NONE', *, *, #173, .T. ) ;
#5361 = LINE ( 'NONE', #607, #5410 ) ;
#5362 = CARTESIAN_POINT ( 'NONE',  ( -3.600000000000000533, 4.762135816530705057, -2.744723443021403586 ) ) ;
#5363 = DIRECTION ( 'NONE',  ( -0.000000000000000000, 1.000000000000000000, -0.000000000000000000 ) ) ;
#5364 = DIRECTION ( 'NONE',  ( 0.000000000000000000, 0.000000000000000000, 1.000000000000000000 ) ) ;
#5365 = CYLINDRICAL_SURFACE ( 'NONE', #3712, 13.34377777916409968 ) ;
#5366 = CARTESIAN_POINT ( 'NONE',  ( 1.250000000000000000, 1.530808498934190091E-16, 1.125000000000000000 ) ) ;
#5367 = CARTESIAN_POINT ( 'NONE',  ( 3.400000000000000355, -4.432776750217551687, -3.310688776696808239E-15 ) ) ;
#5368 = CARTESIAN_POINT ( 'NONE',  ( -0.6250000000000000000, -1.082531754730549967, 1.541666666666665186 ) ) ;
#5369 = CARTESIAN_POINT ( 'NONE',  ( 0.9952816558969910243, 0.5249423188473493207, 0.9999999999999995559 ) ) ;
#5370 = AXIS2_PLACEMENT_3D ( 'NONE', #5275, #3851, #5972 ) ;
#5371 = CARTESIAN_POINT ( 'NONE',  ( -3.600000000000001421, -2.139921993911722442, 5.166228700122149853 ) ) ;
#5372 = VERTEX_POINT ( 'NONE', #6430 ) ;
#5373 = CARTESIAN_POINT ( 'NONE',  ( 0.6250000000000000000, -1.082531754730548190, 1.833333333333334814 ) ) ;
#5374 = CARTESIAN_POINT ( 'NONE',  ( -3.898989356929962291, 0.000000000000000000, 9.597803391643314086 ) ) ;
#5375 = CARTESIAN_POINT ( 'NONE',  ( 1.084958386960638066, 0.2956013290677286798, 0.9999999999999997780 ) ) ;
#5376 = CARTESIAN_POINT ( 'NONE',  ( -0.5573417656249990415, -0.9653442552426459988, -0.5364583329919351273 ) ) ;
#5377 = ORIENTED_EDGE ( 'NONE', *, *, #5634, .T. ) ;
#5378 = CIRCLE ( 'NONE', #2704, 4.999999999999993783 ) ;
#5379 = ITEM_DEFINED_TRANSFORMATION ( 'NONE', 'NONE', #114,  #1443 ) ;
#5380 = DIRECTION ( 'NONE',  ( -1.000000000000000000, -0.000000000000000000, -0.000000000000000000 ) ) ;
#5381 = B_SPLINE_SURFACE_WITH_KNOTS ( 'NONE', 5, 3, ( 
 ( #1207, #2854, #197, #162, #4435, #1763, #126, #4995, #5502, #1241, #6581, #1799, #3906, #2262, #5988, #4401, #6512, #6020, #1731 ),
 ( #678, #3341, #5468, #2293, #6546, #1506, #5247, #6326, #2634, #2669, #1619, #3643, #5485, #3154, #4279, #2705, #4845, #453, #4203 ),
 ( #2594, #1051, #5878, #6003, #3359, #5283, #5769, #559, #47, #4769, #3680, #3194, #2180, #4171, #493, #3719, #3114, #696, #1223 ),
 ( #6880, #6288, #2033, #2834, #6801, #5846, #979, #4804, #5318, #4313, #2068, #6435, #2108, #1749, #3889, #4733, #6398, #4241, #6842 ),
 ( #1541, #5806, #526, #6362, #1017, #1581, #9, #2146, #1087, #3228, #3754, #5353, #5554, #6075, #3528, #4978, #6632, #826, #3497 ),
 ( #1358, #5075, #5651, #2897, #3954, #4024, #246, #5045, #4054, #860, #2965, #5108, #3430, #4485, #6596, #309, #1323, #2411, #1892 ),
 ( #2374, #179, #4516, #1290, #2446, #1853, #6180, #4581, #5621, #2867, #1818, #6694, #1924, #1396, #1778, #6143, #2310, #765, #4452 ),
 ( #3990, #5522, #6565, #3922, #6111, #6039, #3462, #5584, #798, #2932, #280, #1258, #3395, #733, #4550, #5011, #6664, #215, #2344 ) ),
 .UNSPECIFIED., .F., .T., .F.,
 ( 6, 2, 6 ),
 ( 4, 1, 1, 1, 1, 1, 1, 1, 1, 1, 1, 1, 1, 1, 1, 1, 4 ),
 ( 0.000000000000000000, 0.5000000000000000000, 1.000000000000000000 ),
 ( 0.000000000000000000, 0.3926990816987241395, 0.7853981633974482790, 1.178097245096172418, 1.570796326794896558, 1.963495408493620475, 2.356194490192344393, 2.748893571891068976, 3.141592653589793116, 3.534291735288517255, 3.926990816987240951, 4.319689898685965979, 4.712388980384689674, 5.105088062083414258, 5.497787143782137953, 5.890486225480862537, 6.283185307179586232 ),
 .UNSPECIFIED. ) ;
#5382 = FILL_AREA_STYLE ('',( #1149 ) ) ;
#5383 = EDGE_CURVE ( 'NONE', #2102, #2063, #5385, .T. ) ;
#5384 = CIRCLE ( 'NONE', #5789, 2.499999999999998668 ) ;
#5385 = LINE ( 'NONE', #593, #3032 ) ;
#5386 = EDGE_CURVE ( 'NONE', #5792, #6138, #1139, .T. ) ;
#5387 = ORIENTED_EDGE ( 'NONE', *, *, #2143, .F. ) ;
#5388 = CARTESIAN_POINT ( 'NONE',  ( -1.249999999999999556, 0.7216878364870319418, 2.010416667349463449 ) ) ;
#5389 = EDGE_CURVE ( 'NONE', #3599, #1047, #4789, .T. ) ;
#5390 = FACE_OUTER_BOUND ( 'NONE', #2378, .T. ) ;
#5391 = CARTESIAN_POINT ( 'NONE',  ( -0.5573417656249990415, -0.9653442552426459988, -0.09895833299193490529 ) ) ;
#5392 = CARTESIAN_POINT ( 'NONE',  ( 0.000000000000000000, 0.000000000000000000, 9.597803391643314086 ) ) ;
#5393 = DIRECTION ( 'NONE',  ( 2.256883645687644516E-17, 0.9828721869343217676, -0.1842885350501854702 ) ) ;
#5394 = CARTESIAN_POINT ( 'NONE',  ( 1.250000000000000000, 1.530808498934190091E-16, 2.125000000000000000 ) ) ;
#5395 = CARTESIAN_POINT ( 'NONE',  ( -7.620000000000001883, 3.186447272360808824, 3.186447272360808824 ) ) ;
#5396 = CARTESIAN_POINT ( 'NONE',  ( -1.114683531249999637, -0.6435628368284300738, 0.1302083336747316411 ) ) ;
#5397 = CIRCLE ( 'NONE', #6273, 10.99999999999999822 ) ;
#5398 = EDGE_LOOP ( 'NONE', ( #2970, #5017, #3251, #4383 ) ) ;
#5399 = DIRECTION ( 'NONE',  ( 0.8849019005169601604, 0.000000000000000000, 0.4657774430578104363 ) ) ;
#5400 = CARTESIAN_POINT ( 'NONE',  ( 1.114683531249999415, -0.6435628368284300738, 1.526041667008062763 ) ) ;
#5401 = EDGE_CURVE ( 'NONE', #594, #3234, #1425, .T. ) ;
#5402 = FACE_OUTER_BOUND ( 'NONE', #1346, .T. ) ;
#5403 = CARTESIAN_POINT ( 'NONE',  ( -3.583180194846605104, 7.047314121155778821E-16, -5.450000000000000178 ) ) ;
#5404 = CARTESIAN_POINT ( 'NONE',  ( -5.236310392461230201, 1.210127857443473287, -5.313977581611714740 ) ) ;
#5405 = AXIS2_PLACEMENT_3D ( 'NONE', #4094, #4558, #3967 ) ;
#5406 = CARTESIAN_POINT ( 'NONE',  ( -7.590710678118655075, 0.000000000000000000, 5.442830808016390520 ) ) ;
#5407 = CARTESIAN_POINT ( 'NONE',  ( 3.433639610306789880, -1.044815499854965024, 4.000000000000000000 ) ) ;
#5408 = EDGE_CURVE ( 'NONE', #4757, #2176, #2985, .T. ) ;
#5409 = CARTESIAN_POINT ( 'NONE',  ( 9.904545454545443661, 0.5000000000000000000, -4.785392286829072361 ) ) ;
#5410 = VECTOR ( 'NONE', #5986, 1000.000000000000000 ) ;
#5411 = AXIS2_PLACEMENT_3D ( 'NONE', #6511, #4888, #3831 ) ;
#5412 = CARTESIAN_POINT ( 'NONE',  ( -3.583180194846605104, 3.954060262691557526, 3.954060262691560190 ) ) ;
#5413 = ORIENTED_EDGE ( 'NONE', *, *, #143, .F. ) ;
#5414 = CARTESIAN_POINT ( 'NONE',  ( 2.651438096812269876E-16, -1.443375672974063884, 2.312500000000000000 ) ) ;
#5415 = DIRECTION ( 'NONE',  ( 0.000000000000000000, -1.000000000000000000, 0.000000000000000000 ) ) ;
#5416 = DIRECTION ( 'NONE',  ( 0.000000000000000000, 0.000000000000000000, -1.000000000000000000 ) ) ;
#5417 = VERTEX_POINT ( 'NONE', #4118 ) ;
#5418 = FACE_BOUND ( 'NONE', #4956, .T. ) ;
#5419 = LINE ( 'NONE', #3782, #6514 ) ;
#5420 = ORIENTED_EDGE ( 'NONE', *, *, #2541, .T. ) ;
#5421 = CARTESIAN_POINT ( 'NONE',  ( -1.249999999999999556, 0.7216878364870319418, 1.260416667349463893 ) ) ;
#5422 = CARTESIAN_POINT ( 'NONE',  ( 3.433639610306789880, 7.589415207398531038E-16, 4.000000000000000888 ) ) ;
#5423 = AXIS2_PLACEMENT_3D ( 'NONE', #5894, #6783, #6300 ) ;
#5424 = EDGE_CURVE ( 'NONE', #661, #6688, #1034, .T. ) ;
#5425 = CARTESIAN_POINT ( 'NONE',  ( 0.5573417656250000407, 0.9653442552426449996, -0.2239583329919349886 ) ) ;
#5426 = UNCERTAINTY_MEASURE_WITH_UNIT (LENGTH_MEASURE( 1.000000000000000082E-05 ), #709, 'distance_accuracy_value', 'NONE');
#5427 = DIRECTION ( 'NONE',  ( -0.000000000000000000, -1.000000000000000000, -0.000000000000000000 ) ) ;
#5428 = CARTESIAN_POINT ( 'NONE',  ( -3.600000000000000533, -0.7134033317526825568, 5.450000000000001954 ) ) ;
#5429 = CARTESIAN_POINT ( 'NONE',  ( 0.6142713183497640062, -1.025397830871143778, 2.301961814900019831 ) ) ;
#5430 = CARTESIAN_POINT ( 'NONE',  ( -7.620000000000000107, 4.543596168972992011, 1.470207187019964132E-15 ) ) ;
#5431 = CARTESIAN_POINT ( 'NONE',  ( 0.5573417656250010399, -0.9653442552426449996, -0.3072916663252684977 ) ) ;
#5432 = EDGE_CURVE ( 'NONE', #6276, #3268, #4406, .T. ) ;
#5433 = ORIENTED_EDGE ( 'NONE', *, *, #5383, .T. ) ;
#5434 = CARTESIAN_POINT ( 'NONE',  ( 0.005481617016667239897, -0.8660080553175490969, 2.000000000000000000 ) ) ;
#5435 = CARTESIAN_POINT ( 'NONE',  ( -1.114683531249999415, 0.6435628368284300738, 1.401041667008064096 ) ) ;
#5436 = DIRECTION ( 'NONE',  ( 0.000000000000000000, 0.000000000000000000, 1.000000000000000000 ) ) ;
#5437 = DIRECTION ( 'NONE',  ( -1.000000000000000000, -0.000000000000000000, -0.000000000000000000 ) ) ;
#5438 = CARTESIAN_POINT ( 'NONE',  ( 1.114683531250000526, -0.6435628368284300738, 2.276041667008062763 ) ) ;
#5439 = CARTESIAN_POINT ( 'NONE',  ( -7.553639610306790431, 0.7133073313039072216, 5.450000000000000178 ) ) ;
#5440 = LINE ( 'NONE', #2789, #3696 ) ;
#5441 = DIRECTION ( 'NONE',  ( 0.8849001878009900013, 0.000000000000000000, -0.4657806969269686070 ) ) ;
#5442 = FACE_OUTER_BOUND ( 'NONE', #920, .T. ) ;
#5443 = CARTESIAN_POINT ( 'NONE',  ( -3.566360389693212785, 2.139921993911734877, -5.166228700122144524 ) ) ;
#5444 = ORIENTED_EDGE ( 'NONE', *, *, #1715, .F. ) ;
#5445 = DIRECTION ( 'NONE',  ( 0.000000000000000000, 0.000000000000000000, 1.000000000000000000 ) ) ;
#5446 = CARTESIAN_POINT ( 'NONE',  ( 0.6250000000000000000, 1.082531754730549967, 2.166666666666665186 ) ) ;
#5447 = AXIS2_PLACEMENT_3D ( 'NONE', #1322, #2801, #3921 ) ;
#5448 = CARTESIAN_POINT ( 'NONE',  ( -18.25000000000000000, 0.000000000000000000, 0.000000000000000000 ) ) ;
#5449 = LINE ( 'NONE', #5278, #2479 ) ;
#5450 = DIRECTION ( 'NONE',  ( 0.000000000000000000, 0.000000000000000000, 1.000000000000000000 ) ) ;
#5451 = CARTESIAN_POINT ( 'NONE',  ( -7.620000000000000995, -2.100657370170204707, -5.071435512963952341 ) ) ;
#5452 = AXIS2_PLACEMENT_3D ( 'NONE', #5230, #4190, #5790 ) ;
#5453 = VERTEX_POINT ( 'NONE', #3030 ) ;
#5454 = DIRECTION ( 'NONE',  ( 0.000000000000000000, 0.000000000000000000, -1.000000000000000000 ) ) ;
#5455 = VERTEX_POINT ( 'NONE', #4154 ) ;
#5456 = EDGE_CURVE ( 'NONE', #5069, #3599, #4752, .T. ) ;
#5457 = CARTESIAN_POINT ( 'NONE',  ( 0.6250000000000000000, 1.082531754730549967, 1.447916667349461894 ) ) ;
#5458 = CARTESIAN_POINT ( 'NONE',  ( 3.433639610306789880, -1.044815499854965024, 4.000000000000000000 ) ) ;
#5459 = CARTESIAN_POINT ( 'NONE',  ( -0.5573417656249990415, -0.9653442552426459988, 0.4010416670080649837 ) ) ;
#5460 = CARTESIAN_POINT ( 'NONE',  ( -7.619999999999999218, 3.212807662054015356, -3.212807662054023794 ) ) ;
#5461 = CARTESIAN_POINT ( 'NONE',  ( -3.600000000000000089, -4.762135816530704169, -2.744723443021402698 ) ) ;
#5462 = DIRECTION ( 'NONE',  ( 0.000000000000000000, 1.000000000000000000, -0.000000000000000000 ) ) ;
#5463 = CARTESIAN_POINT ( 'NONE',  ( -7.620000000000001883, -3.199627467207418974, -3.199627467207417642 ) ) ;
#5464 = ORIENTED_EDGE ( 'NONE', *, *, #5432, .F. ) ;
#5465 = CIRCLE ( 'NONE', #2540, 1.250000000000000000 ) ;
#5466 = LINE ( 'NONE', #4354, #2619 ) ;
#5467 = DIRECTION ( 'NONE',  ( -1.000000000000000000, 0.000000000000000000, 0.000000000000000000 ) ) ;
#5468 = CARTESIAN_POINT ( 'NONE',  ( -3.583180194846606437, 2.139921993911720222, 5.166228700122148965 ) ) ;
#5469 = CARTESIAN_POINT ( 'NONE',  ( -1.114683531250000081, 0.000000000000000000, 1.671875000341400019 ) ) ;
#5470 = CARTESIAN_POINT ( 'NONE',  ( -7.620000000000001883, -5.103323571721349872, 2.113865836585271829 ) ) ;
#5471 = DIRECTION ( 'NONE',  ( 0.1727965296709907672, 1.206225100976402650E-16, 0.9849575418938942839 ) ) ;
#5472 = CARTESIAN_POINT ( 'NONE',  ( -4.930577592081720084, -5.339822455909978949, -1.092188831138904748 ) ) ;
#5473 = CARTESIAN_POINT ( 'NONE',  ( 3.500000000000000000, 0.000000000000000000, 0.000000000000000000 ) ) ;
#5474 = CARTESIAN_POINT ( 'NONE',  ( -3.566360389693211452, -5.166228700122151629, 2.139921993911703346 ) ) ;
#5475 = ORIENTED_EDGE ( 'NONE', *, *, #2143, .T. ) ;
#5476 = CARTESIAN_POINT ( 'NONE',  ( -1.249999999999999556, 0.7216878364870319418, 1.729166666666666519 ) ) ;
#5477 = CARTESIAN_POINT ( 'NONE',  ( 3.500000000000000000, -2.076125246343993869, -3.572835999436513088 ) ) ;
#5478 = AXIS2_PLACEMENT_3D ( 'NONE', #3390, #2762, #1217 ) ;
#5479 = CARTESIAN_POINT ( 'NONE',  ( -0.9964999999999999414, 0.000000000000000000, 2.500000000000000000 ) ) ;
#5480 = CARTESIAN_POINT ( 'NONE',  ( -1.114683531249999637, -0.6435628368284300738, -0.5572916663252680536 ) ) ;
#5481 = TOROIDAL_SURFACE ( 'NONE', #3133, 6.758822509939086842, 1.979999999999999982 ) ;
#5482 = AXIS2_PLACEMENT_3D ( 'NONE', #4904, #6493, #1711 ) ;
#5483 = EDGE_CURVE ( 'NONE', #365, #2063, #4838, .T. ) ;
#5484 = FACE_OUTER_BOUND ( 'NONE', #5812, .T. ) ;
#5485 = CARTESIAN_POINT ( 'NONE',  ( -3.583180194846605104, -5.166228700122143636, -2.139921993911734877 ) ) ;
#5486 = VERTEX_POINT ( 'NONE', #512 ) ;
#5487 = CARTESIAN_POINT ( 'NONE',  ( -1.250000000000000000, 0.000000000000000000, 1.781250000682794932 ) ) ;
#5488 = ORIENTED_EDGE ( 'NONE', *, *, #3471, .F. ) ;
#5489 = CARTESIAN_POINT ( 'NONE',  ( 3.499999999999998668, 3.186447272360805716, 3.186447272360813709 ) ) ;
#5490 = PRODUCT_DEFINITION_CONTEXT ( 'detailed design', #4842, 'design' ) ;
#5491 = DIRECTION ( 'NONE',  ( -0.000000000000000000, 0.000000000000000000, -1.000000000000000000 ) ) ;
#5492 = CARTESIAN_POINT ( 'NONE',  ( 0.6250000000000000000, -1.082531754730548190, 2.114583334016129967 ) ) ;
#5493 = CIRCLE ( 'NONE', #6709, 14.49999999999999822 ) ;
#5494 = CARTESIAN_POINT ( 'NONE',  ( -7.620000000000000107, -2.168404344971008868E-16, 4.083180194846605104 ) ) ;
#5495 = CARTESIAN_POINT ( 'NONE',  ( 0.000000000000000000, 0.000000000000000000, 2.500000000000000000 ) ) ;
#5496 = CARTESIAN_POINT ( 'NONE',  ( 0.2011457521577715291, -1.188028571773326547, 2.292761219650814475 ) ) ;
#5497 = DIRECTION ( 'NONE',  ( 0.000000000000000000, 0.000000000000000000, 1.000000000000000000 ) ) ;
#5498 = ORIENTED_EDGE ( 'NONE', *, *, #1984, .T. ) ;
#5499 = DIRECTION ( 'NONE',  ( 0.9123507013817379052, 0.3034279514473378070, 0.2748593748969153649 ) ) ;
#5500 = FACE_OUTER_BOUND ( 'NONE', #4670, .T. ) ;
#5501 = CARTESIAN_POINT ( 'NONE',  ( -4.469076153304730070, -3.952714708131871202, -0.6320637349147585349 ) ) ;
#5502 = CARTESIAN_POINT ( 'NONE',  ( -3.600000000000001421, 2.139921993911734877, -5.166228700122144524 ) ) ;
#5503 = CARTESIAN_POINT ( 'NONE',  ( 1.114683531250000081, 1.365093618607580186E-16, 1.296875000341400241 ) ) ;
#5504 = CARTESIAN_POINT ( 'NONE',  ( -7.620000000000004547, -2.113865836585290925, 5.103323571721348095 ) ) ;
#5505 = CARTESIAN_POINT ( 'NONE',  ( 3.500000000000000444, 1.066542489069139066, 4.083180194846605993 ) ) ;
#5506 = EDGE_CURVE ( 'NONE', #6079, #6752, #1055, .T. ) ;
#5507 = ORIENTED_EDGE ( 'NONE', *, *, #5213, .T. ) ;
#5508 = VECTOR ( 'NONE', #1616, 1000.000000000000000 ) ;
#5509 = CARTESIAN_POINT ( 'NONE',  ( -6.559100908943501729, -3.927221426111358049, -0.7687144936836689535 ) ) ;
#5510 = EDGE_CURVE ( 'NONE', #2870, #3580, #5168, .T. ) ;
#5511 = CARTESIAN_POINT ( 'NONE',  ( -3.507169191983608769, -3.975310123934176598, -3.975310123934157502 ) ) ;
#5512 = ORIENTED_EDGE ( 'NONE', *, *, #1925, .T. ) ;
#5513 = CARTESIAN_POINT ( 'NONE',  ( -1.250000000000000000, 0.000000000000000000, 1.000000000000000000 ) ) ;
#5514 = CARTESIAN_POINT ( 'NONE',  ( 3.500000000000000444, 4.878909776184769953E-16, 4.100000000000000533 ) ) ;
#5515 = DIRECTION ( 'NONE',  ( -1.000000000000000000, 0.000000000000000000, 0.000000000000000000 ) ) ;
#5516 = CARTESIAN_POINT ( 'NONE',  ( -7.620000000000000107, 0.000000000000000000, 5.350000000000000533 ) ) ;
#5517 = VECTOR ( 'NONE', #710, 1000.000000000000114 ) ;
#5518 = SHAPE_REPRESENTATION_RELATIONSHIP ( 'NONE' , 'NONE' ,  #1356, #3062 ) ;
#5519 = CIRCLE ( 'NONE', #1044, 9.597815608934052278 ) ;
#5520 = AXIS2_PLACEMENT_3D ( 'NONE', #4829, #1604, #69 ) ;
#5521 = CYLINDRICAL_SURFACE ( 'NONE', #4563, 8.799999999999998934 ) ;
#5522 = CARTESIAN_POINT ( 'NONE',  ( -3.500000000000000444, 0.7263955392177405823, 5.550000000000000711 ) ) ;
#5523 = ORIENTED_EDGE ( 'NONE', *, *, #6107, .T. ) ;
#5524 = CARTESIAN_POINT ( 'NONE',  ( -0.6250000000000000000, -1.082531754730549967, 1.572916667349465225 ) ) ;
#5525 = ORIENTED_EDGE ( 'NONE', *, *, #6156, .T. ) ;
#5526 = ORIENTED_EDGE ( 'NONE', *, *, #5401, .T. ) ;
#5527 = CARTESIAN_POINT ( 'NONE',  ( 3.416819805153395340, -1.044815499854965024, 4.000000000000000000 ) ) ;
#5528 = CARTESIAN_POINT ( 'NONE',  ( -1.183481274119445370, -0.3839793003465389876, 0.9999999999999995559 ) ) ;
#5529 = CARTESIAN_POINT ( 'NONE',  ( -3.500000000000000444, 0.7241941281485626547, 5.533180194846606170 ) ) ;
#5530 = FACE_OUTER_BOUND ( 'NONE', #2712, .T. ) ;
#5531 = EDGE_CURVE ( 'NONE', #1855, #3995, #5303, .T. ) ;
#5532 = CARTESIAN_POINT ( 'NONE',  ( 3.500000000000000444, 1.058264950912608082, 3.994251324549916493 ) ) ;
#5533 = CARTESIAN_POINT ( 'NONE',  ( -4.469048223801634911, -0.6316966706018541933, -3.952727732370140856 ) ) ;
#5534 = CARTESIAN_POINT ( 'NONE',  ( -7.620000000000000107, -2.168404344971008868E-16, 4.066360389693210564 ) ) ;
#5535 = ORIENTED_EDGE ( 'NONE', *, *, #3955, .T. ) ;
#5536 = ADVANCED_FACE ( 'NONE', ( #3137 ), #4224, .T. ) ;
#5537 = CARTESIAN_POINT ( 'NONE',  ( -4.309963702462136226, -4.000011342979573392, -0.08157494172951258726 ) ) ;
#5538 = CARTESIAN_POINT ( 'NONE',  ( -7.881371681721266152E-17, 1.287125673656860148, 1.359375000341396911 ) ) ;
#5539 = CARTESIAN_POINT ( 'NONE',  ( -7.612830808016394002, -3.932810401448966875, 3.932810401448941118 ) ) ;
#5540 = CARTESIAN_POINT ( 'NONE',  ( -10.96959908977125941, 0.5000000000000000000, -9.482504722365789007 ) ) ;
#5541 = ORIENTED_EDGE ( 'NONE', *, *, #2657, .T. ) ;
#5542 = CARTESIAN_POINT ( 'NONE',  ( -7.620000000000000107, 0.000000000000000000, 0.000000000000000000 ) ) ;
#5543 = APPLICATION_CONTEXT ( 'automotive_design' ) ;
#5544 = CARTESIAN_POINT ( 'NONE',  ( -3.500000000000000444, 0.000000000000000000, 5.516360389693211630 ) ) ;
#5545 = AXIS2_PLACEMENT_3D ( 'NONE', #6373, #1592, #5364 ) ;
#5546 = CARTESIAN_POINT ( 'NONE',  ( -3.507169191983608769, 5.193992981830506395, -2.151422335944867203 ) ) ;
#5547 = ORIENTED_EDGE ( 'NONE', *, *, #6015, .T. ) ;
#5548 = CARTESIAN_POINT ( 'NONE',  ( 0.6250000000000000000, 1.082531754730549967, 0.6666666666666670737 ) ) ;
#5549 = CARTESIAN_POINT ( 'NONE',  ( 3.500000000000000888, -3.277372294450010770, 2.520768136199468490 ) ) ;
#5550 = CARTESIAN_POINT ( 'NONE',  ( 20.57888721528905052, 0.000000000000000000, -4.424509502584796472 ) ) ;
#5551 = CARTESIAN_POINT ( 'NONE',  ( -7.590710678118655963, -2.137107037654053965, 5.159432794547396561 ) ) ;
#5552 = AXIS2_PLACEMENT_3D ( 'NONE', #4077, #303, #5131 ) ;
#5553 = LINE ( 'NONE', #144, #4901 ) ;
#5554 = CARTESIAN_POINT ( 'NONE',  ( -3.507169191983607881, -5.193992981830493960, -2.151422335944881858 ) ) ;
#5555 = ORIENTED_EDGE ( 'NONE', *, *, #4381, .T. ) ;
#5556 = CARTESIAN_POINT ( 'NONE',  ( -1.249999999999999556, 0.7216878364870319418, 1.510416667349461450 ) ) ;
#5557 = CARTESIAN_POINT ( 'NONE',  ( 2.364411504516379476E-16, -1.287125673656860148, 1.984375000341397799 ) ) ;
#5558 = EDGE_LOOP ( 'NONE', ( #75, #3246, #1587, #5935 ) ) ;
#5559 = EDGE_LOOP ( 'NONE', ( #5413, #5591, #6465, #4176 ) ) ;
#5560 = CARTESIAN_POINT ( 'NONE',  ( 3.399999999999999911, -3.134446499564894850, -3.134446499564899291 ) ) ;
#5561 = CARTESIAN_POINT ( 'NONE',  ( -7.619999999999999218, 0.7091957684612292256, 5.350000000000001421 ) ) ;
#5562 = CARTESIAN_POINT ( 'NONE',  ( -3.500000000000000444, 0.000000000000000000, 5.550000000000000711 ) ) ;
#5563 = DIRECTION ( 'NONE',  ( -0.000000000000000000, -1.000000000000000000, -0.000000000000000000 ) ) ;
#5564 = CARTESIAN_POINT ( 'NONE',  ( -0.8528974517560609092, -0.8838185038643288083, 2.269286089790470751 ) ) ;
#5565 = CARTESIAN_POINT ( 'NONE',  ( 5.469920153669276530, 4.000000000000000000, 10.39187197574504573 ) ) ;
#5566 = DIRECTION ( 'NONE',  ( -0.3939572814174825410, 0.4679506978517088411, 0.7910877352090887049 ) ) ;
#5567 = CYLINDRICAL_SURFACE ( 'NONE', #3405, 6.080000000000000959 ) ;
#5568 = CARTESIAN_POINT ( 'NONE',  ( -1.114683531249999637, 0.6435628368284300738, 1.901041667008062319 ) ) ;
#5569 = CARTESIAN_POINT ( 'NONE',  ( -7.536819805153395890, -0.7133073313039065555, 5.450000000000000178 ) ) ;
#5570 = CARTESIAN_POINT ( 'NONE',  ( 3.433639610306789880, 4.432776750217553463, -1.045839938031948888E-15 ) ) ;
#5571 = EDGE_LOOP ( 'NONE', ( #2589, #460, #2347, #2447 ) ) ;
#5572 = DIRECTION ( 'NONE',  ( -1.000000000000000000, -0.000000000000000000, -0.000000000000000000 ) ) ;
#5573 = EDGE_LOOP ( 'NONE', ( #900, #2498, #5127, #3975 ) ) ;
#5574 = VECTOR ( 'NONE', #1863, 1000.000000000000000 ) ;
#5575 = CARTESIAN_POINT ( 'NONE',  ( -7.520000000000001350, 0.5235987755982990377, 4.000000000000000888 ) ) ;
#5576 = COLOUR_RGB ( '',0.7921568627450980005, 0.8196078431372548767, 0.9333333333333333481 ) ;
#5577 = CARTESIAN_POINT ( 'NONE',  ( -3.499999999999998668, 4.002205763591121013, -4.002205763591133447 ) ) ;
#5578 = VERTEX_POINT ( 'NONE', #962 ) ;
#5579 = CARTESIAN_POINT ( 'NONE',  ( -1.249999999999999556, 0.7216878364870319418, 0.7291666666666674068 ) ) ;
#5580 = DIRECTION ( 'NONE',  ( -0.000000000000000000, -1.000000000000000000, -0.000000000000000000 ) ) ;
#5581 = CARTESIAN_POINT ( 'NONE',  ( 0.6250000000000000000, 1.082531754730549967, 1.197916667349461894 ) ) ;
#5582 = CARTESIAN_POINT ( 'NONE',  ( -7.590710678118650634, 3.948858901748800054, -3.948858901748811601 ) ) ;
#5583 = CARTESIAN_POINT ( 'NONE',  ( 11.00454545454544331, 0.5000000000000000000, -4.785392286829072361 ) ) ;
#5584 = CARTESIAN_POINT ( 'NONE',  ( -3.499999999999998668, 4.026611827144606970, -4.026611827144619404 ) ) ;
#5585 = ORIENTED_EDGE ( 'NONE', *, *, #3861, .T. ) ;
#5586 = CARTESIAN_POINT ( 'NONE',  ( 1.250000000000001776, -0.7216878364870319418, -0.3645833326505367733 ) ) ;
#5587 = CARTESIAN_POINT ( 'NONE',  ( 0.5573417656250000407, 0.9653442552426449996, 2.338541667008064984 ) ) ;
#5588 = ORIENTED_EDGE ( 'NONE', *, *, #4989, .T. ) ;
#5589 = CIRCLE ( 'NONE', #569, 9.597803391643314086 ) ;
#5590 = ADVANCED_FACE ( 'NONE', ( #2655 ), #5268, .T. ) ;
#5591 = ORIENTED_EDGE ( 'NONE', *, *, #1687, .F. ) ;
#5592 = CARTESIAN_POINT ( 'NONE',  ( -7.620000000000000107, 1.392327480902494807, 5.213970447914061168 ) ) ;
#5593 = CARTESIAN_POINT ( 'NONE',  ( -3.500000000000001332, 2.179186617653234848, -5.261021887280349141 ) ) ;
#5594 = EDGE_CURVE ( 'NONE', #6080, #6294, #3317, .T. ) ;
#5595 = DIRECTION ( 'NONE',  ( -1.000000000000000000, -0.000000000000000000, -0.000000000000000000 ) ) ;
#5596 = EDGE_CURVE ( 'NONE', #3400, #2794, #6264, .T. ) ;
#5597 = ADVANCED_FACE ( 'NONE', ( #1798 ), #5026, .F. ) ;
#5598 = CARTESIAN_POINT ( 'NONE',  ( -1.250000000000000000, 0.000000000000000000, 1.031250000682796042 ) ) ;
#5599 = CARTESIAN_POINT ( 'NONE',  ( -5.963970558771015895, -1.185790174944683972, -3.820339534121884206 ) ) ;
#5600 = DIRECTION ( 'NONE',  ( 0.000000000000000000, -1.000000000000000000, 0.000000000000000000 ) ) ;
#5601 = DIRECTION ( 'NONE',  ( -0.3939572814174825410, 0.9102597846640161361, 0.1273765474550362375 ) ) ;
#5602 = CONICAL_SURFACE ( 'NONE', #4951, 12.67999999999999972, 0.1853479499956948995 ) ;
#5603 = ADVANCED_FACE ( 'NONE', ( #2785 ), #4400, .F. ) ;
#5604 = CYLINDRICAL_SURFACE ( 'NONE', #4862, 1.250000000000000222 ) ;
#5605 = CARTESIAN_POINT ( 'NONE',  ( 1.114683531249999637, 0.6435628368284300738, 0.8177083336747316133 ) ) ;
#5606 = AXIS2_PLACEMENT_3D ( 'NONE', #485, #1045, #3074 ) ;
#5607 = CARTESIAN_POINT ( 'NONE',  ( -7.536819805153397667, 2.139921993911719333, 5.166228700122148076 ) ) ;
#5608 = CARTESIAN_POINT ( 'NONE',  ( 3.500000000000000888, 4.506316948359412322, -1.220146594370607069E-15 ) ) ;
#5609 = ORIENTED_EDGE ( 'NONE', *, *, #1668, .T. ) ;
#5610 = CARTESIAN_POINT ( 'NONE',  ( 2.831010643070036803, 0.000000000000000000, 0.000000000000000000 ) ) ;
#5611 = EDGE_LOOP ( 'NONE', ( #3468, #5555, #1503, #2549 ) ) ;
#5612 = CARTESIAN_POINT ( 'NONE',  ( -7.520000000000001350, 4.000000000000000888, -0.5235987755982985936 ) ) ;
#5613 = VERTEX_POINT ( 'NONE', #2882 ) ;
#5614 = EDGE_CURVE ( 'NONE', #2813, #1822, #229, .T. ) ;
#5615 = CARTESIAN_POINT ( 'NONE',  ( -7.620000000000000107, 3.572668520434949535, -2.076055874271330204 ) ) ;
#5616 = LINE ( 'NONE', #5716, #4944 ) ;
#5617 = CARTESIAN_POINT ( 'NONE',  ( -7.590710678118655963, -3.948858901748822703, 3.948858901748797390 ) ) ;
#5618 = VECTOR ( 'NONE', #3367, 1000.000000000000114 ) ;
#5619 = ADVANCED_FACE ( 'NONE', ( #5402 ), #4467, .T. ) ;
#5620 = CARTESIAN_POINT ( 'NONE',  ( -3.628989356929962717, 0.000000000000000000, 9.597803391643314086 ) ) ;
#5621 = CARTESIAN_POINT ( 'NONE',  ( -3.500000000000001332, 2.172582384445701287, -5.245077857901645046 ) ) ;
#5622 = ORIENTED_EDGE ( 'NONE', *, *, #3211, .T. ) ;
#5623 =( GEOMETRIC_REPRESENTATION_CONTEXT ( 3 ) GLOBAL_UNCERTAINTY_ASSIGNED_CONTEXT ( ( #516 ) ) GLOBAL_UNIT_ASSIGNED_CONTEXT ( ( #1681, #3816, #4837 ) ) REPRESENTATION_CONTEXT ( 'NONE', 'WORKASPACE' ) );
#5624 = CARTESIAN_POINT ( 'NONE',  ( 1.250000000000001776, -0.7216878364870319418, -0.6145833326505366623 ) ) ;
#5625 = CARTESIAN_POINT ( 'NONE',  ( -1.114683531249999637, 0.6435628368284300738, 1.651041667008064318 ) ) ;
#5626 = ORIENTED_EDGE ( 'NONE', *, *, #3624, .F. ) ;
#5627 = ORIENTED_EDGE ( 'NONE', *, *, #5130, .T. ) ;
#5628 = PLANE ( 'NONE',  #2004 ) ;
#5629 = CARTESIAN_POINT ( 'NONE',  ( -1.240276336175833993, -0.1944732764833209393, 1.000000000000000000 ) ) ;
#5630 = CARTESIAN_POINT ( 'NONE',  ( -3.499999999999999556, -5.261021887280344700, -2.179186617653234403 ) ) ;
#5631 = DIRECTION ( 'NONE',  ( 0.000000000000000000, 0.000000000000000000, -1.000000000000000000 ) ) ;
#5632 = CARTESIAN_POINT ( 'NONE',  ( 0.000000000000000000, -0.5000000000000000000, 0.000000000000000000 ) ) ;
#5633 = DIRECTION ( 'NONE',  ( -1.000000000000000000, -0.000000000000000000, -0.000000000000000000 ) ) ;
#5634 = EDGE_CURVE ( 'NONE', #5143, #4422, #2751, .T. ) ;
#5635 = CARTESIAN_POINT ( 'NONE',  ( 1.250000000000001776, -0.7216878364870320528, 1.135416667349463671 ) ) ;
#5636 = EDGE_CURVE ( 'NONE', #6025, #6080, #2356, .T. ) ;
#5637 = CARTESIAN_POINT ( 'NONE',  ( -1.114683531249999637, -0.6435628368284300738, 0.9427083336747316133 ) ) ;
#5638 = CARTESIAN_POINT ( 'NONE',  ( -7.536819805153397667, -5.591885649938929781, 2.274001740570571689E-14 ) ) ;
#5639 = CARTESIAN_POINT ( 'NONE',  ( 3.500000000000001332, -9.307686697284438816E-16, -4.506316948359411434 ) ) ;
#5640 = VERTEX_POINT ( 'NONE', #3304 ) ;
#5641 = AXIS2_PLACEMENT_3D ( 'NONE', #4429, #4880, #5497 ) ;
#5642 = CARTESIAN_POINT ( 'NONE',  ( 0.6357779779346209859, 0.9559004306606521117, 2.353050445880831010 ) ) ;
#5643 = EDGE_LOOP ( 'NONE', ( #2030, #3014, #3902, #5475 ) ) ;
#5644 = CARTESIAN_POINT ( 'NONE',  ( -7.520000000000000462, 0.5235987755982993708, -4.000000000000000888 ) ) ;
#5645 = ORIENTED_EDGE ( 'NONE', *, *, #4909, .T. ) ;
#5646 = CARTESIAN_POINT ( 'NONE',  ( -7.520000000000000462, -4.000000000000000000, -0.5235987755982995928 ) ) ;
#5647 = CARTESIAN_POINT ( 'NONE',  ( 1.250000000000000000, 1.530808498934190091E-16, 1.156250000682796042 ) ) ;
#5648 = CARTESIAN_POINT ( 'NONE',  ( -7.612830808016394002, 5.138464418413797752, -2.128421651878572796 ) ) ;
#5649 = CARTESIAN_POINT ( 'NONE',  ( -3.308954545963465943, 1.077689183249670605E-15, -8.799999999999998934 ) ) ;
#5650 =( NAMED_UNIT ( * ) PLANE_ANGLE_UNIT ( ) SI_UNIT ( $, .RADIAN. ) );
#5651 = CARTESIAN_POINT ( 'NONE',  ( -3.500000000000000000, 2.165978151238152627, 5.229133828522948946 ) ) ;
#5652 = AXIS2_PLACEMENT_3D ( 'NONE', #6676, #6161, #1373 ) ;
#5653 = ORIENTED_EDGE ( 'NONE', *, *, #791, .T. ) ;
#5654 = B_SPLINE_CURVE_WITH_KNOTS ( 'NONE', 3,
 ( #853, #2407, #3586, #4546, #396, #6233, #5615, #6202, #6139, #6754, #5193, #3619, #6658, #1353, #5133, #4110, #6719, #1418 ),
 .UNSPECIFIED., .F., .F.,
 ( 4, 2, 2, 2, 2, 2, 2, 2, 4 ),
 ( 0.5000000000000000000, 0.5625000000000000000, 0.6250000000000000000, 0.6875000000000000000, 0.7500000000000000000, 0.8125000000000000000, 0.8750000000000000000, 0.9375000000000000000, 1.000000000000000000 ),
 .UNSPECIFIED. ) ;
#5655 = CARTESIAN_POINT ( 'NONE',  ( 1.250000000000000000, 1.530808498934190091E-16, 0.1562500006827970134 ) ) ;
#5656 = CARTESIAN_POINT ( 'NONE',  ( -7.881371681721266152E-17, 1.287125673656860148, 2.359375000341398021 ) ) ;
#5657 = ORIENTED_EDGE ( 'NONE', *, *, #4144, .F. ) ;
#5658 = CARTESIAN_POINT ( 'NONE',  ( 3.500000000000000444, -3.212807662054023350, 3.212807662054018021 ) ) ;
#5659 = PRODUCT_DEFINITION ( 'UNKNOWN', '', #208, #1720 ) ;
#5660 = CARTESIAN_POINT ( 'NONE',  ( 0.5573417656250000407, 0.9653442552426449996, 2.026041667008065428 ) ) ;
#5661 = DIRECTION ( 'NONE',  ( 0.000000000000000000, 0.000000000000000000, -1.000000000000000000 ) ) ;
#5662 = CARTESIAN_POINT ( 'NONE',  ( -5.892581304228523109, -6.478381567489499159E-16, 22.63828438386521213 ) ) ;
#5663 = ADVANCED_FACE ( 'NONE', ( #3869 ), #4071, .T. ) ;
#5664 = LINE ( 'NONE', #5084, #1256 ) ;
#5665 = CARTESIAN_POINT ( 'NONE',  ( 0.000000000000000000, -4.500000000000000888, 0.000000000000000000 ) ) ;
#5666 = EDGE_LOOP ( 'NONE', ( #1167, #6297, #2436, #4143, #1523, #1678 ) ) ;
#5667 = SHAPE_DEFINITION_REPRESENTATION ( #6441, #728 ) ;
#5668 = CARTESIAN_POINT ( 'NONE',  ( 3.101010643070036821, 0.000000000000000000, 0.000000000000000000 ) ) ;
#5669 = CARTESIAN_POINT ( 'NONE',  ( 1.114683531250000526, -0.6435628368284300738, 1.026041667008064540 ) ) ;
#5670 = CARTESIAN_POINT ( 'NONE',  ( -0.5573417656250000407, 0.9653442552426449996, 0.8177083336747319464 ) ) ;
#5671 = ORIENTED_EDGE ( 'NONE', *, *, #711, .T. ) ;
#5672 = CARTESIAN_POINT ( 'NONE',  ( 0.000000000000000000, 4.000000000000000000, 0.000000000000000000 ) ) ;
#5673 = FACE_OUTER_BOUND ( 'NONE', #2800, .T. ) ;
#5674 = ORIENTED_EDGE ( 'NONE', *, *, #434, .F. ) ;
#5675 = ADVANCED_FACE ( 'NONE', ( #1206 ), #1762, .T. ) ;
#5676 = CARTESIAN_POINT ( 'NONE',  ( -7.519999999999999574, -3.895890706673260873, -1.046991537437123476 ) ) ;
#5677 = FACE_OUTER_BOUND ( 'NONE', #6569, .T. ) ;
#5678 =( BOUNDED_CURVE ( )  B_SPLINE_CURVE ( 2, ( #91, #2225, #4357, #6545, #5954, #2816, #4994 ),
 .UNSPECIFIED., .F., .T. ) 
 B_SPLINE_CURVE_WITH_KNOTS ( ( 3, 2, 2, 3 ),
 ( 0.08463114536644020247, 0.09722222222222219601, 0.1111111111111110078, 0.1250000000000000000 ),
 .UNSPECIFIED. ) 
 CURVE ( )  GEOMETRIC_REPRESENTATION_ITEM ( )  RATIONAL_B_SPLINE_CURVE ( ( 0.9773017635001040038, 0.8785443204875800216, 1.000000000000000000, 0.8660254037844389297, 1.000000000000000000, 0.8660254037844389297, 1.000000000000000000 ) ) 
 REPRESENTATION_ITEM ( '' )  );
#5679 = CARTESIAN_POINT ( 'NONE',  ( 1.250000000000003109, -0.7216878364870329410, 1.885416667349465447 ) ) ;
#5680 = CARTESIAN_POINT ( 'NONE',  ( -7.620000000000000107, -5.421010862427522170E-17, 5.383639610306790502 ) ) ;
#5681 = AXIS2_PLACEMENT_3D ( 'NONE', #891, #2191, #3727 ) ;
#5682 = FACE_OUTER_BOUND ( 'NONE', #5643, .T. ) ;
#5683 = CARTESIAN_POINT ( 'NONE',  ( 0.000000000000000000, 3.500000000000000000, 0.000000000000000000 ) ) ;
#5684 = VERTEX_POINT ( 'NONE', #609 ) ;
#5685 = CARTESIAN_POINT ( 'NONE',  ( -7.612830808016390449, 6.505213034913026604E-16, -4.029289321881345032 ) ) ;
#5686 =( GEOMETRIC_REPRESENTATION_CONTEXT ( 3 ) GLOBAL_UNCERTAINTY_ASSIGNED_CONTEXT ( ( #3329 ) ) GLOBAL_UNIT_ASSIGNED_CONTEXT ( ( #1220, #657, #1814 ) ) REPRESENTATION_CONTEXT ( 'NONE', 'WORKASPACE' ) );
#5687 = EDGE_LOOP ( 'NONE', ( #1117, #3613 ) ) ;
#5688 = CARTESIAN_POINT ( 'NONE',  ( 2.651438096812269876E-16, -1.443375672974063884, -0.6562499993172037360 ) ) ;
#5689 = CARTESIAN_POINT ( 'NONE',  ( -1.114683531250000081, 0.000000000000000000, 1.421875000341397799 ) ) ;
#5690 = ORIENTED_EDGE ( 'NONE', *, *, #6455, .T. ) ;
#5691 = CARTESIAN_POINT ( 'NONE',  ( 0.000000000000000000, 0.000000000000000000, 0.000000000000000000 ) ) ;
#5692 = EDGE_CURVE ( 'NONE', #328, #3995, #5678, .T. ) ;
#5693 = CARTESIAN_POINT ( 'NONE',  ( 2.364411504516379476E-16, -1.287125673656860148, 1.421875000341397577 ) ) ;
#5694 = ADVANCED_FACE ( 'NONE', ( #1170 ), #5567, .T. ) ;
#5695 = LINE ( 'NONE', #1934, #2563 ) ;
#5696 = CARTESIAN_POINT ( 'NONE',  ( -3.499999999999999556, -1.444361357567519599, 5.408895747786692354 ) ) ;
#5697 = CARTESIAN_POINT ( 'NONE',  ( 1.250000000000003109, -0.7216878364870329410, 1.385416667349464115 ) ) ;
#5698 = FACE_OUTER_BOUND ( 'NONE', #1313, .T. ) ;
#5699 = VERTEX_POINT ( 'NONE', #5124 ) ;
#5700 = AXIS2_PLACEMENT_3D ( 'NONE', #305, #1389, #2505 ) ;
#5701 = DIRECTION ( 'NONE',  ( -2.250553747107818020E-29, 1.000000000000000000, 2.775036242881782319E-30 ) ) ;
#5702 = CARTESIAN_POINT ( 'NONE',  ( 1.114683531250000526, -0.6435628368284300738, 1.713541667008064984 ) ) ;
#5703 = CARTESIAN_POINT ( 'NONE',  ( -1.249999999999996891, -0.7216878364870320528, 1.052083334016130411 ) ) ;
#5704 = CARTESIAN_POINT ( 'NONE',  ( -0.6250000000000000000, -1.082531754730549967, 1.541666666666665186 ) ) ;
#5705 = CARTESIAN_POINT ( 'NONE',  ( -1.114683531249999637, 0.6435628368284300738, 0.9010416670080645396 ) ) ;
#5706 = CARTESIAN_POINT ( 'NONE',  ( -0.5573417656250000407, 0.9653442552426449996, 1.817708333674730170 ) ) ;
#5707 = ORIENTED_EDGE ( 'NONE', *, *, #456, .T. ) ;
#5708 = CIRCLE ( 'NONE', #3261, 8.799999999999998934 ) ;
#5709 = DIRECTION ( 'NONE',  ( 0.000000000000000000, 1.000000000000000000, -0.000000000000000000 ) ) ;
#5710 = DIRECTION ( 'NONE',  ( 1.000000000000000000, -0.000000000000000000, -0.000000000000000000 ) ) ;
#5711 = ORIENTED_EDGE ( 'NONE', *, *, #1769, .T. ) ;
#5712 = CIRCLE ( 'NONE', #2372, 4.771567564183824217 ) ;
#5713 = EDGE_CURVE ( 'NONE', #566, #4872, #322, .T. ) ;
#5714 = DIRECTION ( 'NONE',  ( 0.000000000000000000, 0.000000000000000000, 1.000000000000000000 ) ) ;
#5715 = DIRECTION ( 'NONE',  ( 0.000000000000000000, 0.000000000000000000, 1.000000000000000000 ) ) ;
#5716 = CARTESIAN_POINT ( 'NONE',  ( 0.000000000000000000, 0.000000000000000000, 11.00000000000000000 ) ) ;
#5717 = CARTESIAN_POINT ( 'NONE',  ( -7.536819805153392338, -5.166228700122140083, -2.139921993911734877 ) ) ;
#5718 = CARTESIAN_POINT ( 'NONE',  ( 0.000000000000000000, 0.000000000000000000, 0.000000000000000000 ) ) ;
#5719 = ORIENTED_EDGE ( 'NONE', *, *, #2326, .F. ) ;
#5720 = DIRECTION ( 'NONE',  ( -0.000000000000000000, 1.000000000000000000, -0.000000000000000000 ) ) ;
#5721 =( BOUNDED_CURVE ( )  B_SPLINE_CURVE ( 2, ( #5866, #4301, #1640, #2729, #1495, #3099, #1882 ),
 .UNSPECIFIED., .F., .F. ) 
 B_SPLINE_CURVE_WITH_KNOTS ( ( 3, 2, 2, 3 ),
 ( 0.2083333333333335091, 0.2222222222222224874, 0.2361111111111110217, 0.2500000000000000000 ),
 .UNSPECIFIED. ) 
 CURVE ( )  GEOMETRIC_REPRESENTATION_ITEM ( )  RATIONAL_B_SPLINE_CURVE ( ( 1.000000000000000000, 0.8660254037844389297, 1.000000000000000000, 0.8660254037844389297, 1.000000000000000000, 0.8660254037844389297, 1.000000000000000000 ) ) 
 REPRESENTATION_ITEM ( '' )  );
#5722 = CARTESIAN_POINT ( 'NONE',  ( 0.02527626149453248566, -1.207528389818620873, 2.288896218827866758 ) ) ;
#5723 = EDGE_LOOP ( 'NONE', ( #1740, #6616, #4117, #5800 ) ) ;
#5724 = CARTESIAN_POINT ( 'NONE',  ( 2.651438096812269876E-16, -1.443375672974063884, 0.09375000068279677745 ) ) ;
#5725 = CARTESIAN_POINT ( 'NONE',  ( -1.114683531250000081, 0.000000000000000000, 0.9218750003413980210 ) ) ;
#5726 = ORIENTED_EDGE ( 'NONE', *, *, #5692, .F. ) ;
#5727 = CARTESIAN_POINT ( 'NONE',  ( 3.500000000000000888, 6.505213034913026604E-16, 4.083180194846605104 ) ) ;
#5728 = CARTESIAN_POINT ( 'NONE',  ( -1.114683531249999415, -0.6435628368284300738, 1.130208333674731502 ) ) ;
#5729 = CARTESIAN_POINT ( 'NONE',  ( -3.500000000000000000, 5.408895747786006680, 1.444361357569058146 ) ) ;
#5730 = CARTESIAN_POINT ( 'NONE',  ( -3.499999999999999556, -5.409078238464342547, 1.444436947680463934 ) ) ;
#5731 = VECTOR ( 'NONE', #6256, 1000.000000000000000 ) ;
#5732 = FACE_OUTER_BOUND ( 'NONE', #4738, .T. ) ;
#5733 = DIRECTION ( 'NONE',  ( 0.000000000000000000, 0.000000000000000000, -1.000000000000000000 ) ) ;
#5734 = ORIENTED_EDGE ( 'NONE', *, *, #3113, .F. ) ;
#5735 = DIRECTION ( 'NONE',  ( 0.5974757281358585859, -1.387778780781445676E-16, 0.8018869959592347385 ) ) ;
#5736 = CONICAL_SURFACE ( 'NONE', #2735, 0.9964999999999999414, 0.7853981633974702614 ) ;
#5738 = CARTESIAN_POINT ( 'NONE',  ( -0.5573417656249990415, -0.9653442552426459988, 1.901041667008064984 ) ) ;
#5737 = VECTOR ( 'NONE', #6089, 999.9999999999998863 ) ;
#5739 = CARTESIAN_POINT ( 'NONE',  ( -11.00454545454544331, 0.5000000000000000000, 4.785392286829072361 ) ) ;
#5740 = CARTESIAN_POINT ( 'NONE',  ( 0.6250000000000000000, 1.082531754730549967, 1.166666666666665853 ) ) ;
#5741 = CARTESIAN_POINT ( 'NONE',  ( -7.881371681721266152E-17, 1.287125673656860148, 1.109375000341397799 ) ) ;
#5742 = CARTESIAN_POINT ( 'NONE',  ( -1.114683531250000081, 0.000000000000000000, 0.8593750003413980210 ) ) ;
#5743 = EDGE_LOOP ( 'NONE', ( #954, #3996, #6749, #3947 ) ) ;
#5744 = CARTESIAN_POINT ( 'NONE',  ( 6.323636270852381891, 0.5000000000000000000, -11.92791110130234422 ) ) ;
#5745 = EDGE_CURVE ( 'NONE', #5699, #6241, #5519, .T. ) ;
#5746 = CARTESIAN_POINT ( 'NONE',  ( 1.114683531250000081, 1.365093618607580186E-16, 2.046875000341400241 ) ) ;
#5747 = ORIENTED_EDGE ( 'NONE', *, *, #5339, .T. ) ;
#5748 = ADVANCED_FACE ( 'NONE', ( #4565, #3971 ), #4500, .F. ) ;
#5749 = DIRECTION ( 'NONE',  ( 0.000000000000000000, 0.000000000000000000, -1.000000000000000000 ) ) ;
#5750 = DIRECTION ( 'NONE',  ( -0.000000000000000000, -1.000000000000000000, -0.000000000000000000 ) ) ;
#5751 = CARTESIAN_POINT ( 'NONE',  ( 1.250000000000000000, 1.530808498934190091E-16, 1.625000000000000000 ) ) ;
#5752 = CARTESIAN_POINT ( 'NONE',  ( -10.96959908977126119, 0.5000000000000000000, -9.482504722365787231 ) ) ;
#5753 = VECTOR ( 'NONE', #2649, 1000.000000000000114 ) ;
#5754 = VERTEX_POINT ( 'NONE', #1340 ) ;
#5755 = CARTESIAN_POINT ( 'NONE',  ( 2.651010643070037087, 0.000000000000000000, -9.597815608934052278 ) ) ;
#5756 = CARTESIAN_POINT ( 'NONE',  ( -6.776872625919628135, -0.3291993288981486243, -3.989320996377478945 ) ) ;
#5757 = CARTESIAN_POINT ( 'NONE',  ( 3.011010643070036963, 0.000000000000000000, 0.000000000000000000 ) ) ;
#5758 = CARTESIAN_POINT ( 'NONE',  ( 1.114683531250000081, 1.365093618607580186E-16, 0.5468750003413981320 ) ) ;
#5759 = EDGE_LOOP ( 'NONE', ( #6167, #2258, #193, #2516 ) ) ;
#5760 =( NAMED_UNIT ( * ) PLANE_ANGLE_UNIT ( ) SI_UNIT ( $, .RADIAN. ) );
#5761 = CARTESIAN_POINT ( 'NONE',  ( 1.114683531249999415, 0.6435628368284300738, 2.255208333674730614 ) ) ;
#5762 = CARTESIAN_POINT ( 'NONE',  ( -1.250000000000000000, 0.000000000000000000, 1.500000000000000000 ) ) ;
#5763 = CARTESIAN_POINT ( 'NONE',  ( -3.499999999999999556, -3.404310685874446296, 4.444434912978957541 ) ) ;
#5764 = PLANE ( 'NONE',  #2152 ) ;
#5765 = CARTESIAN_POINT ( 'NONE',  ( 8.447433235713000751E-07, 0.000000000000000000, 13.34321487424046637 ) ) ;
#5766 = ORIENTED_EDGE ( 'NONE', *, *, #6618, .T. ) ;
#5767 = APPLICATION_PROTOCOL_DEFINITION ( 'draft international standard', 'automotive_design', 1998, #1347 ) ;
#5768 = CARTESIAN_POINT ( 'NONE',  ( 2.364411504516379476E-16, -1.287125673656860148, 2.171875000341394912 ) ) ;
#5769 = CARTESIAN_POINT ( 'NONE',  ( -3.566360389693212340, 5.166228700122152517, -2.139921993911720222 ) ) ;
#5770 = CARTESIAN_POINT ( 'NONE',  ( -7.553639610306789542, 4.432776750217553463, 1.851372013284399482E-15 ) ) ;
#5771 = COLOUR_RGB ( '',0.7803921568627451011, 0.7607843137254901578, 0.7411764705882353255 ) ;
#5772 = CARTESIAN_POINT ( 'NONE',  ( 1.249999999999999556, 0.7216878364870319418, 0.1458333333333332871 ) ) ;
#5773 = CARTESIAN_POINT ( 'NONE',  ( -7.536819805153395002, 4.432776750217553463, 1.851372013284399482E-15 ) ) ;
#5774 = CARTESIAN_POINT ( 'NONE',  ( -1.114683531250000081, 0.000000000000000000, 1.359375000341397799 ) ) ;
#5775 = AXIS2_PLACEMENT_3D ( 'NONE', #3664, #5269, #5515 ) ;
#5776 = ORIENTED_EDGE ( 'NONE', *, *, #4367, .F. ) ;
#5777 = STYLED_ITEM ( 'NONE', ( #1237 ), #557 ) ;
#5778 = CARTESIAN_POINT ( 'NONE',  ( 5.270971560210249013E-05, 3.500000000000000000, 2.770985862293739999E-05 ) ) ;
#5779 = CARTESIAN_POINT ( 'NONE',  ( 0.6250000000000000000, 1.082531754730549967, 1.447916667349461894 ) ) ;
#5780 = ORIENTED_EDGE ( 'NONE', *, *, #4665, .F. ) ;
#5781 = DIRECTION ( 'NONE',  ( 0.000000000000000000, 1.000000000000000000, -0.000000000000000000 ) ) ;
#5782 = DIRECTION ( 'NONE',  ( -0.000000000000000000, -1.000000000000000000, -0.000000000000000000 ) ) ;
#5783 = DIRECTION ( 'NONE',  ( -0.000000000000000000, -1.000000000000000000, 0.000000000000000000 ) ) ;
#5784 = CARTESIAN_POINT ( 'NONE',  ( -7.520000000000000462, -2.139921993911723330, 5.166228700122148965 ) ) ;
#5785 = CARTESIAN_POINT ( 'NONE',  ( -3.600000000000000533, -3.954060262691568628, -3.954060262691548644 ) ) ;
#5786 = ORIENTED_EDGE ( 'NONE', *, *, #4065, .T. ) ;
#5787 = CARTESIAN_POINT ( 'NONE',  ( -7.620000000000000107, 5.421010862427522170E-16, -4.099999999999999645 ) ) ;
#5788 = CARTESIAN_POINT ( 'NONE',  ( -4.929615908544322522, 1.091594122215362672, -3.848724724057931645 ) ) ;
#5789 = AXIS2_PLACEMENT_3D ( 'NONE', #4307, #2697, #39 ) ;
#5790 = DIRECTION ( 'NONE',  ( 0.000000000000000000, -1.000000000000000000, 0.000000000000000000 ) ) ;
#5791 = CARTESIAN_POINT ( 'NONE',  ( 1.114683531250000081, 1.365093618607580186E-16, 0.7968750003413980210 ) ) ;
#5792 = VERTEX_POINT ( 'NONE', #3512 ) ;
#5793 = SHAPE_REPRESENTATION_RELATIONSHIP ( 'NONE' , 'NONE' ,  #1177, #6728 ) ;
#5794 = CARTESIAN_POINT ( 'NONE',  ( 1.114683531249999415, 0.6435628368284300738, 2.005208333674730170 ) ) ;
#5795 = CARTESIAN_POINT ( 'NONE',  ( -1.114683531250000081, 0.000000000000000000, 2.381816468750005189 ) ) ;
#5796 = MECHANICAL_DESIGN_GEOMETRIC_PRESENTATION_REPRESENTATION (  '', ( #1448 ), #5358 ) ;
#5797 = CARTESIAN_POINT ( 'NONE',  ( -6.288271236271614661, 0.000000000000000000, -11.94659296667416903 ) ) ;
#5798 = DIRECTION ( 'NONE',  ( -0.000000000000000000, 1.000000000000000000, 1.224646799147353207E-16 ) ) ;
#5799 = CARTESIAN_POINT ( 'NONE',  ( -5.472922936753940704, 3.500000000000000000, -10.39757672764454455 ) ) ;
#5800 = ORIENTED_EDGE ( 'NONE', *, *, #1738, .T. ) ;
#5801 = ADVANCED_FACE ( 'NONE', ( #1376 ), #2392, .F. ) ;
#5802 = DIRECTION ( 'NONE',  ( -0.000000000000000000, -1.000000000000000000, -0.000000000000000000 ) ) ;
#5803 = CARTESIAN_POINT ( 'NONE',  ( 3.400000000000000799, -3.999999999999999112, -0.5235987755982994818 ) ) ;
#5804 = EDGE_CURVE ( 'NONE', #3450, #1047, #2736, .T. ) ;
#5805 = CARTESIAN_POINT ( 'NONE',  ( -1.114683531249999637, 0.6435628368284300738, 1.088541667008064318 ) ) ;
#5806 = CARTESIAN_POINT ( 'NONE',  ( -3.507169191983609213, 0.7171407786482895119, 5.479289321881346098 ) ) ;
#5807 = CARTESIAN_POINT ( 'NONE',  ( -7.590710678118655075, 4.440721607103249369, 1.404864645374632279E-15 ) ) ;
#5808 = AXIS2_PLACEMENT_3D ( 'NONE', #2535, #4050, #3551 ) ;
#5809 = CARTESIAN_POINT ( 'NONE',  ( 2.651438096812269876E-16, -1.443375672974063884, -0.4375000000000000555 ) ) ;
#5810 = CARTESIAN_POINT ( 'NONE',  ( -5.885720005154819745, 1.209597808146035236, -3.812762626834306001 ) ) ;
#5811 = CARTESIAN_POINT ( 'NONE',  ( -1.114683531249999637, -0.6435628368284300738, 0.8802083336747310582 ) ) ;
#5812 = EDGE_LOOP ( 'NONE', ( #4704, #3388, #1077, #3625 ) ) ;
#5813 = CARTESIAN_POINT ( 'NONE',  ( -7.519999999999999574, 5.308151087842320592, 1.426525969758077217 ) ) ;
#5814 = CIRCLE ( 'NONE', #6699, 9.597815608934052278 ) ;
#5815 = VECTOR ( 'NONE', #3622, 1000.000000000000000 ) ;
#5816 = EDGE_CURVE ( 'NONE', #2102, #6530, #6729, .T. ) ;
#5817 = CARTESIAN_POINT ( 'NONE',  ( 1.114683531250000081, 1.365093618607580186E-16, 1.796875000341400241 ) ) ;
#5818 = LINE ( 'NONE', #3689, #3801 ) ;
#5819 = CARTESIAN_POINT ( 'NONE',  ( 0.6250000000000000000, 1.082531754730549967, 2.197916667349464781 ) ) ;
#5820 = CARTESIAN_POINT ( 'NONE',  ( -1.250000000000000000, 0.000000000000000000, 1.250000000000000000 ) ) ;
#5821 = EDGE_CURVE ( 'NONE', #3936, #2956, #4753, .T. ) ;
#5822 = CARTESIAN_POINT ( 'NONE',  ( 11.00476732458710138, 0.5000000000000000000, -9.463948427526528206 ) ) ;
#5823 = CARTESIAN_POINT ( 'NONE',  ( 3.500000000000000444, -1.626303258728256651E-16, -4.100000000000001421 ) ) ;
#5824 = DIRECTION ( 'NONE',  ( 0.000000000000000000, 0.000000000000000000, -1.000000000000000000 ) ) ;
#5825 = CARTESIAN_POINT ( 'NONE',  ( -7.536819805153397667, 2.139921993911719333, 5.166228700122148076 ) ) ;
#5826 = AXIS2_PLACEMENT_3D ( 'NONE', #5968, #4129, #1502 ) ;
#5827 = EDGE_CURVE ( 'NONE', #1263, #1191, #6609, .T. ) ;
#5828 = CARTESIAN_POINT ( 'NONE',  ( -1.066509757023887062, 0.3286041682718822132, 2.381870423766435874 ) ) ;
#5829 = ORIENTED_EDGE ( 'NONE', *, *, #2852, .F. ) ;
#5830 = DIRECTION ( 'NONE',  ( 0.000000000000000000, 0.000000000000000000, -1.000000000000000000 ) ) ;
#5831 =( NAMED_UNIT ( * ) PLANE_ANGLE_UNIT ( ) SI_UNIT ( $, .RADIAN. ) );
#5832 = DIRECTION ( 'NONE',  ( 0.4657774430578106029, -0.000000000000000000, -0.8849019005169600494 ) ) ;
#5833 = CARTESIAN_POINT ( 'NONE',  ( 2.364411504516379476E-16, -1.287125673656860148, 0.7343750003413984651 ) ) ;
#5834 = EDGE_LOOP ( 'NONE', ( #5908, #4353 ) ) ;
#5835 = EDGE_CURVE ( 'NONE', #1489, #3336, #6677, .T. ) ;
#5836 = CARTESIAN_POINT ( 'NONE',  ( -6.769541204675616264, -3.987512506670947587, -0.3258745151236423498 ) ) ;
#5837 = CARTESIAN_POINT ( 'NONE',  ( -3.500000000000000888, -5.550098763242792721, -0.7354788942628791570 ) ) ;
#5838 = CARTESIAN_POINT ( 'NONE',  ( 3.470710678118654080, 7.589415207398531038E-16, 4.007169191983609657 ) ) ;
#5839 = CARTESIAN_POINT ( 'NONE',  ( 0.000000000000000000, 0.5000000000000000000, 0.000000000000000000 ) ) ;
#5840 = ORIENTED_EDGE ( 'NONE', *, *, #3110, .T. ) ;
#5841 = CARTESIAN_POINT ( 'NONE',  ( 0.6250000000000000000, 1.082531754730549967, 2.197916667349464781 ) ) ;
#5842 = DIRECTION ( 'NONE',  ( -1.000000000000000000, -0.000000000000000000, -0.000000000000000000 ) ) ;
#5843 = AXIS2_PLACEMENT_3D ( 'NONE', #5473, #4968, #1282 ) ;
#5844 = CARTESIAN_POINT ( 'NONE',  ( -1.114683531249999637, 0.6435628368284300738, 2.088541667008065428 ) ) ;
#5845 = CIRCLE ( 'NONE', #2048, 1.979999999999999982 ) ;
#5846 = CARTESIAN_POINT ( 'NONE',  ( -3.529289321881345476, 5.599241485126960960, 3.141599591899809068E-15 ) ) ;
#5847 = CARTESIAN_POINT ( 'NONE',  ( -0.3989545459634658009, 0.000000000000000000, 7.360972550644013346 ) ) ;
#5848 = EDGE_CURVE ( 'NONE', #2063, #365, #4633, .T. ) ;
#5849 = CARTESIAN_POINT ( 'NONE',  ( -1.249999999999999556, 0.7216878364870319418, -0.02083333333333320034 ) ) ;
#5850 = CARTESIAN_POINT ( 'NONE',  ( -6.553172775939941630, 0.7633589133056756237, -3.927083723345594191 ) ) ;
#5851 = CARTESIAN_POINT ( 'NONE',  ( -1.114683531249999637, -0.6435628368284300738, -0.6197916663252684977 ) ) ;
#5852 = ORIENTED_EDGE ( 'NONE', *, *, #933, .T. ) ;
#5853 = CARTESIAN_POINT ( 'NONE',  ( -5.230931428140786821, -1.216840685271710187, -5.312803148239585660 ) ) ;
#5854 = DIRECTION ( 'NONE',  ( -0.1728824826746871712, 1.206206629536899596E-16, -0.9849424588189080731 ) ) ;
#5855 = CARTESIAN_POINT ( 'NONE',  ( 0.000000000000000000, -4.000000000000000000, 0.000000000000000000 ) ) ;
#5856 = ADVANCED_FACE ( 'NONE', ( #6745 ), #388, .F. ) ;
#5857 = DIRECTION ( 'NONE',  ( 0.000000000000000000, 0.000000000000000000, -1.000000000000000000 ) ) ;
#5858 = CARTESIAN_POINT ( 'NONE',  ( 3.400000000000000799, 1.046991537437121034, -3.895890706673262205 ) ) ;
#5859 = CARTESIAN_POINT ( 'NONE',  ( -7.620000000000000107, 0.000000000000000000, 5.350000000000000533 ) ) ;
#5860 = CARTESIAN_POINT ( 'NONE',  ( 0.000000000000000000, 0.000000000000000000, 9.599999999999999645 ) ) ;
#5861 = CARTESIAN_POINT ( 'NONE',  ( 8.447433219371585852E-07, 0.5000000000000000000, -0.0005629049236333810713 ) ) ;
#5862 = CARTESIAN_POINT ( 'NONE',  ( -7.553639610306790431, -3.954060262691569516, -3.954060262691547756 ) ) ;
#5863 = CARTESIAN_POINT ( 'NONE',  ( -3.600000000000000533, 2.139921993911720222, 5.166228700122148965 ) ) ;
#5864 = ORIENTED_EDGE ( 'NONE', *, *, #1907, .F. ) ;
#5865 = CARTESIAN_POINT ( 'NONE',  ( 1.250000000000001776, -0.7216878364870319418, 1.604166666666664742 ) ) ;
#5866 = CARTESIAN_POINT ( 'NONE',  ( 1.250000000000000000, 1.530808498934190091E-16, 1.875000000000000000 ) ) ;
#5867 = CARTESIAN_POINT ( 'NONE',  ( -0.5573417656250000407, 0.9653442552426449996, 0.1302083336747316133 ) ) ;
#5868 = ORIENTED_EDGE ( 'NONE', *, *, #6527, .F. ) ;
#5869 = CONTEXT_DEPENDENT_SHAPE_REPRESENTATION ( #533, #4260 ) ;
#5870 = PRODUCT ( 'PART 2 BEARING', 'PART 2 BEARING', '', ( #6285 ) ) ;
#5871 = CARTESIAN_POINT ( 'NONE',  ( 1.249999999999999556, -0.7216878364870320528, 1.635416667349463227 ) ) ;
#5872 = CARTESIAN_POINT ( 'NONE',  ( -6.288271217291956816, 4.000000000000000000, 11.94659295903148788 ) ) ;
#5873 = EDGE_LOOP ( 'NONE', ( #5167, #5971, #736, #3218 ) ) ;
#5874 = CARTESIAN_POINT ( 'NONE',  ( -1.249999999999999556, 0.7216878364870319418, 2.260416667349463449 ) ) ;
#5875 = CARTESIAN_POINT ( 'NONE',  ( 3.400000000000000799, -4.000000000000000888, 0.5235987755982980385 ) ) ;
#5876 = CARTESIAN_POINT ( 'NONE',  ( -7.881371681721266152E-17, 1.287125673656860148, 0.7968750003413977989 ) ) ;
#5877 = CLOSED_SHELL ( 'NONE', ( #180, #3980, #4215, #3570, #2724, #6544, #1795, #5897, #3224, #3856, #3385, #4959, #647, #5619, #2311, #2395, #1487, #5312, #4390, #2622, #6144, #1310, #1081, #3880, #5694, #2768, #1002, #42, #5856, #6835, #6044, #2463, #2087 ) ) ;
#5878 = CARTESIAN_POINT ( 'NONE',  ( -3.566360389693211452, 2.139921993911720222, 5.166228700122148965 ) ) ;
#5879 = CARTESIAN_POINT ( 'NONE',  ( -7.520000000000000462, 3.134446499564896182, 3.134446499564896627 ) ) ;
#5880 = CARTESIAN_POINT ( 'NONE',  ( 1.250000000000001776, -0.7216878364870319418, -0.1458333333333332871 ) ) ;
#5881 = CARTESIAN_POINT ( 'NONE',  ( 0.8330537972098018829, -0.8481084962610372369, 2.307690373561671393 ) ) ;
#5882 = CARTESIAN_POINT ( 'NONE',  ( -7.553639610306790431, -1.044815499854968355, 3.999999999999997335 ) ) ;
#5883 = B_SPLINE_SURFACE_WITH_KNOTS ( 'NONE', 5, 3, ( 
 ( #6322, #6878, #2631, #6118, #5560, #1752, #3294, #700, #2279, #2874, #2841 ),
 ( #5018, #5527, #6533, #625, #3327, #6500, #1264, #5976, #1296, #738, #4948 ),
 ( #5422, #5458, #4490, #2771, #664, #2805, #2316, #771, #4982, #2248, #6570 ),
 ( #2903, #2348, #186, #1228, #4913, #4457, #113, #1718, #3401, #220, #1861 ),
 ( #1784, #3858, #148, #6602, #6046, #3927, #1825, #5051, #3962, #4385, #6081 ),
 ( #4424, #3437, #253, #3892, #2380, #3364, #4523, #1193, #5489, #6006, #6639 ),
 ( #3997, #379, #3070, #901, #1329, #4688, #1992, #6794, #5115, #4588, #5727 ),
 ( #2022, #6245, #5658, #6702, #867, #1430, #1931, #6734, #2452, #4061, #2483 ) ),
 .UNSPECIFIED., .F., .T., .F.,
 ( 6, 2, 6 ),
 ( 4, 1, 1, 1, 1, 1, 1, 1, 4 ),
 ( 0.000000000000000000, 0.5000000000000000000, 1.000000000000000000 ),
 ( -3.141592653589793116, -2.356194490192344837, -1.570796326794896558, -0.7853981633974482790, 0.000000000000000000, 0.7853981633974482790, 1.570796326794896558, 2.356194490192344837, 3.141592653589793116 ),
 .UNSPECIFIED. ) ;
#5884 = CARTESIAN_POINT ( 'NONE',  ( -1.114683531250000081, 0.000000000000000000, 0.3593750003413985206 ) ) ;
#5885 = ORIENTED_EDGE ( 'NONE', *, *, #4304, .T. ) ;
#5886 = CARTESIAN_POINT ( 'NONE',  ( -6.777218795323130429, -0.3280283106690556338, -5.442230653024338949 ) ) ;
#5887 = CARTESIAN_POINT ( 'NONE',  ( -3.599999999999999645, 4.358184291070082317, -3.349279623863285593 ) ) ;
#5888 = CARTESIAN_POINT ( 'NONE',  ( 3.410000000000000142, 1.175660927181458842E-15, -9.599999999999999645 ) ) ;
#5889 = CARTESIAN_POINT ( 'NONE',  ( -3.507169191983608325, 7.047314121155778821E-16, -5.479289321881344321 ) ) ;
#5890 = CARTESIAN_POINT ( 'NONE',  ( -4.309999999999999609, -2.756705706076136994E-16, -5.450000000000000178 ) ) ;
#5891 = AXIS2_PLACEMENT_3D ( 'NONE', #1906, #4131, #2427 ) ;
#5892 = CARTESIAN_POINT ( 'NONE',  ( -7.620000000000000995, -2.107261603377737824, -5.087379542342653771 ) ) ;
#5893 = CARTESIAN_POINT ( 'NONE',  ( 3.416819805153394896, 1.044815499854966578, 4.000000000000001776 ) ) ;
#5894 = CARTESIAN_POINT ( 'NONE',  ( 8.447433219371585852E-07, 0.5000000000000000000, -0.0005629049236333810713 ) ) ;
#5895 = CARTESIAN_POINT ( 'NONE',  ( 0.000000000000000000, 0.000000000000000000, 0.000000000000000000 ) ) ;
#5896 = EDGE_CURVE ( 'NONE', #4060, #233, #4007, .T. ) ;
#5897 = ADVANCED_FACE ( 'NONE', ( #5089 ), #5604, .F. ) ;
#5898 = CARTESIAN_POINT ( 'NONE',  ( -3.566360389693212340, 5.166228700122152517, -2.139921993911720222 ) ) ;
#5899 = ORIENTED_EDGE ( 'NONE', *, *, #1599, .T. ) ;
#5900 = CARTESIAN_POINT ( 'NONE',  ( 2.364411504516379476E-16, -1.287125673656860148, -0.2656249996586012019 ) ) ;
#5901 = CARTESIAN_POINT ( 'NONE',  ( 0.000000000000000000, 4.000000000000000000, 0.000000000000000000 ) ) ;
#5902 = CARTESIAN_POINT ( 'NONE',  ( 0.6788208221941079978, -0.8964887105544254720, 1.000000000000000444 ) ) ;
#5903 = CARTESIAN_POINT ( 'NONE',  ( -7.619999999999999218, 5.071435512963945236, 2.100657370170215366 ) ) ;
#5904 = ORIENTED_EDGE ( 'NONE', *, *, #5120, .T. ) ;
#5905 = DIRECTION ( 'NONE',  ( -0.8835072738058302733, 0.000000000000000000, -0.4684174389710418218 ) ) ;
#5906 = SURFACE_STYLE_USAGE ( .BOTH. , #6464 ) ;
#5907 = CARTESIAN_POINT ( 'NONE',  ( 0.000000000000000000, 3.500000000000000000, -4.785392286829072361 ) ) ;
#5908 = ORIENTED_EDGE ( 'NONE', *, *, #1687, .T. ) ;
#5909 = DIRECTION ( 'NONE',  ( 0.8849019005169600494, 0.000000000000000000, 0.4657774430578107694 ) ) ;
#5910 = TOROIDAL_SURFACE ( 'NONE', #3461, 7.360972550644013346, 1.979999999999998206 ) ;
#5911 = CARTESIAN_POINT ( 'NONE',  ( 3.399999999999999911, -0.5235987755982998149, 4.000000000000000000 ) ) ;
#5913 = CARTESIAN_POINT ( 'NONE',  ( -1.114683531249999637, 0.6435628368284300738, 0.8385416670080649837 ) ) ;
#5912 = VECTOR ( 'NONE', #4238, 1000.000000000000000 ) ;
#5914 = CARTESIAN_POINT ( 'NONE',  ( -7.620000000000000995, 3.741458551688220835E-15, -4.506316948359409658 ) ) ;
#5915 = CARTESIAN_POINT ( 'NONE',  ( -3.600000000000000089, -1.426525969758077217, -5.308151087842320592 ) ) ;
#5916 = CARTESIAN_POINT ( 'NONE',  ( 1.115180956118472677, -0.3756685438953640821, 2.319974909901285631 ) ) ;
#5917 = CARTESIAN_POINT ( 'NONE',  ( -7.612830808016394002, -3.157397952676304076, -3.157397952676304076 ) ) ;
#5918 = CARTESIAN_POINT ( 'NONE',  ( 1.114683531250000526, -0.6435628368284300738, 0.4635416670080645396 ) ) ;
#5919 = ORIENTED_EDGE ( 'NONE', *, *, #5636, .F. ) ;
#5920 = DIRECTION ( 'NONE',  ( -0.000000000000000000, 1.000000000000000000, -0.000000000000000000 ) ) ;
#5921 = CARTESIAN_POINT ( 'NONE',  ( -1.114683531249999415, -0.6435628368284300738, 1.692708333674731724 ) ) ;
#5922 = DIRECTION ( 'NONE',  ( 0.000000000000000000, 0.000000000000000000, 1.000000000000000000 ) ) ;
#5923 = DIRECTION ( 'NONE',  ( 0.000000000000000000, 0.000000000000000000, -1.000000000000000000 ) ) ;
#5924 = CARTESIAN_POINT ( 'NONE',  ( 0.000000000000000000, 0.5000000000000000000, -4.785392286829072361 ) ) ;
#5925 = CARTESIAN_POINT ( 'NONE',  ( -7.590710678118655075, 0.000000000000000000, 5.442830808016390520 ) ) ;
#5926 = CARTESIAN_POINT ( 'NONE',  ( 3.433639610306789880, -4.432776750217551687, -3.310688776696808239E-15 ) ) ;
#5927 = CARTESIAN_POINT ( 'NONE',  ( 0.2862852751638642612, 1.147185698201336645, 1.000000000000000666 ) ) ;
#5928 = DIRECTION ( 'NONE',  ( 8.881784197001252323E-16, 0.000000000000000000, 1.000000000000000000 ) ) ;
#5929 = ORIENTED_EDGE ( 'NONE', *, *, #5596, .F. ) ;
#5930 = CARTESIAN_POINT ( 'NONE',  ( 0.6250000000000000000, 1.082531754730549967, 2.416666666666665186 ) ) ;
#5931 = FILL_AREA_STYLE_COLOUR ( '', #6315 ) ;
#5932 = EDGE_CURVE ( 'NONE', #997, #268, #5180, .T. ) ;
#5933 = CARTESIAN_POINT ( 'NONE',  ( 20.57888721528905052, 4.000000000000000000, -4.424509502584796472 ) ) ;
#5934 = CARTESIAN_POINT ( 'NONE',  ( -7.620000000000000107, 0.000000000000000000, 5.350000000000000533 ) ) ;
#5935 = ORIENTED_EDGE ( 'NONE', *, *, #173, .F. ) ;
#5936 = AXIS2_PLACEMENT_3D ( 'NONE', #5799, #3605, #4166 ) ;
#5937 = DIRECTION ( 'NONE',  ( 0.8628432422573810712, 0.5054716008746390488, 0.000000000000000000 ) ) ;
#5938 = B_SPLINE_SURFACE_WITH_KNOTS ( 'NONE', 5, 3, ( 
 ( #473, #1558, #5863, #5301, #3280, #6304, #1522, #4216, #2759, #1070, #2614, #5785, #1104, #3661, #2125, #996, #5371, #4262, #543 ),
 ( #3134, #1140, #6379, #5412, #1669, #615, #3806, #5266, #4750, #4331, #6861, #1636, #2088, #3737, #4863, #3212, #2686, #66, #4898 ),
 ( #32, #2198, #2162, #4297, #6418, #3774, #5898, #4969, #5443, #3350, #2861, #5068, #5002, #1739, #5474, #2268, #688, #2827, #4409 ),
 ( #3878, #206, #5995, #3387, #2234, #4509, #170, #4368, #6555, #1214, #1845, #6098, #5964, #134, #2300, #2336, #755, #4478, #1771 ),
 ( #238, #4444, #1249, #6520, #6587, #3913, #5546, #1283, #1807, #789, #6029, #5511, #3946, #724, #2889, #6064, #649, #6622, #3420 ),
 ( #3981, #5036, #6488, #2364, #1316, #3454, #2793, #5577, #2923, #1705, #3839, #1179, #4934, #3312, #4016, #6656, #4544, #1880, #272 ),
 ( #2404, #5529, #2905, #1827, #1901, #4032, #1298, #3439, #1231, #2973, #3472, #1331, #4984, #806, #2876, #740, #2843, #255, #3930 ),
 ( #150, #3896, #6008, #6121, #5082, #188, #5020, #5053, #5593, #2941, #3404, #3506, #5630, #6083, #4526, #1368, #288, #222, #5562 ) ),
 .UNSPECIFIED., .F., .T., .F.,
 ( 6, 2, 6 ),
 ( 4, 1, 1, 1, 1, 1, 1, 1, 1, 1, 1, 1, 1, 1, 1, 1, 4 ),
 ( 0.000000000000000000, 0.5000000000000000000, 1.000000000000000000 ),
 ( 0.000000000000000000, 0.3926990816987241395, 0.7853981633974482790, 1.178097245096172418, 1.570796326794896558, 1.963495408493620475, 2.356194490192344393, 2.748893571891068976, 3.141592653589793116, 3.534291735288517255, 3.926990816987240951, 4.319689898685965979, 4.712388980384689674, 5.105088062083414258, 5.497787143782137953, 5.890486225480862537, 6.283185307179586232 ),
 .UNSPECIFIED. ) ;
#5939 = ADVANCED_FACE ( 'NONE', ( #2429 ), #1507, .F. ) ;
#5940 = AXIS2_PLACEMENT_3D ( 'NONE', #1240, #1660, #5436 ) ;
#5941 = ORIENTED_EDGE ( 'NONE', *, *, #6809, .T. ) ;
#5942 = PLANE ( 'NONE',  #707 ) ;
#5943 = CARTESIAN_POINT ( 'NONE',  ( 3.400000000000000799, -3.198667369592721244, 2.458186879899659338 ) ) ;
#5944 = CARTESIAN_POINT ( 'NONE',  ( -1.114683531249999637, 0.6435628368284300738, 0.5885416670080648727 ) ) ;
#5945 = CARTESIAN_POINT ( 'NONE',  ( 1.250000000000000000, 1.530808498934190091E-16, 2.125000000000000000 ) ) ;
#5946 = CARTESIAN_POINT ( 'NONE',  ( 3.500000000000000000, 1.058334322987140474, -3.994418803551182506 ) ) ;
#5947 = CARTESIAN_POINT ( 'NONE',  ( -7.520000000000001350, 5.166228700122150741, -2.139921993911719778 ) ) ;
#5948 = CARTESIAN_POINT ( 'NONE',  ( -7.612830808016390449, 4.465235006483867508, 1.470207187019964132E-15 ) ) ;
#5949 = CARTESIAN_POINT ( 'NONE',  ( 2.364411504516379476E-16, -1.287125673656860148, -0.5781249996586014239 ) ) ;
#5950 = AXIS2_PLACEMENT_3D ( 'NONE', #5683, #4222, #5928 ) ;
#5951 = VERTEX_POINT ( 'NONE', #1582 ) ;
#5952 = CARTESIAN_POINT ( 'NONE',  ( 2.511045454036534341, 0.000000000000000000, 0.000000000000000000 ) ) ;
#5953 = CARTESIAN_POINT ( 'NONE',  ( 0.5573417656250010399, -0.9653442552426449996, 1.505208333674729948 ) ) ;
#5954 = CARTESIAN_POINT ( 'NONE',  ( 0.6250000000000000000, 1.082531754730549967, 2.166666666666665186 ) ) ;
#5955 = CARTESIAN_POINT ( 'NONE',  ( -3.499999999999999556, 6.505213034913026604E-16, -5.516360389693209854 ) ) ;
#5956 = CARTESIAN_POINT ( 'NONE',  ( 0.5573417656250010399, -0.9653442552426449996, 1.505208333674729948 ) ) ;
#5957 = VECTOR ( 'NONE', #81, 1000.000000000000000 ) ;
#5958 = CARTESIAN_POINT ( 'NONE',  ( -7.590710678118650634, 3.948858901748800054, -3.948858901748811601 ) ) ;
#5959 = CARTESIAN_POINT ( 'NONE',  ( 1.250000000000000000, 1.530808498934190091E-16, 1.906250000682794932 ) ) ;
#5960 = CARTESIAN_POINT ( 'NONE',  ( -5.559999999999999609, -5.304714883949936954, 1.250000000000000000 ) ) ;
#5961 = AXIS2_PLACEMENT_3D ( 'NONE', #4218, #3091, #430 ) ;
#5962 = CARTESIAN_POINT ( 'NONE',  ( -6.745773736772632034, -3.980281555589137543, -0.4040262621900340689 ) ) ;
#5963 = EDGE_CURVE ( 'NONE', #4979, #2577, #4133, .T. ) ;
#5964 = CARTESIAN_POINT ( 'NONE',  ( -3.529289321881346364, -5.173024605696895151, -2.142736950169402910 ) ) ;
#5965 = ORIENTED_EDGE ( 'NONE', *, *, #3555, .T. ) ;
#5966 = CARTESIAN_POINT ( 'NONE',  ( 1.249999999999999556, 0.7216878364870319418, 2.395833333333335258 ) ) ;
#5967 = CARTESIAN_POINT ( 'NONE',  ( -1.249999999999999556, 0.7216878364870320528, 1.729166666666666075 ) ) ;
#5968 = CARTESIAN_POINT ( 'NONE',  ( 0.000000000000000000, 3.500000000000000000, 0.000000000000000000 ) ) ;
#5969 = FACE_OUTER_BOUND ( 'NONE', #5064, .T. ) ;
#5970 = CARTESIAN_POINT ( 'NONE',  ( -7.620000000000002771, 2.107261603377769799, -5.087379542342640448 ) ) ;
#5971 = ORIENTED_EDGE ( 'NONE', *, *, #1738, .F. ) ;
#5972 = DIRECTION ( 'NONE',  ( -0.000000000000000000, 0.000000000000000000, 1.000000000000000000 ) ) ;
#5973 = VERTEX_POINT ( 'NONE', #2034 ) ;
#5974 = CIRCLE ( 'NONE', #2428, 13.50049772884731247 ) ;
#5975 = CARTESIAN_POINT ( 'NONE',  ( -8.838126989374227166E-17, 1.443375672974063884, 1.468750000682796930 ) ) ;
#5976 = CARTESIAN_POINT ( 'NONE',  ( 3.416819805153395340, 4.432776750217553463, -1.045839938031948888E-15 ) ) ;
#5977 = AXIS2_PLACEMENT_3D ( 'NONE', #432, #540, #2683 ) ;
#5978 = CARTESIAN_POINT ( 'NONE',  ( 1.114683531249999637, 0.6435628368284300738, 0.2552083336747318909 ) ) ;
#5979 = UNCERTAINTY_MEASURE_WITH_UNIT (LENGTH_MEASURE( 1.000000000000000082E-05 ), #589, 'distance_accuracy_value', 'NONE');
#5980 = CARTESIAN_POINT ( 'NONE',  ( -7.620000000000000107, 4.524956558666201722, 1.491988034235074684E-15 ) ) ;
#5981 = LINE ( 'NONE', #6539, #4151 ) ;
#5982 = CARTESIAN_POINT ( 'NONE',  ( -7.520000000000002238, -2.139921993911703790, -5.166228700122156070 ) ) ;
#5983 = CARTESIAN_POINT ( 'NONE',  ( -7.619999999999996554, -4.506316948359405217, 1.220146594370606753E-14 ) ) ;
#5984 = EDGE_LOOP ( 'NONE', ( #2937, #6777, #6443, #3042, #6742, #5653 ) ) ;
#5985 = SURFACE_STYLE_USAGE ( .BOTH. , #1203 ) ;
#5986 = DIRECTION ( 'NONE',  ( 0.000000000000000000, 0.000000000000000000, -1.000000000000000000 ) ) ;
#5987 = DIRECTION ( 'NONE',  ( -1.000000000000000000, 0.000000000000000000, 0.000000000000000000 ) ) ;
#5988 = CARTESIAN_POINT ( 'NONE',  ( -3.600000000000000977, -5.166228700122151629, 2.139921993911703346 ) ) ;
#5989 = CIRCLE ( 'NONE', #4207, 13.34377777916409968 ) ;
#5990 = CARTESIAN_POINT ( 'NONE',  ( -1.114683531249999637, 0.6435628368284300738, 1.401041667008063873 ) ) ;
#5991 = CARTESIAN_POINT ( 'NONE',  ( -7.612830808016394002, 5.138464418413797752, -2.128421651878572796 ) ) ;
#5992 = DIRECTION ( 'NONE',  ( -0.000000000000000000, 1.000000000000000000, 1.224646799147353207E-16 ) ) ;
#5993 = CARTESIAN_POINT ( 'NONE',  ( -4.310063917028450042, -5.449985340132128542, -0.1654363877645947667 ) ) ;
#5994 = CARTESIAN_POINT ( 'NONE',  ( -6.328294547692133065, -3.874937678914315065, -0.9994238775602767300 ) ) ;
#5995 = CARTESIAN_POINT ( 'NONE',  ( -3.529289321881346364, 2.142736950169389143, 5.173024605696902256 ) ) ;
#5996 = ORIENTED_EDGE ( 'NONE', *, *, #5102, .T. ) ;
#5997 = CARTESIAN_POINT ( 'NONE',  ( 1.250000000000000000, 1.530808498934190091E-16, 2.375000000000000000 ) ) ;
#5998 = DIRECTION ( 'NONE',  ( -0.000000000000000000, -0.000000000000000000, 1.000000000000000000 ) ) ;
#5999 = CARTESIAN_POINT ( 'NONE',  ( -7.620000000000000107, -2.981555974335137194E-16, 5.350000000000000533 ) ) ;
#6000 = CARTESIAN_POINT ( 'NONE',  ( -7.620000000000003659, -5.506539936558771942, 2.242039561925969705E-14 ) ) ;
#6001 = CIRCLE ( 'NONE', #642, 9.597815608934052278 ) ;
#6002 = FILL_AREA_STYLE ('',( #3888 ) ) ;
#6003 = CARTESIAN_POINT ( 'NONE',  ( -3.566360389693211452, 3.954060262691557526, 3.954060262691560190 ) ) ;
#6004 = ORIENTED_EDGE ( 'NONE', *, *, #1375, .T. ) ;
#6005 = CARTESIAN_POINT ( 'NONE',  ( -1.249999999999999556, 0.7216878364870319418, 1.010416667349463449 ) ) ;
#6006 = CARTESIAN_POINT ( 'NONE',  ( 3.500000000000000444, 1.062149090786937089, 4.066360389693211452 ) ) ;
#6007 = CARTESIAN_POINT ( 'NONE',  ( -0.5573417656250000407, 0.9653442552426449996, 0.06770833367473159947 ) ) ;
#6008 = CARTESIAN_POINT ( 'NONE',  ( -3.500000000000000000, 2.179186617653218860, 5.261021887280353582 ) ) ;
#6009 = CARTESIAN_POINT ( 'NONE',  ( -7.612830808016390449, 1.052465984225435802, 4.029289321881347696 ) ) ;
#6010 = EDGE_CURVE ( 'NONE', #1822, #4899, #6073, .T. ) ;
#6011 = CARTESIAN_POINT ( 'NONE',  ( 3.500000000000000000, 2.520768136199087017, 3.277372294450725310 ) ) ;
#6012 = CARTESIAN_POINT ( 'NONE',  ( 0.8409255155137201898, -0.8399781971114690382, 2.307929493706590840 ) ) ;
#6013 = DIRECTION ( 'NONE',  ( 0.7071067811865631159, 8.659560562355118980E-17, -0.7071067811865320296 ) ) ;
#6014 = ORIENTED_EDGE ( 'NONE', *, *, #4989, .F. ) ;
#6015 = EDGE_CURVE ( 'NONE', #5025, #734, #2561, .T. ) ;
#6016 = CIRCLE ( 'NONE', #5035, 2.499999999999998668 ) ;
#6017 = SURFACE_STYLE_FILL_AREA ( #1303 ) ;
#6018 = DIRECTION ( 'NONE',  ( -1.000000000000000000, -0.000000000000000000, -0.000000000000000000 ) ) ;
#6019 = CARTESIAN_POINT ( 'NONE',  ( -4.931885765696256030, -3.850664445839163896, -1.083778745667680399 ) ) ;
#6020 = CARTESIAN_POINT ( 'NONE',  ( -3.600000000000000533, -0.7133073313039065555, 5.450000000000000178 ) ) ;
#6021 = PRESENTATION_LAYER_ASSIGNMENT (  '', '', ( #1448 ) ) ;
#6022 = CARTESIAN_POINT ( 'NONE',  ( -1.114683531249999637, -0.6435628368284300738, 1.942708333674732835 ) ) ;
#6023 = CARTESIAN_POINT ( 'NONE',  ( -7.620000000000003659, -5.523797629599513037, 2.227015456510130785E-14 ) ) ;
#6024 = CARTESIAN_POINT ( 'NONE',  ( 3.499999999999998668, 3.186447272360805716, 3.186447272360813709 ) ) ;
#6025 = VERTEX_POINT ( 'NONE', #5319 ) ;
#6026 = CARTESIAN_POINT ( 'NONE',  ( -4.349875898823092335, -5.440970456362260954, 0.3237047593815235991 ) ) ;
#6027 = CARTESIAN_POINT ( 'NONE',  ( -3.600000000000000089, 8.455601022002411665E-18, 5.450000000000000178 ) ) ;
#6028 = EDGE_CURVE ( 'NONE', #361, #803, #2109, .T. ) ;
#6029 = CARTESIAN_POINT ( 'NONE',  ( -3.507169191983608769, -2.151422335944850772, -5.193992981830507283 ) ) ;
#6030 = VERTEX_POINT ( 'NONE', #5739 ) ;
#6031 = CARTESIAN_POINT ( 'NONE',  ( 0.6250000000000000000, -1.082531754730548190, 0.3333333333333335369 ) ) ;
#6032 = CARTESIAN_POINT ( 'NONE',  ( 16.66334466764629596, 3.500000000000000000, 4.500042430453816245 ) ) ;
#6033 = AXIS2_PLACEMENT_3D ( 'NONE', #4217, #5749, #3169 ) ;
#6034 = LINE ( 'NONE', #2864, #4906 ) ;
#6035 = LINE ( 'NONE', #1776, #1688 ) ;
#6036 = EDGE_CURVE ( 'NONE', #5699, #5453, #4805, .T. ) ;
#6037 =( GEOMETRIC_REPRESENTATION_CONTEXT ( 3 ) GLOBAL_UNCERTAINTY_ASSIGNED_CONTEXT ( ( #4795 ) ) GLOBAL_UNIT_ASSIGNED_CONTEXT ( ( #1680, #6870, #3145 ) ) REPRESENTATION_CONTEXT ( 'NONE', 'WORKASPACE' ) );
#6038 = CARTESIAN_POINT ( 'NONE',  ( 1.114683531249999415, 0.6435628368284300738, 1.067708333674731946 ) ) ;
#6039 = CARTESIAN_POINT ( 'NONE',  ( -3.500000000000000444, 5.694489056359822499, 2.403521144214635175E-15 ) ) ;
#6040 = ORIENTED_EDGE ( 'NONE', *, *, #1968, .T. ) ;
#6041 = AXIS2_PLACEMENT_3D ( 'NONE', #1710, #520, #4694 ) ;
#6042 = CARTESIAN_POINT ( 'NONE',  ( -8.838126989374227166E-17, 1.443375672974063884, 0.9687500006827961530 ) ) ;
#6043 = ORIENTED_EDGE ( 'NONE', *, *, #351, .F. ) ;
#6044 = ADVANCED_FACE ( 'NONE', ( #1474 ), #4896, .T. ) ;
#6045 = VERTEX_POINT ( 'NONE', #2181 ) ;
#6046 = CARTESIAN_POINT ( 'NONE',  ( 3.492830808016391231, -3.157397952676297415, -3.157397952676302744 ) ) ;
#6047 = B_SPLINE_CURVE_WITH_KNOTS ( 'NONE', 3,
 ( #549, #5375, #4755, #6424, #478, #2620, #2053, #5902, #3629, #6865 ),
 .UNSPECIFIED., .F., .F.,
 ( 4, 2, 2, 2, 4 ),
 ( 4.697236311378674305E-18, 0.0004442239694644096212, 0.0008884479389288144719, 0.001332671908393219702, 0.001776895877857624824 ),
 .UNSPECIFIED. ) ;
#6048 = CARTESIAN_POINT ( 'NONE',  ( -7.620000000000000107, 5.350098760685212618, -0.7089572451008072651 ) ) ;
#6049 = CARTESIAN_POINT ( 'NONE',  ( -0.005481617016667309286, 0.8660080553175490969, 2.000000000000000000 ) ) ;
#6050 = CARTESIAN_POINT ( 'NONE',  ( 6.287706646021781864, 4.000000000000000000, 11.94689015883470695 ) ) ;
#6051 = CARTESIAN_POINT ( 'NONE',  ( 11.00476732458710138, -6.478381567489499159E-16, -9.463948427526528206 ) ) ;
#6052 = CARTESIAN_POINT ( 'NONE',  ( -5.885850845057860603, -1.209545875210940924, -3.812778991286077446 ) ) ;
#6053 = CARTESIAN_POINT ( 'NONE',  ( -7.620000000000000107, 4.506316948359412322, 1.361302950944411175E-15 ) ) ;
#6054 = ORIENTED_EDGE ( 'NONE', *, *, #6738, .F. ) ;
#6055 =( NAMED_UNIT ( * ) PLANE_ANGLE_UNIT ( ) SI_UNIT ( $, .RADIAN. ) );
#6056 = CARTESIAN_POINT ( 'NONE',  ( 0.000000000000000000, 0.000000000000000000, 0.000000000000000000 ) ) ;
#6057 = DIRECTION ( 'NONE',  ( -1.000000000000000000, 0.000000000000000000, 0.000000000000000000 ) ) ;
#6058 = CARTESIAN_POINT ( 'NONE',  ( 2.364411504516379476E-16, -1.287125673656860148, 1.234375000341398243 ) ) ;
#6059 = CARTESIAN_POINT ( 'NONE',  ( -7.612830808016392226, -3.932810401448961990, -3.932810401448942894 ) ) ;
#6060 = CARTESIAN_POINT ( 'NONE',  ( 3.500000000000001332, -8.674464412831290758E-16, -4.524956558666200834 ) ) ;
#6061 = ORIENTED_EDGE ( 'NONE', *, *, #3108, .T. ) ;
#6062 = DIRECTION ( 'NONE',  ( 0.000000000000000000, 0.000000000000000000, -1.000000000000000000 ) ) ;
#6063 = CARTESIAN_POINT ( 'NONE',  ( -3.529289321881345920, -5.421010862427522170E-17, 5.457169191983608947 ) ) ;
#6064 = CARTESIAN_POINT ( 'NONE',  ( -3.507169191983610101, -3.975310123934182371, 3.975310123934156614 ) ) ;
#6065 = VERTEX_POINT ( 'NONE', #3931 ) ;
#6066 = AXIS2_PLACEMENT_3D ( 'NONE', #703, #4985, #1266 ) ;
#6067 = CARTESIAN_POINT ( 'NONE',  ( -0.6250000000000000000, 1.082531754730549967, 1.208333333333334147 ) ) ;
#6068 = FACE_OUTER_BOUND ( 'NONE', #1819, .T. ) ;
#6069 = CARTESIAN_POINT ( 'NONE',  ( 0.000000000000000000, 0.000000000000000000, 0.000000000000000000 ) ) ;
#6070 = CARTESIAN_POINT ( 'NONE',  ( -7.590710678118659516, -5.584529814750890608, 2.277909469530082252E-14 ) ) ;
#6071 = CIRCLE ( 'NONE', #5961, 11.99999999999999822 ) ;
#6072 = SURFACE_SIDE_STYLE ('',( #2307 ) ) ;
#6073 = CIRCLE ( 'NONE', #6182, 1.979999999999998206 ) ;
#6074 = CARTESIAN_POINT ( 'NONE',  ( 0.5573417656250000407, 0.9653442552426449996, 1.088541667008064096 ) ) ;
#6075 = CARTESIAN_POINT ( 'NONE',  ( -3.507169191983610101, -5.621937491906770390, 2.268325436349106168E-14 ) ) ;
#6076 = EDGE_LOOP ( 'NONE', ( #2936, #3464, #1022, #5535, #1011, #3421, #1693, #6636, #1998, #3652 ) ) ;
#6077 = CARTESIAN_POINT ( 'NONE',  ( -1.249999999999999556, 0.7216878364870319418, 1.760416667349463449 ) ) ;
#6078 = CARTESIAN_POINT ( 'NONE',  ( -1.114683531249999637, 0.6435628368284300738, -0.4114583329919348498 ) ) ;
#6079 = VERTEX_POINT ( 'NONE', #4314 ) ;
#6080 = VERTEX_POINT ( 'NONE', #151 ) ;
#6081 = CARTESIAN_POINT ( 'NONE',  ( 3.492830808016391675, 6.505213034913026604E-16, 4.029289321881345920 ) ) ;
#6082 = CARTESIAN_POINT ( 'NONE',  ( -1.114683531249999415, 0.6435628368284300738, 2.338541667008065428 ) ) ;
#6083 = CARTESIAN_POINT ( 'NONE',  ( -3.500000000000000888, -5.694489056359826940, 2.290939797176155781E-14 ) ) ;
#6084 = DIRECTION ( 'NONE',  ( -1.000000000000000000, -0.000000000000000000, -0.000000000000000000 ) ) ;
#6085 = CARTESIAN_POINT ( 'NONE',  ( 3.500000000000000000, 3.572668520435285711, 2.076055874270520185 ) ) ;
#6086 = CARTESIAN_POINT ( 'NONE',  ( -0.1799989827701896916, -1.207735701215846058, 2.284410940531772294 ) ) ;
#6087 = FACE_OUTER_BOUND ( 'NONE', #3107, .T. ) ;
#6088 = B_SPLINE_CURVE_WITH_KNOTS ( 'NONE', 3,
 ( #687, #1248, #1213, #5034, #5994, #5509, #1806, #5962, #5836, #4442, #6554, #723, #4508, #1042, #99, #1178, #1737, #3912, #132, #2825 ),
 .UNSPECIFIED., .F., .F.,
 ( 4, 2, 2, 2, 2, 2, 2, 2, 2, 4 ),
 ( 0.003932780064748491594, 0.004424244193913174500, 0.004915708323077858273, 0.005407172452242541179, 0.005652904516824882632, 0.005898636581407223217, 0.006390100710571906123, 0.006881564839736588161, 0.007373028968901270200, 0.007864493098065953106 ),
 .UNSPECIFIED. ) ;
#6089 = DIRECTION ( 'NONE',  ( 0.8691728683777160125, -0.4945083668413039479, 0.000000000000000000 ) ) ;
#6090 = CARTESIAN_POINT ( 'NONE',  ( -0.5573417656249990415, -0.9653442552426459988, 1.463541667008064096 ) ) ;
#6091 = CARTESIAN_POINT ( 'NONE',  ( -7.536819805153397667, -2.139921993911703790, -5.166228700122156070 ) ) ;
#6092 = CARTESIAN_POINT ( 'NONE',  ( 3.500000000000001332, -1.070935887351339488, 4.099999999999999645 ) ) ;
#6093 = ORIENTED_EDGE ( 'NONE', *, *, #6472, .F. ) ;
#6094 = CYLINDRICAL_SURFACE ( 'NONE', #1012, 11.30000000000000071 ) ;
#6095 = ORIENTED_EDGE ( 'NONE', *, *, #5243, .T. ) ;
#6096 = DIRECTION ( 'NONE',  ( 0.000000000000000000, 0.000000000000000000, -1.000000000000000000 ) ) ;
#6097 = TOROIDAL_SURFACE ( 'NONE', #4324, 9.597803391643314086, 0.1800000000000000488 ) ;
#6098 = CARTESIAN_POINT ( 'NONE',  ( -3.529289321881346364, -3.959261623634319882, -3.959261623634300786 ) ) ;
#6099 = ORIENTED_EDGE ( 'NONE', *, *, #2032, .F. ) ;
#6100 = CARTESIAN_POINT ( 'NONE',  ( -1.249999999999999556, -0.7216878364870319418, 1.520833333333333481 ) ) ;
#6101 = EDGE_CURVE ( 'NONE', #4831, #3762, #4426, .T. ) ;
#6102 = CARTESIAN_POINT ( 'NONE',  ( 3.499999999999999556, -4.100095583215299655, 0.5349999309735806730 ) ) ;
#6103 = CARTESIAN_POINT ( 'NONE',  ( 1.249999999999999556, 0.7216878364870320528, 1.177083334016129745 ) ) ;
#6104 = CARTESIAN_POINT ( 'NONE',  ( -7.553639610306790431, 0.7133073313039072216, 5.450000000000000178 ) ) ;
#6105 = EDGE_CURVE ( 'NONE', #5233, #4649, #3511, .T. ) ;
#6106 = DIRECTION ( 'NONE',  ( -0.3939572814174825965, -0.8753823403715166318, 0.2801846151804786578 ) ) ;
#6107 = EDGE_CURVE ( 'NONE', #5188, #4106, #560, .T. ) ;
#6108 = EDGE_CURVE ( 'NONE', #3995, #5160, #2562, .T. ) ;
#6109 = VECTOR ( 'NONE', #2309, 1000.000000000000000 ) ;
#6110 = DIRECTION ( 'NONE',  ( 0.000000000000000000, -1.000000000000000000, 0.000000000000000000 ) ) ;
#6111 = CARTESIAN_POINT ( 'NONE',  ( -3.500000000000000000, 5.261021887280355358, 2.179186617653215308 ) ) ;
#6112 = ORIENTED_EDGE ( 'NONE', *, *, #6255, .T. ) ;
#6113 = PRESENTATION_LAYER_ASSIGNMENT (  '', '', ( #5777 ) ) ;
#6114 = CARTESIAN_POINT ( 'NONE',  ( 0.6250000000000000000, -1.082531754730548190, 0.8645833340161299674 ) ) ;
#6115 = CARTESIAN_POINT ( 'NONE',  ( -0.5573417656250000407, 0.9653442552426449996, 1.380208333674731946 ) ) ;
#6116 = ORIENTED_EDGE ( 'NONE', *, *, #4682, .F. ) ;
#6117 = ORIENTED_EDGE ( 'NONE', *, *, #852, .F. ) ;
#6118 = CARTESIAN_POINT ( 'NONE',  ( 3.400000000000000355, -4.432776750217551687, -3.310688776696808239E-15 ) ) ;
#6119 = EDGE_CURVE ( 'NONE', #2523, #3432, #6397, .T. ) ;
#6120 = CARTESIAN_POINT ( 'NONE',  ( 0.5573417656250000407, 0.9653442552426449996, -0.4739583329919349608 ) ) ;
#6121 = CARTESIAN_POINT ( 'NONE',  ( -3.499999999999999556, 4.026611827144614963, 4.026611827144614963 ) ) ;
#6122 = CARTESIAN_POINT ( 'NONE',  ( 2.651438096812270369E-16, -1.443375672974064106, 2.062500000000000000 ) ) ;
#6123 = CARTESIAN_POINT ( 'NONE',  ( -1.114590072373430996, 0.4556344189325797767, 2.293455301909959498 ) ) ;
#6124 = CARTESIAN_POINT ( 'NONE',  ( 1.250000000000000000, 1.530808498934190091E-16, 1.125000000000000000 ) ) ;
#6125 = DIRECTION ( 'NONE',  ( 0.000000000000000000, 0.000000000000000000, 1.000000000000000000 ) ) ;
#6126 =( REPRESENTATION_RELATIONSHIP ('NONE','NONE', #728, #6877 ) REPRESENTATION_RELATIONSHIP_WITH_TRANSFORMATION ( #4070 )SHAPE_REPRESENTATION_RELATIONSHIP( ) );
#6127 = DIRECTION ( 'NONE',  ( 0.9123507013817376832, 0.2004490053673365635, -0.3569823440108719215 ) ) ;
#6128 = EDGE_CURVE ( 'NONE', #2038, #6457, #1271, .T. ) ;
#6129 = DIRECTION ( 'NONE',  ( 0.8660254037844390407, 0.000000000000000000, 0.4999999999999995004 ) ) ;
#6130 = CARTESIAN_POINT ( 'NONE',  ( 0.5573417656250000407, 0.9653442552426449996, 0.08854166700806520574 ) ) ;
#6131 = AXIS2_PLACEMENT_3D ( 'NONE', #337, #4779, #3556 ) ;
#6132 = CARTESIAN_POINT ( 'NONE',  ( -7.536819805153398555, 2.139921993911734877, -5.166228700122141859 ) ) ;
#6133 = CARTESIAN_POINT ( 'NONE',  ( 0.000000000000000000, -4.000000000000000000, 0.000000000000000000 ) ) ;
#6134 = EDGE_LOOP ( 'NONE', ( #5132, #6654, #817, #235 ) ) ;
#6135 = PLANE ( 'NONE',  #4943 ) ;
#6136 = ORIENTED_EDGE ( 'NONE', *, *, #1914, .T. ) ;
#6137 = DIRECTION ( 'NONE',  ( -1.000000000000000000, -0.000000000000000000, -0.000000000000000000 ) ) ;
#6138 = VERTEX_POINT ( 'NONE', #1332 ) ;
#6139 = CARTESIAN_POINT ( 'NONE',  ( -7.620000000000000107, 4.099904416784367456, -0.5349999309736017672 ) ) ;
#6140 = CARTESIAN_POINT ( 'NONE',  ( -0.005481617016667309286, 0.8660080553175490969, 2.000000000000000000 ) ) ;
#6141 = CARTESIAN_POINT ( 'NONE',  ( -7.590710678118655075, -2.137107037654034869, -5.159432794547401890 ) ) ;
#6142 = DIRECTION ( 'NONE',  ( -1.000000000000000000, -0.000000000000000000, -0.000000000000000000 ) ) ;
#6143 = CARTESIAN_POINT ( 'NONE',  ( -3.500000000000000888, -4.014408795367887528, 4.014408795367861771 ) ) ;
#6144 = ADVANCED_FACE ( 'NONE', ( #5530 ), #6705, .F. ) ;
#6145 = CIRCLE ( 'NONE', #124, 13.50049772884731247 ) ;
#6146 = EDGE_CURVE ( 'NONE', #1436, #5453, #3051, .T. ) ;
#6147 = ORIENTED_EDGE ( 'NONE', *, *, #1899, .T. ) ;
#6148 = CARTESIAN_POINT ( 'NONE',  ( 0.6250000000000000000, 1.082531754730549967, -0.5520833326505369953 ) ) ;
#6149 = CARTESIAN_POINT ( 'NONE',  ( -7.881371681721266152E-17, 1.287125673656860148, 1.859375000341397355 ) ) ;
#6150 = ORIENTED_EDGE ( 'NONE', *, *, #6341, .T. ) ;
#6151 = AXIS2_PLACEMENT_3D ( 'NONE', #2465, #1415, #203 ) ;
#6152 = VECTOR ( 'NONE', #794, 1000.000000000000114 ) ;
#6153 = EDGE_LOOP ( 'NONE', ( #6270, #385, #3744, #3029 ) ) ;
#6154 = FILL_AREA_STYLE ('',( #4030 ) ) ;
#6155 = CARTESIAN_POINT ( 'NONE',  ( 1.114683531250000081, 1.365093618607580186E-16, -0.5156249996586019790 ) ) ;
#6156 = EDGE_CURVE ( 'NONE', #1328, #1263, #4290, .T. ) ;
#6157 = LINE ( 'NONE', #2384, #3237 ) ;
#6158 = CARTESIAN_POINT ( 'NONE',  ( 0.000000000000000000, 0.5000000000000000000, 0.000000000000000000 ) ) ;
#6159 = CARTESIAN_POINT ( 'NONE',  ( -1.167780615602993954, 0.000000000000000000, 2.328719384397015091 ) ) ;
#6160 = CARTESIAN_POINT ( 'NONE',  ( -1.124824080441989782, -0.5148448028305191437, 2.259309413626845675 ) ) ;
#6161 = DIRECTION ( 'NONE',  ( -1.000000000000000000, -0.000000000000000000, -0.000000000000000000 ) ) ;
#6162 = PRODUCT_CONTEXT ( 'NONE', #6692, 'mechanical' ) ;
#6163 = DIRECTION ( 'NONE',  ( -1.000000000000000000, -0.000000000000000000, -0.000000000000000000 ) ) ;
#6164 = CARTESIAN_POINT ( 'NONE',  ( -7.881371681721266152E-17, 1.287125673656860148, -0.1406249996586015627 ) ) ;
#6165 = CARTESIAN_POINT ( 'NONE',  ( -7.536819805153392338, -5.166228700122140083, -2.139921993911734877 ) ) ;
#6166 = CARTESIAN_POINT ( 'NONE',  ( 3.500000000000000888, 6.505213034913026604E-16, 4.083180194846605104 ) ) ;
#6167 = ORIENTED_EDGE ( 'NONE', *, *, #2909, .F. ) ;
#6168 = CARTESIAN_POINT ( 'NONE',  ( -0.4330642114844291957, 1.036818515900539195, 2.378081747815302460 ) ) ;
#6169 = ORIENTED_EDGE ( 'NONE', *, *, #4419, .T. ) ;
#6170 = CARTESIAN_POINT ( 'NONE',  ( -7.520000000000002238, 1.046991537437120812, -3.895890706673262205 ) ) ;
#6171 = EDGE_LOOP ( 'NONE', ( #5747, #3961, #1385, #6147 ) ) ;
#6172 = DIRECTION ( 'NONE',  ( 0.000000000000000000, 0.000000000000000000, -1.000000000000000000 ) ) ;
#6173 = PRODUCT_RELATED_PRODUCT_CATEGORY ( 'part', '', ( #580 ) ) ;
#6174 = SHAPE_REPRESENTATION ( 'PART 2 BEARING', ( #1443 ), #3354 ) ;
#6175 = LINE ( 'NONE', #4149, #5815 ) ;
#6176 = CARTESIAN_POINT ( 'NONE',  ( -7.612830808016391337, -0.7094738839595242652, 5.420710678118655146 ) ) ;
#6177 = VECTOR ( 'NONE', #4275, 1000.000000000000000 ) ;
#6178 = ADVANCED_FACE ( 'NONE', ( #3473 ), #257, .F. ) ;
#6179 = DIRECTION ( 'NONE',  ( 0.000000000000000000, 0.000000000000000000, 1.000000000000000000 ) ) ;
#6180 = CARTESIAN_POINT ( 'NONE',  ( -3.500000000000000444, 5.245077857901652152, -2.172582384445686188 ) ) ;
#6181 = ORIENTED_EDGE ( 'NONE', *, *, #2391, .F. ) ;
#6182 = AXIS2_PLACEMENT_3D ( 'NONE', #5847, #2635, #6773 ) ;
#6183 = CARTESIAN_POINT ( 'NONE',  ( -0.6250000000000000000, 1.082531754730549967, 0.4895833340161300229 ) ) ;
#6184 = CARTESIAN_POINT ( 'NONE',  ( -1.114683531250000081, 0.000000000000000000, 1.671875000341400019 ) ) ;
#6185 = ORIENTED_EDGE ( 'NONE', *, *, #6028, .T. ) ;
#6186 = EDGE_LOOP ( 'NONE', ( #5140, #917, #1670, #6788, #1112, #4798 ) ) ;
#6187 = FACE_OUTER_BOUND ( 'NONE', #3817, .T. ) ;
#6188 = CARTESIAN_POINT ( 'NONE',  ( -0.2401328706389475875, -1.135609107700631615, 0.9999999999999997780 ) ) ;
#6189 = FACE_OUTER_BOUND ( 'NONE', #866, .T. ) ;
#6190 = DIRECTION ( 'NONE',  ( 3.552713678800500929E-15, 0.000000000000000000, 1.000000000000000000 ) ) ;
#6191 = FACE_OUTER_BOUND ( 'NONE', #4058, .T. ) ;
#6192 = DIRECTION ( 'NONE',  ( 0.000000000000000000, 1.000000000000000000, -0.000000000000000000 ) ) ;
#6193 = CARTESIAN_POINT ( 'NONE',  ( 28.58307383098919274, 14.64838019596041185, -35.34383243259020446 ) ) ;
#6194 = CARTESIAN_POINT ( 'NONE',  ( 18.25000000000000355, 4.000000000000000000, 0.000000000000000000 ) ) ;
#6195 = CARTESIAN_POINT ( 'NONE',  ( 1.114683531250000081, 1.365093618607580186E-16, 0.7968750003413980210 ) ) ;
#6196 = CARTESIAN_POINT ( 'NONE',  ( -0.5573417656250000407, 0.9653442552426449996, 1.067708333674731946 ) ) ;
#6197 = ORIENTED_EDGE ( 'NONE', *, *, #930, .F. ) ;
#6198 = CIRCLE ( 'NONE', #2979, 14.49999999999999822 ) ;
#6199 = CARTESIAN_POINT ( 'NONE',  ( -3.898989356929962291, 0.000000000000000000, 0.000000000000000000 ) ) ;
#6200 = CARTESIAN_POINT ( 'NONE',  ( -7.520000000000000462, 0.000000000000000000, 4.000000000000000000 ) ) ;
#6201 = VERTEX_POINT ( 'NONE', #318 ) ;
#6202 = CARTESIAN_POINT ( 'NONE',  ( -7.619999999999999218, 3.994418803551519126, -1.058334322985398757 ) ) ;
#6203 = FACE_OUTER_BOUND ( 'NONE', #4410, .T. ) ;
#6204 = ADVANCED_FACE ( 'NONE', ( #834 ), #4494, .F. ) ;
#6205 = CARTESIAN_POINT ( 'NONE',  ( 1.250000000000000000, 1.530808498934190091E-16, 1.906250000682794932 ) ) ;
#6206 = CARTESIAN_POINT ( 'NONE',  ( -7.612830808016391337, 0.000000000000000000, 5.420710678118655146 ) ) ;
#6207 = CARTESIAN_POINT ( 'NONE',  ( -7.620000000000000107, 0.000000000000000000, -5.450000000000000178 ) ) ;
#6208 = LINE ( 'NONE', #6787, #5073 ) ;
#6209 = ORIENTED_EDGE ( 'NONE', *, *, #3741, .F. ) ;
#6210 = CARTESIAN_POINT ( 'NONE',  ( -7.536819805153395890, 7.589415207398531038E-16, -4.000000000000000000 ) ) ;
#6211 = PRESENTATION_LAYER_ASSIGNMENT (  '', '', ( #1181 ) ) ;
#6212 = ORIENTED_EDGE ( 'NONE', *, *, #5835, .T. ) ;
#6213 = CARTESIAN_POINT ( 'NONE',  ( 1.250000000000001776, -0.7216878364870319418, 0.6354166673494627826 ) ) ;
#6214 = CARTESIAN_POINT ( 'NONE',  ( 1.114683531250000081, 1.365093618607580186E-16, 1.546875000341400241 ) ) ;
#6215 = VERTEX_POINT ( 'NONE', #1370 ) ;
#6216 = CARTESIAN_POINT ( 'NONE',  ( 1.114683531249999415, -0.6435628368284300738, 1.463541667008064762 ) ) ;
#6217 = DIRECTION ( 'NONE',  ( 0.000000000000000000, 0.000000000000000000, 1.000000000000000000 ) ) ;
#6218 = FACE_OUTER_BOUND ( 'NONE', #6153, .T. ) ;
#6219 = DIRECTION ( 'NONE',  ( -0.000000000000000000, 1.000000000000000000, -0.000000000000000000 ) ) ;
#6220 = PLANE ( 'NONE',  #574 ) ;
#6221 = VERTEX_POINT ( 'NONE', #5021 ) ;
#6222 = CARTESIAN_POINT ( 'NONE',  ( -0.5573417656249990415, -0.9653442552426459988, 1.651041667008064984 ) ) ;
#6223 = ADVANCED_FACE ( 'NONE', ( #3507 ), #2733, .F. ) ;
#6224 = CARTESIAN_POINT ( 'NONE',  ( 0.000000000000000000, 0.000000000000000000, 0.000000000000000000 ) ) ;
#6225 = CARTESIAN_POINT ( 'NONE',  ( -0.6250000000000000000, 1.082531754730549967, 0.4583333333333339810 ) ) ;
#6226 = CARTESIAN_POINT ( 'NONE',  ( -7.881371681721266152E-17, 1.287125673656860148, 0.3593750003413979099 ) ) ;
#6227 = EDGE_CURVE ( 'NONE', #3234, #5613, #3174, .T. ) ;
#6228 = CARTESIAN_POINT ( 'NONE',  ( 1.114683531249999637, 0.6435628368284300738, 1.505208333674731724 ) ) ;
#6229 = EDGE_LOOP ( 'NONE', ( #339, #4122, #3035, #4840 ) ) ;
#6230 = DIRECTION ( 'NONE',  ( -0.000000000000000000, 0.000000000000000000, -1.000000000000000000 ) ) ;
#6231 = CARTESIAN_POINT ( 'NONE',  ( -7.620000000000000107, 0.000000000000000000, -5.450000000000000178 ) ) ;
#6232 = ORIENTED_EDGE ( 'NONE', *, *, #6758, .T. ) ;
#6233 = CARTESIAN_POINT ( 'NONE',  ( -7.619999999999999218, 3.277507469530600570, -2.520903311278967163 ) ) ;
#6234 = CARTESIAN_POINT ( 'NONE',  ( 3.470710678118654968, -2.168404344971008868E-16, -4.007169191983609657 ) ) ;
#6235 = COLOUR_RGB ( '',0.1098039215686274495, 0.1098039215686274495, 0.1098039215686274495 ) ;
#6236 = DIRECTION ( 'NONE',  ( -5.329070518200751394E-15, 0.000000000000000000, 1.000000000000000000 ) ) ;
#6237 = CARTESIAN_POINT ( 'NONE',  ( -7.553639610306793095, 2.139921993911734877, -5.166228700122141859 ) ) ;
#6238 = AXIS2_PLACEMENT_3D ( 'NONE', #5855, #571, #22 ) ;
#6239 = ORIENTED_EDGE ( 'NONE', *, *, #3641, .T. ) ;
#6240 = DIRECTION ( 'NONE',  ( -1.000000000000000000, -0.000000000000000000, -0.000000000000000000 ) ) ;
#6241 = VERTEX_POINT ( 'NONE', #2455 ) ;
#6242 = CARTESIAN_POINT ( 'NONE',  ( -0.6250000000000000000, 1.082531754730549967, 0.2395833340161299951 ) ) ;
#6243 = CARTESIAN_POINT ( 'NONE',  ( -0.5573417656249990415, -0.9653442552426459988, 1.213541667008064096 ) ) ;
#6244 = EDGE_LOOP ( 'NONE', ( #239, #4788, #71, #4687 ) ) ;
#6245 = CARTESIAN_POINT ( 'NONE',  ( 3.500000000000001332, -1.070935887351339488, 4.099999999999999645 ) ) ;
#6246 = CARTESIAN_POINT ( 'NONE',  ( 0.5573417656250010399, -0.9653442552426449996, 2.192708333674729726 ) ) ;
#6247 = CARTESIAN_POINT ( 'NONE',  ( -3.500000000000000000, 4.845984572411379254, -2.803349151569387576 ) ) ;
#6248 = CARTESIAN_POINT ( 'NONE',  ( -1.054561765367724835, 0.6073725603990774990, 2.279635212468607008 ) ) ;
#6249 = EDGE_CURVE ( 'NONE', #4488, #5003, #2486, .T. ) ;
#6250 = CARTESIAN_POINT ( 'NONE',  ( 6.288199648210911263, 0.000000000000000000, -11.94656354116590435 ) ) ;
#6251 = ORIENTED_EDGE ( 'NONE', *, *, #5120, .F. ) ;
#6252 = CIRCLE ( 'NONE', #2467, 2.499999999999998668 ) ;
#6253 =( NAMED_UNIT ( * ) PLANE_ANGLE_UNIT ( ) SI_UNIT ( $, .RADIAN. ) );
#6254 = CARTESIAN_POINT ( 'NONE',  ( 1.114683531250000526, -0.6435628368284300738, 2.213541667008065428 ) ) ;
#6255 = EDGE_CURVE ( 'NONE', #4715, #1128, #6739, .T. ) ;
#6256 = DIRECTION ( 'NONE',  ( -0.000000000000000000, -1.000000000000000000, -0.000000000000000000 ) ) ;
#6257 = CARTESIAN_POINT ( 'NONE',  ( 0.6250000000000000000, -1.082531754730548190, 1.583333333333335036 ) ) ;
#6258 = CARTESIAN_POINT ( 'NONE',  ( -1.114683531249999637, 0.6435628368284300738, 0.4010416670080650947 ) ) ;
#6259 = CARTESIAN_POINT ( 'NONE',  ( 2.364411504516379476E-16, -1.287125673656860148, 0.9218750003413981320 ) ) ;
#6260 = ORIENTED_EDGE ( 'NONE', *, *, #1076, .T. ) ;
#6261 = CARTESIAN_POINT ( 'NONE',  ( 0.000000000000000000, 0.000000000000000000, 2.500000000000000000 ) ) ;
#6262 = CARTESIAN_POINT ( 'NONE',  ( 2.364411504516379476E-16, -1.287125673656860148, 2.234375000341398021 ) ) ;
#6263 = ORIENTED_EDGE ( 'NONE', *, *, #5594, .F. ) ;
#6264 = CIRCLE ( 'NONE', #5940, 9.599999999999999645 ) ;
#6265 = CYLINDRICAL_SURFACE ( 'NONE', #5700, 2.499999999999998668 ) ;
#6266 = CARTESIAN_POINT ( 'NONE',  ( -20.57894581320645599, 4.000000000000000000, -4.424478658457749347 ) ) ;
#6267 = DIRECTION ( 'NONE',  ( -1.000000000000000000, -0.000000000000000000, -0.000000000000000000 ) ) ;
#6268 = CARTESIAN_POINT ( 'NONE',  ( -7.536819805153395002, -3.954060262691569516, -3.954060262691547756 ) ) ;
#6269 = DIRECTION ( 'NONE',  ( -0.000000000000000000, 1.000000000000000000, -0.000000000000000000 ) ) ;
#6270 = ORIENTED_EDGE ( 'NONE', *, *, #3901, .T. ) ;
#6271 = DIRECTION ( 'NONE',  ( -1.000000000000000000, 0.000000000000000000, 0.000000000000000000 ) ) ;
#6272 = CARTESIAN_POINT ( 'NONE',  ( -6.809999999999998721, -0.1638073044329893535, -3.999999999999999112 ) ) ;
#6273 = AXIS2_PLACEMENT_3D ( 'NONE', #2476, #5138, #338 ) ;
#6274 = CARTESIAN_POINT ( 'NONE',  ( -1.249999999999999556, 0.7216878364870319418, 0.01041666734946308445 ) ) ;
#6275 = CARTESIAN_POINT ( 'NONE',  ( -1.114683531250000081, 0.000000000000000000, -0.07812499965860168760 ) ) ;
#6276 = VERTEX_POINT ( 'NONE', #2351 ) ;
#6277 = CARTESIAN_POINT ( 'NONE',  ( -0.5573417656250000407, 0.9653442552426449996, 1.817708333674730170 ) ) ;
#6278 = ITEM_DEFINED_TRANSFORMATION ( 'NONE', 'NONE', #995,  #1443 ) ;
#6279 = CARTESIAN_POINT ( 'NONE',  ( 0.000000000000000000, 0.000000000000000000, 0.000000000000000000 ) ) ;
#6280 = CARTESIAN_POINT ( 'NONE',  ( 3.101010643070036821, 1.347111479062088405E-15, -11.00000000000000000 ) ) ;
#6281 = AXIS2_PLACEMENT_3D ( 'NONE', #4066, #2907, #4033 ) ;
#6282 = DIRECTION ( 'NONE',  ( 0.000000000000000000, -1.000000000000000000, 0.000000000000000000 ) ) ;
#6283 = DIRECTION ( 'NONE',  ( 0.000000000000000000, 1.000000000000000000, -0.000000000000000000 ) ) ;
#6284 = EDGE_LOOP ( 'NONE', ( #6332, #4539, #4445, #4851 ) ) ;
#6285 = PRODUCT_CONTEXT ( 'NONE', #6382, 'mechanical' ) ;
#6286 = AXIS2_PLACEMENT_3D ( 'NONE', #470, #5224, #4710 ) ;
#6287 = CARTESIAN_POINT ( 'NONE',  ( 0.5573417656250010399, -0.9653442552426449996, 2.192708333674729726 ) ) ;
#6288 = CARTESIAN_POINT ( 'NONE',  ( -3.529289321881346364, 0.7142456500564634547, 5.457169191983608947 ) ) ;
#6289 = CARTESIAN_POINT ( 'NONE',  ( -7.536819805153396779, -3.134446499564913946, 3.134446499564881083 ) ) ;
#6290 = PRODUCT_RELATED_PRODUCT_CATEGORY ( 'part', '', ( #4330 ) ) ;
#6291 = CARTESIAN_POINT ( 'NONE',  ( -0.6250000000000000000, 1.082531754730549967, -0.2916666666666664631 ) ) ;
#6292 = CARTESIAN_POINT ( 'NONE',  ( -6.501798651450503286, 0.8259279721723529200, -3.914247900838897287 ) ) ;
#6293 = CARTESIAN_POINT ( 'NONE',  ( 0.5573417656250000407, 0.9653442552426449996, 0.7760416670080649837 ) ) ;
#6294 = VERTEX_POINT ( 'NONE', #5083 ) ;
#6295 = DIRECTION ( 'NONE',  ( 0.006329626120334662896, -0.9999799677159423306, 0.000000000000000000 ) ) ;
#6296 = CARTESIAN_POINT ( 'NONE',  ( -8.838126989374225934E-17, 1.443375672974064106, 1.468750000682796708 ) ) ;
#6297 = ORIENTED_EDGE ( 'NONE', *, *, #3853, .F. ) ;
#6298 = CARTESIAN_POINT ( 'NONE',  ( -4.310000000000000497, 0.1657311183540836896, -5.450000000000000178 ) ) ;
#6299 = CARTESIAN_POINT ( 'NONE',  ( -7.620000000000001883, -5.071435512963945236, 2.100657370170204263 ) ) ;
#6300 = DIRECTION ( 'NONE',  ( 0.000000000000000000, 0.000000000000000000, -1.000000000000000000 ) ) ;
#6301 = CARTESIAN_POINT ( 'NONE',  ( -7.519999999999996909, -6.494383187557600503E-15, -5.591885649938926228 ) ) ;
#6302 = VECTOR ( 'NONE', #1577, 1000.000000000000000 ) ;
#6303 = EDGE_CURVE ( 'NONE', #2176, #5173, #46, .T. ) ;
#6304 = CARTESIAN_POINT ( 'NONE',  ( -3.600000000000000977, 5.591885649938924452, 2.496121392263697669E-15 ) ) ;
#6305 = ORIENTED_EDGE ( 'NONE', *, *, #6812, .F. ) ;
#6306 = CARTESIAN_POINT ( 'NONE',  ( -4.790447250135198232, -3.875212665840802817, 0.9982595225126911220 ) ) ;
#6307 = LINE ( 'NONE', #4225, #4433 ) ;
#6308 = EDGE_CURVE ( 'NONE', #1191, #940, #925, .T. ) ;
#6309 = FACE_OUTER_BOUND ( 'NONE', #5178, .T. ) ;
#6310 = CARTESIAN_POINT ( 'NONE',  ( -1.114683531249999637, 0.6435628368284300738, -0.09895833299193490529 ) ) ;
#6311 = ORIENTED_EDGE ( 'NONE', *, *, #4011, .F. ) ;
#6312 = ADVANCED_FACE ( 'NONE', ( #6218 ), #3440, .T. ) ;
#6313 = CARTESIAN_POINT ( 'NONE',  ( -7.881371681721266152E-17, 1.287125673656860148, 2.046875000341400685 ) ) ;
#6314 = CARTESIAN_POINT ( 'NONE',  ( -3.500000000000000000, 3.404310685875854059, -4.444434912977115459 ) ) ;
#6315 = COLOUR_RGB ( '',0.6470588235294117974, 0.6196078431372549211, 0.5882352941176470784 ) ;
#6316 = DIRECTION ( 'NONE',  ( 0.000000000000000000, 0.000000000000000000, 1.000000000000000000 ) ) ;
#6317 = DIRECTION ( 'NONE',  ( 0.000000000000000000, 0.000000000000000000, 1.000000000000000000 ) ) ;
#6318 = DIRECTION ( 'NONE',  ( 0.000000000000000000, 0.000000000000000000, -1.000000000000000000 ) ) ;
#6319 = ORIENTED_EDGE ( 'NONE', *, *, #1279, .T. ) ;
#6320 = CARTESIAN_POINT ( 'NONE',  ( -1.250000000000000000, 0.000000000000000000, 2.281250000682794710 ) ) ;
#6321 = EDGE_CURVE ( 'NONE', #4554, #3432, #4000, .T. ) ;
#6322 = CARTESIAN_POINT ( 'NONE',  ( 3.400000000000000355, 7.589415207398531038E-16, 4.000000000000000888 ) ) ;
#6323 = CARTESIAN_POINT ( 'NONE',  ( -1.114683531249999637, -0.6435628368284300738, 1.130208333674731502 ) ) ;
#6324 = EDGE_CURVE ( 'NONE', #304, #331, #905, .T. ) ;
#6325 = CARTESIAN_POINT ( 'NONE',  ( -7.620000000000000107, 0.7024205344592521216, 5.366819805153395073 ) ) ;
#6326 = CARTESIAN_POINT ( 'NONE',  ( -3.583180194846603772, 3.954060262691551308, -3.954060262691562855 ) ) ;
#6327 = CARTESIAN_POINT ( 'NONE',  ( -7.590710678118655075, -1.084202172485504434E-16, 4.007169191983609657 ) ) ;
#6328 = CARTESIAN_POINT ( 'NONE',  ( -7.619999999999999218, -5.214152933865894290, -1.392403069057281062 ) ) ;
#6329 = CARTESIAN_POINT ( 'NONE',  ( -7.536819805153395890, -1.084202172485504434E-16, 4.000000000000000000 ) ) ;
#6330 = CARTESIAN_POINT ( 'NONE',  ( 1.114683531249999637, 0.6435628368284300738, 1.255208333674731502 ) ) ;
#6331 = AXIS2_PLACEMENT_3D ( 'NONE', #2893, #5041, #692 ) ;
#6332 = ORIENTED_EDGE ( 'NONE', *, *, #746, .T. ) ;
#6333 = DIRECTION ( 'NONE',  ( -1.000000000000000000, 0.000000000000000000, 0.000000000000000000 ) ) ;
#6334 = EDGE_CURVE ( 'NONE', #2413, #2873, #3568, .T. ) ;
#6335 = CARTESIAN_POINT ( 'NONE',  ( -1.114683531250000081, 0.000000000000000000, 1.921875000341400019 ) ) ;
#6336 = DIRECTION ( 'NONE',  ( 0.000000000000000000, 0.000000000000000000, 1.000000000000000000 ) ) ;
#6337 = VERTEX_POINT ( 'NONE', #2520 ) ;
#6338 = DIRECTION ( 'NONE',  ( 0.000000000000000000, 1.000000000000000000, -0.000000000000000000 ) ) ;
#6339 = CARTESIAN_POINT ( 'NONE',  ( 1.250000000000000000, 1.530808498934190091E-16, 1.156250000682796042 ) ) ;
#6340 = DIRECTION ( 'NONE',  ( 0.000000000000000000, 0.000000000000000000, 1.000000000000000000 ) ) ;
#6341 = EDGE_CURVE ( 'NONE', #1463, #2901, #4914, .T. ) ;
#6342 = DIRECTION ( 'NONE',  ( 1.000000000000000000, -0.000000000000000000, -0.000000000000000000 ) ) ;
#6343 = CARTESIAN_POINT ( 'NONE',  ( -7.536819805153395890, -0.7133073313039065555, 5.450000000000000178 ) ) ;
#6344 = CARTESIAN_POINT ( 'NONE',  ( -1.109347639765487337, 0.1433639880242942588, 2.381873053601948786 ) ) ;
#6345 = ORIENTED_EDGE ( 'NONE', *, *, #5190, .T. ) ;
#6346 = CARTESIAN_POINT ( 'NONE',  ( -5.393686830002587307, -3.799671038392666400, 1.250000000000000000 ) ) ;
#6347 = DIRECTION ( 'NONE',  ( -0.8849001875018662755, 0.000000000000000000, 0.4657806974952503620 ) ) ;
#6348 = DIRECTION ( 'NONE',  ( -1.000000000000000000, -0.000000000000000000, -0.000000000000000000 ) ) ;
#6349 = CARTESIAN_POINT ( 'NONE',  ( -1.114683531249999637, -0.6435628368284300738, 0.4427083336747321685 ) ) ;
#6350 = ORIENTED_EDGE ( 'NONE', *, *, #6386, .F. ) ;
#6351 = CARTESIAN_POINT ( 'NONE',  ( -0.5573417656249990415, -0.9653442552426459988, 1.401041667008064096 ) ) ;
#6352 = ADVANCED_FACE ( 'NONE', ( #4724 ), #6723, .F. ) ;
#6353 = FACE_OUTER_BOUND ( 'NONE', #2954, .T. ) ;
#6354 = SURFACE_SIDE_STYLE ('',( #1008 ) ) ;
#6355 = FACE_OUTER_BOUND ( 'NONE', #2269, .T. ) ;
#6356 = CYLINDRICAL_SURFACE ( 'NONE', #3380, 14.49999999999999822 ) ;
#6357 = ORIENTED_EDGE ( 'NONE', *, *, #6128, .F. ) ;
#6358 = DIRECTION ( 'NONE',  ( 0.000000000000000000, 0.000000000000000000, -1.000000000000000000 ) ) ;
#6359 = CARTESIAN_POINT ( 'NONE',  ( -7.620000000000000107, 5.421010862427522170E-16, -4.099999999999999645 ) ) ;
#6360 = EDGE_CURVE ( 'NONE', #4076, #5792, #2060, .T. ) ;
#6361 = CARTESIAN_POINT ( 'NONE',  ( -1.114683531249999637, 0.6435628368284300738, 2.338541667008065428 ) ) ;
#6362 = CARTESIAN_POINT ( 'NONE',  ( -3.507169191983608325, 3.975310123934165940, 3.975310123934166828 ) ) ;
#6363 = CARTESIAN_POINT ( 'NONE',  ( -7.553639610306791319, -3.134446499564901512, -3.134446499564899735 ) ) ;
#6364 = AXIS2_PLACEMENT_3D ( 'NONE', #4675, #6781, #4576 ) ;
#6365 = CARTESIAN_POINT ( 'NONE',  ( 1.250000000000000000, 1.530808498934190091E-16, -0.3750000000000000000 ) ) ;
#6366 = CARTESIAN_POINT ( 'NONE',  ( 10.99782756707192277, 0.5000000000000000000, -9.449750727133116257 ) ) ;
#6367 = PRODUCT_DEFINITION_SHAPE ( 'NONE', 'NONE',  #2070 ) ;
#6368 = CARTESIAN_POINT ( 'NONE',  ( 1.114683531249999637, 0.6435628368284300738, -0.4947916663252684422 ) ) ;
#6369 = EDGE_LOOP ( 'NONE', ( #1975, #4273, #5037, #5840 ) ) ;
#6370 = LINE ( 'NONE', #4672, #5152 ) ;
#6371 = LINE ( 'NONE', #19, #3444 ) ;
#6372 = FACE_OUTER_BOUND ( 'NONE', #819, .T. ) ;
#6373 = CARTESIAN_POINT ( 'NONE',  ( 3.410000000000000142, 0.000000000000000000, 0.000000000000000000 ) ) ;
#6374 = CARTESIAN_POINT ( 'NONE',  ( 0.000000000000000000, 0.000000000000000000, 0.000000000000000000 ) ) ;
#6375 = CARTESIAN_POINT ( 'NONE',  ( 0.000000000000000000, 4.000000000000000000, 0.000000000000000000 ) ) ;
#6376 = DIRECTION ( 'NONE',  ( 0.000000000000000000, 0.000000000000000000, 1.000000000000000000 ) ) ;
#6377 = CARTESIAN_POINT ( 'NONE',  ( -7.553639610306789542, -5.421010862427522170E-17, 5.450000000000000178 ) ) ;
#6378 = VECTOR ( 'NONE', #5393, 1000.000000000000114 ) ;
#6379 = CARTESIAN_POINT ( 'NONE',  ( -3.583180194846606437, 2.139921993911720222, 5.166228700122148965 ) ) ;
#6380 = EDGE_LOOP ( 'NONE', ( #218, #1929 ) ) ;
#6381 = CARTESIAN_POINT ( 'NONE',  ( -1.114683531249999637, -0.6435628368284300738, -0.3072916663252683311 ) ) ;
#6382 = APPLICATION_CONTEXT ( 'automotive_design' ) ;
#6383 = DIRECTION ( 'NONE',  ( -0.000000000000000000, -1.000000000000000000, -0.000000000000000000 ) ) ;
#6384 = CARTESIAN_POINT ( 'NONE',  ( -3.410000000000000142, 0.000000000000000000, 6.080000000000000959 ) ) ;
#6385 = CARTESIAN_POINT ( 'NONE',  ( 1.114683531250000081, 1.365093618607580186E-16, 0.2968750003413985206 ) ) ;
#6386 = EDGE_CURVE ( 'NONE', #6030, #1915, #5276, .T. ) ;
#6387 = ORIENTED_EDGE ( 'NONE', *, *, #4786, .F. ) ;
#6388 = UNCERTAINTY_MEASURE_WITH_UNIT (LENGTH_MEASURE( 1.000000000000000082E-05 ), #3989, 'distance_accuracy_value', 'NONE');
#6389 = ITEM_DEFINED_TRANSFORMATION ( 'NONE', 'NONE', #4808,  #1443 ) ;
#6390 = PLANE ( 'NONE',  #6594 ) ;
#6391 = DIRECTION ( 'NONE',  ( 0.000000000000000000, -1.224646799147352961E-16, 1.000000000000000000 ) ) ;
#6392 = DIRECTION ( 'NONE',  ( 0.000000000000000000, 0.000000000000000000, 1.000000000000000000 ) ) ;
#6393 = VERTEX_POINT ( 'NONE', #3671 ) ;
#6394 = LINE ( 'NONE', #3293, #3164 ) ;
#6395 = CARTESIAN_POINT ( 'NONE',  ( 3.400000000000000799, -2.458186879899660671, 3.198667369592720355 ) ) ;
#6396 = CARTESIAN_POINT ( 'NONE',  ( 1.114683531250000526, -0.6435628368284300738, -0.03645833299193484978 ) ) ;
#6397 = CIRCLE ( 'NONE', #3730, 11.99999999999999822 ) ;
#6398 = CARTESIAN_POINT ( 'NONE',  ( -3.529289321881346364, -2.142736950169391363, 5.173024605696903144 ) ) ;
#6399 = CARTESIAN_POINT ( 'NONE',  ( -7.553639610306790431, 1.044815499854968133, 4.000000000000002665 ) ) ;
#6400 = CARTESIAN_POINT ( 'NONE',  ( -1.249999999999999556, -0.7216878364870319418, -0.2291666666666668239 ) ) ;
#6401 = CARTESIAN_POINT ( 'NONE',  ( -7.536819805153395890, 3.134446499564896182, 3.134446499564896627 ) ) ;
#6402 = CARTESIAN_POINT ( 'NONE',  ( -1.114683531250000081, 0.000000000000000000, 0.6093750003413980210 ) ) ;
#6403 = AXIS2_PLACEMENT_3D ( 'NONE', #6543, #6018, #195 ) ;
#6404 = VERTEX_POINT ( 'NONE', #6280 ) ;
#6405 = EDGE_CURVE ( 'NONE', #2760, #6886, #1995, .T. ) ;
#6406 = AXIS2_PLACEMENT_3D ( 'NONE', #1272, #2853, #5467 ) ;
#6407 = DIRECTION ( 'NONE',  ( 0.8835072738058302733, -0.000000000000000000, 0.4684174389710418218 ) ) ;
#6408 = CARTESIAN_POINT ( 'NONE',  ( -7.881371681721266152E-17, 1.287125673656860148, 2.109375000341398021 ) ) ;
#6409 = DIRECTION ( 'NONE',  ( -1.000000000000000000, -0.000000000000000000, -0.000000000000000000 ) ) ;
#6410 = ORIENTED_EDGE ( 'NONE', *, *, #3940, .F. ) ;
#6411 = CARTESIAN_POINT ( 'NONE',  ( 0.7472441672786229727, 0.4377512472490254214, 1.000000000000000000 ) ) ;
#6412 = B_SPLINE_CURVE_WITH_KNOTS ( 'NONE', 3,
 ( #6417, #1635, #6517, #5472, #579, #3277, #3310, #3876, #5993, #3805, #3911, #6026, #6486, #4931, #1768, #684, #614, #6553, #1212, #5960 ),
 .UNSPECIFIED., .F., .F.,
 ( 4, 2, 2, 2, 2, 2, 2, 2, 2, 4 ),
 ( 0.003921132941707553866, 0.004411143530719810295, 0.004901154119732065856, 0.005391164708744322284, 0.005881175297756577845, 0.006126180592262706059, 0.006371185886768833406, 0.006861196475781089835, 0.007351207064793344528, 0.007841217653805600957 ),
 .UNSPECIFIED. ) ;
#6413 = MANIFOLD_SOLID_BREP ( 'Revolve1', #3431 ) ;
#6414 = CARTESIAN_POINT ( 'NONE',  ( -7.620000000000001883, 5.071435512963946124, -2.100657370170221139 ) ) ;
#6415 = DIRECTION ( 'NONE',  ( 0.000000000000000000, -1.224646799147353700E-16, 1.000000000000000000 ) ) ;
#6416 = DIRECTION ( 'NONE',  ( 0.000000000000000000, 0.000000000000000000, 1.000000000000000000 ) ) ;
#6417 = CARTESIAN_POINT ( 'NONE',  ( -5.559999999999999609, -5.304714883949936954, -1.250000000000000000 ) ) ;
#6418 = CARTESIAN_POINT ( 'NONE',  ( -3.566360389693209676, 5.166228700122151629, 2.139921993911715337 ) ) ;
#6419 = EDGE_LOOP ( 'NONE', ( #6426, #1713, #5016, #5076 ) ) ;
#6420 = CARTESIAN_POINT ( 'NONE',  ( 0.5573417656250000407, 0.9653442552426449996, -0.4114583329919349608 ) ) ;
#6421 = EDGE_CURVE ( 'NONE', #2102, #268, #5845, .T. ) ;
#6422 = CARTESIAN_POINT ( 'NONE',  ( -5.229993673133281895, 1.216576201741372598, -3.811063116059147049 ) ) ;
#6423 = EDGE_CURVE ( 'NONE', #5049, #4284, #5419, .T. ) ;
#6424 = CARTESIAN_POINT ( 'NONE',  ( 1.114861028519253727, -0.1469426916172301700, 0.9999999999999997780 ) ) ;
#6425 = CARTESIAN_POINT ( 'NONE',  ( 0.5573417656250010399, -0.9653442552426449996, -0.4947916663252680536 ) ) ;
#6426 = ORIENTED_EDGE ( 'NONE', *, *, #976, .T. ) ;
#6427 =( LENGTH_UNIT ( ) NAMED_UNIT ( * ) SI_UNIT ( .MILLI., .METRE. ) );
#6428 = CARTESIAN_POINT ( 'NONE',  ( -1.114683531249999637, -0.6435628368284300738, 2.130208333674730170 ) ) ;
#6429 = CARTESIAN_POINT ( 'NONE',  ( 18.25000000000000355, 4.000000000000000000, 0.000000000000000000 ) ) ;
#6430 = CARTESIAN_POINT ( 'NONE',  ( 0.7472441672786229727, 0.4377512472490255324, 2.000000000000000000 ) ) ;
#6431 = EDGE_LOOP ( 'NONE', ( #5626, #2995, #3539, #4200 ) ) ;
#6432 = FACE_OUTER_BOUND ( 'NONE', #4343, .T. ) ;
#6433 = CARTESIAN_POINT ( 'NONE',  ( 0.6250000000000000000, 1.082531754730549967, 1.916666666666664964 ) ) ;
#6434 = CARTESIAN_POINT ( 'NONE',  ( -0.5573417656249990415, -0.9653442552426459988, 0.6510416670080649837 ) ) ;
#6435 = CARTESIAN_POINT ( 'NONE',  ( -3.529289321881346364, -3.959261623634319882, -3.959261623634300786 ) ) ;
#6436 = CARTESIAN_POINT ( 'NONE',  ( -7.612830808016390449, -2.168404344971008868E-16, 4.029289321881345032 ) ) ;
#6437 = CARTESIAN_POINT ( 'NONE',  ( -1.249999999999999556, -0.7216878364870319418, 0.02083333333333366524 ) ) ;
#6438 = CARTESIAN_POINT ( 'NONE',  ( -7.520000000000004015, 2.139921993911734877, -5.166228700122141859 ) ) ;
#6439 = CARTESIAN_POINT ( 'NONE',  ( -7.553639610306788654, 3.134446499564892630, -3.134446499564902400 ) ) ;
#6440 =( BOUNDED_CURVE ( )  B_SPLINE_CURVE ( 2, ( #1098, #3239, #1062, #4926, #5819, #3273, #60 ),
 .UNSPECIFIED., .F., .F. ) 
 B_SPLINE_CURVE_WITH_KNOTS ( ( 3, 2, 2, 3 ),
 ( 0.01140053676933851928, 0.01388888888888890026, 0.02777777777777780052, 0.04166666666666669905 ),
 .UNSPECIFIED. ) 
 CURVE ( )  GEOMETRIC_REPRESENTATION_ITEM ( )  RATIONAL_B_SPLINE_CURVE ( ( 0.9605947051842980144, 0.9759969301269599828, 1.000000000000000000, 0.8660254037844389297, 1.000000000000000000, 0.8660254037844379305, 1.000000000000000000 ) ) 
 REPRESENTATION_ITEM ( '' )  );
#6441 = PRODUCT_DEFINITION_SHAPE ( 'NONE', 'NONE',  #5659 ) ;
#6442 = CARTESIAN_POINT ( 'NONE',  ( 2.364411504516379476E-16, -1.287125673656860148, 0.4218750003413979655 ) ) ;
#6443 = ORIENTED_EDGE ( 'NONE', *, *, #2104, .F. ) ;
#6444 = CARTESIAN_POINT ( 'NONE',  ( -4.561432925473147826, -0.7692640361030261831, -5.396691927964946345 ) ) ;
#6446 = CARTESIAN_POINT ( 'NONE',  ( -1.114683531250000081, 0.000000000000000000, 1.671875000341400019 ) ) ;
#6445 = AXIS2_PLACEMENT_3D ( 'NONE', #4945, #3394, #1190 ) ;
#6447 = DIRECTION ( 'NONE',  ( -0.000000000000000000, 1.000000000000000000, -0.000000000000000000 ) ) ;
#6448 = CARTESIAN_POINT ( 'NONE',  ( -3.600000000000000089, 2.981555974335137194E-16, -5.450000000000000178 ) ) ;
#6449 = EDGE_CURVE ( 'NONE', #1978, #1270, #591, .T. ) ;
#6450 = CARTESIAN_POINT ( 'NONE',  ( -6.329133651181130027, 0.9987439935536760460, -5.358979376145920348 ) ) ;
#6451 = EDGE_CURVE ( 'NONE', #4674, #5157, #315, .T. ) ;
#6452 = CARTESIAN_POINT ( 'NONE',  ( -7.619999999999996554, 3.893711730015236849, -3.893711730015250172 ) ) ;
#6453 = CARTESIAN_POINT ( 'NONE',  ( 3.416819805153393563, 3.134446499564897515, -3.134446499564897515 ) ) ;
#6454 = CARTESIAN_POINT ( 'NONE',  ( 0.6328518444991898528, 0.9728374958360914704, 0.9999999999999265032 ) ) ;
#6455 = EDGE_CURVE ( 'NONE', #6457, #2038, #4739, .T. ) ;
#6456 = CARTESIAN_POINT ( 'NONE',  ( -0.9161446281444124429, 0.6475822623728749727, 2.381816461925186257 ) ) ;
#6457 = VERTEX_POINT ( 'NONE', #2210 ) ;
#6458 = CARTESIAN_POINT ( 'NONE',  ( -1.114683531249999637, 0.6435628368284300738, -0.3489583329919347388 ) ) ;
#6459 = CARTESIAN_POINT ( 'NONE',  ( -1.182341765624999930, 0.000000000000000000, 2.460937500170699899 ) ) ;
#6460 = CARTESIAN_POINT ( 'NONE',  ( 0.4180063150855192200, -1.033339293450411756, 1.000000000000000000 ) ) ;
#6461 = MANIFOLD_SOLID_BREP ( 'Fillet1', #5877 ) ;
#6462 = VERTEX_POINT ( 'NONE', #5345 ) ;
#6463 = CARTESIAN_POINT ( 'NONE',  ( -1.250000000000000000, 0.000000000000000000, 1.531250000682794932 ) ) ;
#6464 = SURFACE_SIDE_STYLE ('',( #3290 ) ) ;
#6465 = ORIENTED_EDGE ( 'NONE', *, *, #6753, .T. ) ;
#6466 = CARTESIAN_POINT ( 'NONE',  ( -0.6250000000000000000, 1.082531754730549967, 1.989583334016129967 ) ) ;
#6467 = VECTOR ( 'NONE', #3636, 1000.000000000000000 ) ;
#6468 = CARTESIAN_POINT ( 'NONE',  ( -7.519999999999999574, -3.349279623863285593, 4.358184291070082317 ) ) ;
#6470 = CARTESIAN_POINT ( 'NONE',  ( -1.114683531249999637, -0.6435628368284300738, -0.1197916663252680258 ) ) ;
#6469 = AXIS2_PLACEMENT_3D ( 'NONE', #4854, #1061, #4084 ) ;
#6471 = CARTESIAN_POINT ( 'NONE',  ( -7.620000000000000107, -2.168404344971008868E-16, 4.066360389693210564 ) ) ;
#6472 = EDGE_CURVE ( 'NONE', #1263, #1328, #5384, .T. ) ;
#6473 = CARTESIAN_POINT ( 'NONE',  ( -3.600000000000000977, -2.744723443021404474, 4.762135816530705945 ) ) ;
#6474 = CARTESIAN_POINT ( 'NONE',  ( -18.25000000000000000, 3.500000000000000000, 0.000000000000000000 ) ) ;
#6475 = DIRECTION ( 'NONE',  ( 0.000000000000000000, -1.224646799147360110E-16, 1.000000000000000000 ) ) ;
#6476 = CARTESIAN_POINT ( 'NONE',  ( 0.5573417656250010399, -0.9653442552426449996, -0.5572916663252679426 ) ) ;
#6477 = EDGE_LOOP ( 'NONE', ( #3031, #2605, #5780, #3956 ) ) ;
#6478 = CARTESIAN_POINT ( 'NONE',  ( -4.309999999999999609, -2.756705706076136994E-16, -5.450000000000000178 ) ) ;
#6479 = EDGE_CURVE ( 'NONE', #950, #5025, #6016, .T. ) ;
#6480 = CARTESIAN_POINT ( 'NONE',  ( 0.5573417656250000407, 0.9653442552426449996, 1.338541667008064096 ) ) ;
#6481 = CARTESIAN_POINT ( 'NONE',  ( -4.310072963795041900, -3.999977198816071500, 0.1648128310698032117 ) ) ;
#6482 = DIRECTION ( 'NONE',  ( 0.000000000000000000, 0.000000000000000000, 1.000000000000000000 ) ) ;
#6483 = CARTESIAN_POINT ( 'NONE',  ( 1.114683531250000081, 1.365093618607580186E-16, 2.296875000341399797 ) ) ;
#6484 = CARTESIAN_POINT ( 'NONE',  ( -7.620000000000001883, -0.7024205344592514555, 5.366819805153395073 ) ) ;
#6485 = CARTESIAN_POINT ( 'NONE',  ( 3.433639610306788992, 3.134446499564897515, -3.134446499564897515 ) ) ;
#6486 = CARTESIAN_POINT ( 'NONE',  ( -4.374089941878124499, -5.435572461425102198, 0.4034684445677610420 ) ) ;
#6487 = CYLINDRICAL_SURFACE ( 'NONE', #4623, 13.50049772884731247 ) ;
#6488 = CARTESIAN_POINT ( 'NONE',  ( -3.500000000000000000, 2.165978151238152627, 5.229133828522948946 ) ) ;
#6489 = ORIENTED_EDGE ( 'NONE', *, *, #4529, .T. ) ;
#6490 = CARTESIAN_POINT ( 'NONE',  ( 1.250000000000001776, -0.7216878364870319418, 1.854166666666664076 ) ) ;
#6491 = CARTESIAN_POINT ( 'NONE',  ( 3.500000000000000444, -4.099904416784701411, -0.5349999309735858910 ) ) ;
#6492 = CARTESIAN_POINT ( 'NONE',  ( 18.25000000000000355, 3.500000000000000000, 0.000000000000000000 ) ) ;
#6493 = DIRECTION ( 'NONE',  ( -1.000000000000000000, -0.000000000000000000, -0.000000000000000000 ) ) ;
#6494 = CARTESIAN_POINT ( 'NONE',  ( -7.619999999999999218, 5.087379542342646666, 2.107261603377748482 ) ) ;
#6495 = ORIENTED_EDGE ( 'NONE', *, *, #2260, .T. ) ;
#6496 = AXIS2_PLACEMENT_3D ( 'NONE', #4199, #6318, #3149 ) ;
#6497 = FACE_OUTER_BOUND ( 'NONE', #5080, .T. ) ;
#6498 = ORIENTED_EDGE ( 'NONE', *, *, #865, .F. ) ;
#6499 = CARTESIAN_POINT ( 'NONE',  ( -1.249999999999999556, 0.7216878364870319418, 0.7604166673494631157 ) ) ;
#6500 = CARTESIAN_POINT ( 'NONE',  ( 3.416819805153395784, -7.142475014960772473E-16, -4.432776750217551687 ) ) ;
#6501 = CARTESIAN_POINT ( 'NONE',  ( -7.881371681721266152E-17, 1.287125673656860148, 1.046875000341398243 ) ) ;
#6502 = CARTESIAN_POINT ( 'NONE',  ( -7.612830808016390449, 4.465235006483867508, 1.470207187019964132E-15 ) ) ;
#6503 = DIRECTION ( 'NONE',  ( 0.4657806960594517709, 0.000000000000000000, -0.8849001882576208455 ) ) ;
#6504 = CARTESIAN_POINT ( 'NONE',  ( 1.147478748026933060, -0.2499241246694550445, 2.322806889549167142 ) ) ;
#6505 = CARTESIAN_POINT ( 'NONE',  ( -7.590710678118655963, 3.789120444066414917E-15, -4.440721607103247592 ) ) ;
#6506 = TOROIDAL_SURFACE ( 'NONE', #2835, 7.360972550644013346, 1.979999999999998206 ) ;
#6507 = CARTESIAN_POINT ( 'NONE',  ( -1.114683531249999637, 0.6435628368284300738, 0.08854166700806484491 ) ) ;
#6508 = ORIENTED_EDGE ( 'NONE', *, *, #634, .T. ) ;
#6509 = DIRECTION ( 'NONE',  ( -0.3939572814174824300, -0.07836890595504619750, -0.9157816197093907595 ) ) ;
#6510 = CARTESIAN_POINT ( 'NONE',  ( -5.724480540893874370, -1.241831884518443285, -5.306658471538732158 ) ) ;
#6511 = CARTESIAN_POINT ( 'NONE',  ( 0.000000000000000000, 0.000000000000000000, 0.000000000000000000 ) ) ;
#6512 = CARTESIAN_POINT ( 'NONE',  ( -3.600000000000001421, -2.139921993911722442, 5.166228700122149853 ) ) ;
#6513 = CARTESIAN_POINT ( 'NONE',  ( -1.114683531249999637, -0.6435628368284300738, 1.692708333674731724 ) ) ;
#6514 = VECTOR ( 'NONE', #4342, 1000.000000000000000 ) ;
#6515 = CARTESIAN_POINT ( 'NONE',  ( -7.619999999999999218, -3.905914761791999812, -3.905914761791980272 ) ) ;
#6516 = CARTESIAN_POINT ( 'NONE',  ( 11.00454545454544331, 3.500000000000000000, 4.785392286829072361 ) ) ;
#6517 = CARTESIAN_POINT ( 'NONE',  ( -5.231588179012467421, -5.312756875409903934, -1.217043420051175939 ) ) ;
#6518 = AXIS2_PLACEMENT_3D ( 'NONE', #4210, #6230, #426 ) ;
#6519 = DIRECTION ( 'NONE',  ( -1.000000000000000000, -0.000000000000000000, -0.000000000000000000 ) ) ;
#6520 = CARTESIAN_POINT ( 'NONE',  ( -3.507169191983608325, 3.975310123934165940, 3.975310123934166828 ) ) ;
#6521 = EDGE_LOOP ( 'NONE', ( #1414, #2502 ) ) ;
#6522 = CARTESIAN_POINT ( 'NONE',  ( 1.114683531250000081, 1.365093618607580186E-16, -0.4531249996586020345 ) ) ;
#6523 = CARTESIAN_POINT ( 'NONE',  ( -1.250000000000000000, 0.000000000000000000, 1.750000000000000000 ) ) ;
#6524 = CARTESIAN_POINT ( 'NONE',  ( -6.810000000000000497, 5.318626440744896954E-22, -5.450000000000000178 ) ) ;
#6525 = CARTESIAN_POINT ( 'NONE',  ( -7.620000000000000107, -5.421010862427522170E-17, 5.383639610306790502 ) ) ;
#6526 = CARTESIAN_POINT ( 'NONE',  ( 1.114683531249999637, 0.6435628368284300738, -0.4322916663252683867 ) ) ;
#6527 = EDGE_CURVE ( 'NONE', #3977, #3396, #3163, .T. ) ;
#6528 = LINE ( 'NONE', #5583, #6109 ) ;
#6529 = ADVANCED_FACE ( 'NONE', ( #1097 ), #5137, .T. ) ;
#6530 = VERTEX_POINT ( 'NONE', #1422 ) ;
#6531 = VECTOR ( 'NONE', #1867, 1000.000000000000000 ) ;
#6532 = CARTESIAN_POINT ( 'NONE',  ( 1.249999999999999556, 0.7216878364870319418, 0.6770833340161299674 ) ) ;
#6533 = CARTESIAN_POINT ( 'NONE',  ( 3.416819805153394451, -3.134446499564901067, 3.134446499564895294 ) ) ;
#6534 = PRODUCT_DEFINITION_CONTEXT ( 'detailed design', #981, 'design' ) ;
#6535 = CARTESIAN_POINT ( 'NONE',  ( 2.364411504516379476E-16, -1.287125673656860148, 0.6718750003413990202 ) ) ;
#6536 = UNCERTAINTY_MEASURE_WITH_UNIT (LENGTH_MEASURE( 1.000000000000000082E-05 ), #6427, 'distance_accuracy_value', 'NONE');
#6537 = CARTESIAN_POINT ( 'NONE',  ( -6.287807780220465936, 4.000000000000000000, -11.94683691382829238 ) ) ;
#6538 = CARTESIAN_POINT ( 'NONE',  ( -7.612830808016390449, -2.168404344971008868E-16, 4.029289321881345032 ) ) ;
#6539 = CARTESIAN_POINT ( 'NONE',  ( -5.559999999999999609, -9.600999999999999091, -1.250000000000000000 ) ) ;
#6540 = CARTESIAN_POINT ( 'NONE',  ( 0.8265336325738605883, -0.8547387453589039286, 2.307493753103981415 ) ) ;
#6541 = CARTESIAN_POINT ( 'NONE',  ( 0.7527257842952910227, -0.4282568080685234535, 1.000000000000000000 ) ) ;
#6542 = ORIENTED_EDGE ( 'NONE', *, *, #21, .F. ) ;
#6543 = CARTESIAN_POINT ( 'NONE',  ( 0.000000000000000000, 0.000000000000000000, 0.000000000000000000 ) ) ;
#6544 = ADVANCED_FACE ( 'NONE', ( #6372 ), #879, .F. ) ;
#6545 = CARTESIAN_POINT ( 'NONE',  ( -8.838126989374225934E-17, 1.443375672974064106, 2.187499999999999556 ) ) ;
#6546 = CARTESIAN_POINT ( 'NONE',  ( -3.583180194846605104, 5.166228700122151629, 2.139921993911715337 ) ) ;
#6547 =( GEOMETRIC_REPRESENTATION_CONTEXT ( 3 ) GLOBAL_UNCERTAINTY_ASSIGNED_CONTEXT ( ( #2132 ) ) GLOBAL_UNIT_ASSIGNED_CONTEXT ( ( #2128, #5831, #5304 ) ) REPRESENTATION_CONTEXT ( 'NONE', 'WORKASPACE' ) );
#6548 = CARTESIAN_POINT ( 'NONE',  ( -0.5573417656250000407, 0.9653442552426449996, 2.380208333674729726 ) ) ;
#6549 = CARTESIAN_POINT ( 'NONE',  ( -7.612830808016390449, 5.561833807971083843, 2.441650658117190203E-15 ) ) ;
#6550 = CARTESIAN_POINT ( 'NONE',  ( 3.492830808016390787, -4.465235006483868396, -3.267127082266586740E-15 ) ) ;
#6551 = EDGE_CURVE ( 'NONE', #616, #474, #5818, .T. ) ;
#6552 = ORIENTED_EDGE ( 'NONE', *, *, #4147, .T. ) ;
#6553 = CARTESIAN_POINT ( 'NONE',  ( -5.229916543715463106, -5.312864793677940511, 1.216581297398052985 ) ) ;
#6554 = CARTESIAN_POINT ( 'NONE',  ( -6.810001226731523971, -4.000000383353600419, -0.08235243731579179605 ) ) ;
#6555 = CARTESIAN_POINT ( 'NONE',  ( -3.529289321881348140, 2.142736950169403798, -5.173024605696897815 ) ) ;
#6556 = ORIENTED_EDGE ( 'NONE', *, *, #2308, .F. ) ;
#6557 = PRODUCT_DEFINITION_FORMATION_WITH_SPECIFIED_SOURCE ( 'ANY', '', #1069, .NOT_KNOWN. ) ;
#6558 = ADVANCED_FACE ( 'NONE', ( #59 ), #1779, .F. ) ;
#6559 = CARTESIAN_POINT ( 'NONE',  ( -8.838126989374227166E-17, 1.443375672974063884, 1.187499999999998446 ) ) ;
#6560 = CARTESIAN_POINT ( 'NONE',  ( -7.520000000000000462, -2.458186879899660227, -3.198667369592722132 ) ) ;
#6561 = DIRECTION ( 'NONE',  ( 0.000000000000000000, 0.000000000000000000, 1.000000000000000000 ) ) ;
#6562 = LINE ( 'NONE', #212, #1574 ) ;
#6563 = DIRECTION ( 'NONE',  ( 0.000000000000000000, 0.000000000000000000, 1.000000000000000000 ) ) ;
#6564 = DIRECTION ( 'NONE',  ( 0.000000000000000000, 0.000000000000000000, -1.000000000000000000 ) ) ;
#6565 = CARTESIAN_POINT ( 'NONE',  ( -3.500000000000000000, 2.179186617653218860, 5.261021887280353582 ) ) ;
#6566 = ORIENTED_EDGE ( 'NONE', *, *, #5184, .F. ) ;
#6567 = CARTESIAN_POINT ( 'NONE',  ( -1.250000000000000000, 0.000000000000000000, 1.531250000682794932 ) ) ;
#6568 = ORIENTED_EDGE ( 'NONE', *, *, #3641, .F. ) ;
#6569 = EDGE_LOOP ( 'NONE', ( #2246, #4017, #441, #1824 ) ) ;
#6570 = CARTESIAN_POINT ( 'NONE',  ( 3.433639610306789880, 7.589415207398531038E-16, 4.000000000000000888 ) ) ;
#6571 = CARTESIAN_POINT ( 'NONE',  ( -0.5196732637897389928, -1.056810729182811937, 1.000000000000000222 ) ) ;
#6572 = CARTESIAN_POINT ( 'NONE',  ( 5.270971560210249013E-05, 4.000000000000000000, 2.770985862293739999E-05 ) ) ;
#6573 = CARTESIAN_POINT ( 'NONE',  ( -7.620000000000000995, 4.200374486872545199E-15, -4.524956558666199058 ) ) ;
#6574 = CARTESIAN_POINT ( 'NONE',  ( -0.8116152672032330706, 0.9506737916039479375, 2.246499999999999719 ) ) ;
#6575 = CARTESIAN_POINT ( 'NONE',  ( -0.7563894241250697092, -0.9645162383168707221, 2.271948309631360630 ) ) ;
#6576 = CARTESIAN_POINT ( 'NONE',  ( -7.619999999999996554, -4.543596168972984906, 1.220146594370606753E-14 ) ) ;
#6577 = ADVANCED_FACE ( 'NONE', ( #5682 ), #2677, .F. ) ;
#6578 = ORIENTED_EDGE ( 'NONE', *, *, #5506, .F. ) ;
#6579 = CONICAL_SURFACE ( 'NONE', #5681, 0.9964999999999999414, 0.7853981633974702614 ) ;
#6580 = CARTESIAN_POINT ( 'NONE',  ( -4.468480186634065987, -3.952889531171491555, 0.6305321377079423639 ) ) ;
#6581 = CARTESIAN_POINT ( 'NONE',  ( -3.600000000000000533, -2.139921993911704234, -5.166228700122157846 ) ) ;
#6582 = CARTESIAN_POINT ( 'NONE',  ( 0.5573417656250000407, 0.9653442552426449996, 1.338541667008064096 ) ) ;
#6583 = CARTESIAN_POINT ( 'NONE',  ( -7.619999999999998330, -6.223991899446958850E-15, -5.523797629599507708 ) ) ;
#6584 = CARTESIAN_POINT ( 'NONE',  ( 3.500000000000000444, 1.070935887351340599, 4.100000000000001421 ) ) ;
#6585 = ORIENTED_EDGE ( 'NONE', *, *, #6682, .T. ) ;
#6586 = CARTESIAN_POINT ( 'NONE',  ( 0.000000000000000000, -4.000000000000000000, 0.000000000000000000 ) ) ;
#6587 = CARTESIAN_POINT ( 'NONE',  ( -3.507169191983608769, 5.193992981830501954, 2.151422335944862319 ) ) ;
#6588 = EDGE_LOOP ( 'NONE', ( #3879, #3452, #1397, #2207 ) ) ;
#6589 = CARTESIAN_POINT ( 'NONE',  ( 0.6250000000000000000, -1.082531754730548190, 0.8333333333333339255 ) ) ;
#6590 = PLANE ( 'NONE',  #1006 ) ;
#6591 = CIRCLE ( 'NONE', #4596, 1.979999999999999982 ) ;
#6592 = DIRECTION ( 'NONE',  ( 0.000000000000000000, 0.000000000000000000, -1.000000000000000000 ) ) ;
#6593 = CARTESIAN_POINT ( 'NONE',  ( -7.590710678118657739, 2.137107037654065067, -5.159432794547392120 ) ) ;
#6594 = AXIS2_PLACEMENT_3D ( 'NONE', #3781, #2097, #5905 ) ;
#6595 = SURFACE_SIDE_STYLE ('',( #2895 ) ) ;
#6596 = CARTESIAN_POINT ( 'NONE',  ( -3.500000000000000444, -5.229133828522950722, 2.165978151238135752 ) ) ;
#6597 = ORIENTED_EDGE ( 'NONE', *, *, #4819, .F. ) ;
#6598 = AXIS2_PLACEMENT_3D ( 'NONE', #4629, #5633, #3007 ) ;
#6599 = CARTESIAN_POINT ( 'NONE',  ( 1.249999999999999556, 0.7216878364870319418, 1.927083334016127747 ) ) ;
#6600 = VERTEX_POINT ( 'NONE', #5649 ) ;
#6601 = EDGE_LOOP ( 'NONE', ( #5444, #4695, #1215, #2168, #5585, #5013, #4006, #5707 ) ) ;
#6602 = CARTESIAN_POINT ( 'NONE',  ( 3.492830808016390787, -4.465235006483868396, -3.267127082266586740E-15 ) ) ;
#6603 = DIRECTION ( 'NONE',  ( 0.000000000000000000, 0.000000000000000000, 1.000000000000000000 ) ) ;
#6604 = VECTOR ( 'NONE', #927, 1000.000000000000000 ) ;
#6605 = DIRECTION ( 'NONE',  ( -0.000000000000000000, -1.000000000000000000, 0.000000000000000000 ) ) ;
#6606 = CARTESIAN_POINT ( 'NONE',  ( 1.552852141318843880E-15, -4.500000000000000888, -12.67999999999999972 ) ) ;
#6607 = CARTESIAN_POINT ( 'NONE',  ( -0.003030315321330999141, -1.208269561265605141, 2.288276349683107114 ) ) ;
#6608 = CARTESIAN_POINT ( 'NONE',  ( -3.628989356929962717, 1.175391920242159397E-15, -9.597803391643314086 ) ) ;
#6609 = LINE ( 'NONE', #1306, #2503 ) ;
#6610 = CARTESIAN_POINT ( 'NONE',  ( 1.114683531250000081, 1.365093618607580186E-16, 2.046875000341400241 ) ) ;
#6611 = VECTOR ( 'NONE', #3063, 1000.000000000000000 ) ;
#6612 = ADVANCED_FACE ( 'NONE', ( #2717 ), #6579, .T. ) ;
#6613 = CARTESIAN_POINT ( 'NONE',  ( -7.620000000000000107, 0.7046219455284298272, 5.383639610306789614 ) ) ;
#6614 = CARTESIAN_POINT ( 'NONE',  ( 3.500000000000000444, -3.199627467207418530, 3.199627467207412757 ) ) ;
#6615 = EDGE_CURVE ( 'NONE', #1146, #5160, #858, .T. ) ;
#6616 = ORIENTED_EDGE ( 'NONE', *, *, #6423, .F. ) ;
#6617 = CARTESIAN_POINT ( 'NONE',  ( 0.7183342266514208818, 0.8989347684332361643, 2.351082571251582376 ) ) ;
#6618 = EDGE_CURVE ( 'NONE', #6530, #997, #1338, .T. ) ;
#6619 = VERTEX_POINT ( 'NONE', #2079 ) ;
#6620 =( BOUNDED_CURVE ( )  B_SPLINE_CURVE ( 2, ( #5751, #957, #3772, #993, #5368, #2123, #6819 ),
 .UNSPECIFIED., .F., .F. ) 
 B_SPLINE_CURVE_WITH_KNOTS ( ( 3, 2, 2, 3 ),
 ( 0.2916666666666665186, 0.3055555555555554692, 0.3194444444444444753, 0.3333333333333335369 ),
 .UNSPECIFIED. ) 
 CURVE ( )  GEOMETRIC_REPRESENTATION_ITEM ( )  RATIONAL_B_SPLINE_CURVE ( ( 1.000000000000000000, 0.8660254037844379305, 1.000000000000000000, 0.8660254037844389297, 1.000000000000000000, 0.8660254037844389297, 1.000000000000000000 ) ) 
 REPRESENTATION_ITEM ( '' )  );
#6621 = FACE_OUTER_BOUND ( 'NONE', #909, .T. ) ;
#6622 = CARTESIAN_POINT ( 'NONE',  ( -3.507169191983608769, -0.7171407786482887348, 5.479289321881346098 ) ) ;
#6623 = EDGE_LOOP ( 'NONE', ( #3960, #2918, #2958, #6232 ) ) ;
#6624 = AXIS2_PLACEMENT_3D ( 'NONE', #412, #1533, #6316 ) ;
#6625 = B_SPLINE_CURVE_WITH_KNOTS ( 'NONE', 3,
 ( #2119, #61, #5858, #5329, #6891, #3205, #3274, #2680, #24, #2157, #4745, #1662, #4289, #2754, #4325, #1631, #2193, #782 ),
 .UNSPECIFIED., .F., .F.,
 ( 4, 2, 2, 2, 2, 2, 2, 2, 4 ),
 ( 0.5000000000000000000, 0.5625000000000000000, 0.6250000000000000000, 0.6875000000000000000, 0.7500000000000000000, 0.8125000000000000000, 0.8750000000000000000, 0.9375000000000000000, 1.000000000000000000 ),
 .UNSPECIFIED. ) ;
#6626 = CARTESIAN_POINT ( 'NONE',  ( 1.249999999999999556, 0.7216878364870319418, 0.8958333333333335924 ) ) ;
#6627 = CARTESIAN_POINT ( 'NONE',  ( 3.500000000000000444, -1.626303258728256651E-16, -4.100000000000001421 ) ) ;
#6628 = CARTESIAN_POINT ( 'NONE',  ( -1.250000000000000000, 0.000000000000000000, 1.281250000682796042 ) ) ;
#6629 = CARTESIAN_POINT ( 'NONE',  ( -7.590710678118655075, 0.000000000000000000, 5.442830808016390520 ) ) ;
#6630 = CARTESIAN_POINT ( 'NONE',  ( 67.64425812963115447, 9.766465172982796261, 74.05945097070279814 ) ) ;
#6631 = AXIS2_PLACEMENT_3D ( 'NONE', #6194, #6710, #3576 ) ;
#6632 = CARTESIAN_POINT ( 'NONE',  ( -3.507169191983608769, -2.151422335944870756, 5.193992981830501954 ) ) ;
#6633 = ORIENTED_EDGE ( 'NONE', *, *, #5932, .F. ) ;
#6634 = CARTESIAN_POINT ( 'NONE',  ( 0.6250000000000000000, -1.082531754730548190, 1.114583334016129745 ) ) ;
#6635 = CARTESIAN_POINT ( 'NONE',  ( 0.5573417656250000407, 0.9653442552426449996, 1.838541667008064762 ) ) ;
#6636 = ORIENTED_EDGE ( 'NONE', *, *, #4059, .T. ) ;
#6637 = EDGE_CURVE ( 'NONE', #4012, #6221, #4613, .T. ) ;
#6638 = ORIENTED_EDGE ( 'NONE', *, *, #5506, .T. ) ;
#6639 = CARTESIAN_POINT ( 'NONE',  ( 3.500000000000000888, 6.505213034913026604E-16, 4.066360389693210564 ) ) ;
#6640 = CARTESIAN_POINT ( 'NONE',  ( -1.114683531250000081, 0.000000000000000000, -0.3906249996586015349 ) ) ;
#6641 = DIRECTION ( 'NONE',  ( -0.000000000000000000, -1.000000000000000000, -0.000000000000000000 ) ) ;
#6642 = DIRECTION ( 'NONE',  ( 0.000000000000000000, 0.000000000000000000, 1.000000000000000000 ) ) ;
#6643 = CARTESIAN_POINT ( 'NONE',  ( -5.888017349932439970, -5.312719219462415765, -1.217218960883011958 ) ) ;
#6644 = CARTESIAN_POINT ( 'NONE',  ( -5.395252791346071497, -1.250001243930933814, -3.799670629169432878 ) ) ;
#6645 = CARTESIAN_POINT ( 'NONE',  ( 0.000000000000000000, 0.5000000000000000000, 0.000000000000000000 ) ) ;
#6646 = CIRCLE ( 'NONE', #1510, 9.597803391643314086 ) ;
#6647 = FILL_AREA_STYLE_COLOUR ( '', #6666 ) ;
#6648 = CARTESIAN_POINT ( 'NONE',  ( 1.250000000000000000, 1.530808498934190091E-16, 1.156250000682796042 ) ) ;
#6649 = CARTESIAN_POINT ( 'NONE',  ( -1.114683531249999637, 0.6435628368284300738, 1.151041667008064540 ) ) ;
#6650 = CARTESIAN_POINT ( 'NONE',  ( -7.553639610306793095, 2.139921993911734877, -5.166228700122141859 ) ) ;
#6651 = CARTESIAN_POINT ( 'NONE',  ( 3.500000000000000888, 4.543596168972992011, -1.045839938031948888E-15 ) ) ;
#6652 = ORIENTED_EDGE ( 'NONE', *, *, #1671, .F. ) ;
#6653 = DIRECTION ( 'NONE',  ( -1.000000000000000000, -0.000000000000000000, -0.000000000000000000 ) ) ;
#6654 = ORIENTED_EDGE ( 'NONE', *, *, #4419, .F. ) ;
#6655 = CARTESIAN_POINT ( 'NONE',  ( -7.520000000000003126, 1.046991537437121034, 3.895890706673262649 ) ) ;
#6656 = CARTESIAN_POINT ( 'NONE',  ( -3.500000000000000888, -4.002205763591144994, 4.002205763591119236 ) ) ;
#6657 = VERTEX_POINT ( 'NONE', #3766 ) ;
#6658 = CARTESIAN_POINT ( 'NONE',  ( -7.620000000000000107, 3.277372294448846812, 2.520768136200633780 ) ) ;
#6659 = SHAPE_REPRESENTATION ( 'PART 1 BEARING', ( #1443 ), #324 ) ;
#6660 = LINE ( 'NONE', #1886, #1919 ) ;
#6661 = CARTESIAN_POINT ( 'NONE',  ( -7.612830808016394002, 2.128421651878587895, -5.138464418413790646 ) ) ;
#6662 = EDGE_CURVE ( 'NONE', #5951, #2687, #4127, .T. ) ;
#6663 = CARTESIAN_POINT ( 'NONE',  ( 0.4900441302299988200, -1.004198563153774870, 1.002692760363701030 ) ) ;
#6664 = CARTESIAN_POINT ( 'NONE',  ( -3.500000000000001776, -2.179186617653223301, 5.261021887280358911 ) ) ;
#6665 = ORIENTED_EDGE ( 'NONE', *, *, #6341, .F. ) ;
#6666 = COLOUR_RGB ( '',0.6470588235294117974, 0.6196078431372549211, 0.5882352941176470784 ) ;
#6667 = CARTESIAN_POINT ( 'NONE',  ( 0.6250000000000000000, -1.082531754730548190, -0.1354166659838701992 ) ) ;
#6668 = CARTESIAN_POINT ( 'NONE',  ( -1.114683531250000081, 0.000000000000000000, 1.171875000341397799 ) ) ;
#6669 = ORIENTED_EDGE ( 'NONE', *, *, #2134, .F. ) ;
#6670 = ORIENTED_EDGE ( 'NONE', *, *, #2908, .F. ) ;
#6671 = DIRECTION ( 'NONE',  ( 0.000000000000000000, 1.000000000000000000, 0.000000000000000000 ) ) ;
#6672 = CARTESIAN_POINT ( 'NONE',  ( 1.250000000000000000, 1.530808498934190091E-16, 2.156250000682795154 ) ) ;
#6673 = DIRECTION ( 'NONE',  ( -0.000000000000000000, -1.000000000000000000, 0.000000000000000000 ) ) ;
#6674 = CARTESIAN_POINT ( 'NONE',  ( -6.329209902617185968, -5.358996667419543058, 0.9986081606948402634 ) ) ;
#6675 = CARTESIAN_POINT ( 'NONE',  ( -1.137455742080435206, -0.4877636617384938922, 2.258734414030714177 ) ) ;
#6676 = CARTESIAN_POINT ( 'NONE',  ( -3.448989356929962558, 0.000000000000000000, 0.000000000000000000 ) ) ;
#6677 = LINE ( 'NONE', #5059, #718 ) ;
#6678 = CARTESIAN_POINT ( 'NONE',  ( -1.114683531249999637, 0.6435628368284300738, 0.1510416670080646784 ) ) ;
#6679 = CIRCLE ( 'NONE', #5351, 11.00000000000000000 ) ;
#6680 = CARTESIAN_POINT ( 'NONE',  ( -7.553639610306787766, -6.494383187557600503E-15, -5.591885649938926228 ) ) ;
#6681 = CARTESIAN_POINT ( 'NONE',  ( 3.492830808016392119, -1.052465984225432694, 4.029289321881345032 ) ) ;
#6682 = EDGE_CURVE ( 'NONE', #5025, #950, #2566, .T. ) ;
#6683 = ORIENTED_EDGE ( 'NONE', *, *, #5009, .T. ) ;
#6684 = DIRECTION ( 'NONE',  ( -1.000000000000000000, 0.000000000000000000, 0.000000000000000000 ) ) ;
#6685 = ORIENTED_EDGE ( 'NONE', *, *, #4589, .F. ) ;
#6686 = CARTESIAN_POINT ( 'NONE',  ( -7.520000000000001350, 2.458186879899660671, -3.198667369592720355 ) ) ;
#6687 = AXIS2_PLACEMENT_3D ( 'NONE', #3412, #2389, #6127 ) ;
#6688 = VERTEX_POINT ( 'NONE', #5888 ) ;
#6689 = CARTESIAN_POINT ( 'NONE',  ( 3.410000000000000142, 0.000000000000000000, 0.000000000000000000 ) ) ;
#6690 = DIRECTION ( 'NONE',  ( 0.000000000000000000, 0.000000000000000000, 1.000000000000000000 ) ) ;
#6691 = CARTESIAN_POINT ( 'NONE',  ( -7.553639610306789542, 2.139921993911719333, 5.166228700122148076 ) ) ;
#6692 = APPLICATION_CONTEXT ( 'automotive_design' ) ;
#6693 = CARTESIAN_POINT ( 'NONE',  ( 0.000000000000000000, 1.347111479062088405E-15, -11.00000000000000000 ) ) ;
#6694 = CARTESIAN_POINT ( 'NONE',  ( -3.500000000000000444, -4.014408795367881311, -4.014408795367863547 ) ) ;
#6695 = ORIENTED_EDGE ( 'NONE', *, *, #2208, .T. ) ;
#6696 = CARTESIAN_POINT ( 'NONE',  ( -1.250000000000000000, 0.000000000000000000, 0.2812500006827964860 ) ) ;
#6697 = CARTESIAN_POINT ( 'NONE',  ( -0.5573417656250000407, 0.9653442552426449996, 1.880208333674729948 ) ) ;
#6698 = EDGE_LOOP ( 'NONE', ( #2055, #3436, #251, #848, #1344, #4545, #101, #5387, #3606 ) ) ;
#6699 = AXIS2_PLACEMENT_3D ( 'NONE', #3451, #5572, #786 ) ;
#6700 = AXIS2_PLACEMENT_3D ( 'NONE', #5071, #4020, #2442 ) ;
#6701 = ORIENTED_EDGE ( 'NONE', *, *, #6108, .T. ) ;
#6702 = CARTESIAN_POINT ( 'NONE',  ( 3.499999999999999556, -4.543596168972990235, -3.278017505874142312E-15 ) ) ;
#6703 = CARTESIAN_POINT ( 'NONE',  ( -7.620000000000000107, 6.776263578034402713E-16, -5.349999999999999645 ) ) ;
#6704 = CARTESIAN_POINT ( 'NONE',  ( -3.499999999999999556, 4.444574585294818192, -3.404450358193569670 ) ) ;
#6705 = CYLINDRICAL_SURFACE ( 'NONE', #598, 4.000000000000000000 ) ;
#6706 = CARTESIAN_POINT ( 'NONE',  ( -5.723473789733081851, -5.304714883949938731, -1.249999999999999778 ) ) ;
#6707 = CARTESIAN_POINT ( 'NONE',  ( 0.000000000000000000, -4.500000000000000000, 0.000000000000000000 ) ) ;
#6708 = APPLICATION_PROTOCOL_DEFINITION ( 'draft international standard', 'automotive_design', 1998, #495 ) ;
#6709 = AXIS2_PLACEMENT_3D ( 'NONE', #6374, #4816, #4214 ) ;
#6710 = DIRECTION ( 'NONE',  ( -0.000000000000000000, -1.000000000000000000, -0.000000000000000000 ) ) ;
#6711 = EDGE_CURVE ( 'NONE', #2767, #6886, #548, .T. ) ;
#6712 = CARTESIAN_POINT ( 'NONE',  ( 2.364411504516379476E-16, -1.287125673656860148, -0.01562499965860165638 ) ) ;
#6713 = CARTESIAN_POINT ( 'NONE',  ( -0.5573417656249990415, -0.9653442552426459988, 1.151041667008064096 ) ) ;
#6714 = VERTEX_POINT ( 'NONE', #1549 ) ;
#6715 = CARTESIAN_POINT ( 'NONE',  ( 0.000000000000000000, 0.000000000000000000, 4.000000000000000000 ) ) ;
#6716 = DIRECTION ( 'NONE',  ( 0.000000000000000000, 0.000000000000000000, 1.000000000000000000 ) ) ;
#6717 = B_SPLINE_CURVE_WITH_KNOTS ( 'NONE', 5,
 ( #6796, #4198, #4, #5838, #938, #2100, #3221, #5240 ),
 .UNSPECIFIED., .F., .F.,
 ( 6, 2, 6 ),
 ( 0.000000000000000000, 0.5000000000000000000, 1.000000000000000000 ),
 .UNSPECIFIED. ) ;
#6718 = ORIENTED_EDGE ( 'NONE', *, *, #3279, .T. ) ;
#6719 = CARTESIAN_POINT ( 'NONE',  ( -7.620000000000000995, 0.5357049022970470364, 4.100000000000000533 ) ) ;
#6720 = CARTESIAN_POINT ( 'NONE',  ( 2.831010643070036803, 0.000000000000000000, 9.597815608934052278 ) ) ;
#6721 = CARTESIAN_POINT ( 'NONE',  ( -7.612830808016390449, 5.561833807971083843, 2.441650658117190203E-15 ) ) ;
#6722 = AXIS2_PLACEMENT_3D ( 'NONE', #4933, #4476, #4897 ) ;
#6723 = TOROIDAL_SURFACE ( 'NONE', #6624, 9.597803391643314086, 0.1800000000000000488 ) ;
#6724 = CARTESIAN_POINT ( 'NONE',  ( -3.308954545963465943, 0.000000000000000000, 0.000000000000000000 ) ) ;
#6725 = FACE_OUTER_BOUND ( 'NONE', #5873, .T. ) ;
#6726 = ORIENTED_EDGE ( 'NONE', *, *, #6711, .T. ) ;
#6727 = ORIENTED_EDGE ( 'NONE', *, *, #1769, .F. ) ;
#6728 = ADVANCED_BREP_SHAPE_REPRESENTATION ( '', ( #1856, #1443 ), #3463 ) ;
#6729 = CIRCLE ( 'NONE', #3736, 6.080000000000000959 ) ;
#6730 = CARTESIAN_POINT ( 'NONE',  ( -1.250000000000000000, 0.000000000000000000, -0.4687499993172030144 ) ) ;
#6731 = CARTESIAN_POINT ( 'NONE',  ( -0.5573417656249990415, -0.9653442552426459988, 1.713541667008064984 ) ) ;
#6732 = ADVANCED_FACE ( 'NONE', ( #2117, #3526, #3203, #3027 ), #1591, .T. ) ;
#6733 = ORIENTED_EDGE ( 'NONE', *, *, #6360, .F. ) ;
#6734 = CARTESIAN_POINT ( 'NONE',  ( 3.500000000000000888, 4.543596168972992011, -1.045839938031948888E-15 ) ) ;
#6735 = APPLICATION_CONTEXT ( 'automotive_design' ) ;
#6736 = CARTESIAN_POINT ( 'NONE',  ( -0.5573417656249990415, -0.9653442552426459988, 1.651041667008064984 ) ) ;
#6737 = CARTESIAN_POINT ( 'NONE',  ( -3.500000000000000000, 0.7362339307519770726, 5.550000000000001599 ) ) ;
#6738 = EDGE_CURVE ( 'NONE', #594, #6337, #4742, .T. ) ;
#6739 = LINE ( 'NONE', #2942, #2613 ) ;
#6740 = CARTESIAN_POINT ( 'NONE',  ( -1.137031495241975998, 0.3824675222255284335, 2.299606474491111552 ) ) ;
#6741 = CARTESIAN_POINT ( 'NONE',  ( -6.287533182812740762, 0.5000000000000000000, 11.94698143472400886 ) ) ;
#6742 = ORIENTED_EDGE ( 'NONE', *, *, #6101, .T. ) ;
#6743 = PRODUCT_CONTEXT ( 'NONE', #763, 'mechanical' ) ;
#6744 = CARTESIAN_POINT ( 'NONE',  ( 0.5573417656250000407, 0.9653442552426449996, 2.276041667008064984 ) ) ;
#6745 = FACE_OUTER_BOUND ( 'NONE', #2365, .T. ) ;
#6746 = CARTESIAN_POINT ( 'NONE',  ( -1.249999999999999556, 0.7216878364870319418, 1.479166666666666075 ) ) ;
#6747 = CARTESIAN_POINT ( 'NONE',  ( 0.5573417656250000407, 0.9653442552426449996, -0.1614583329919350163 ) ) ;
#6748 = CARTESIAN_POINT ( 'NONE',  ( -1.114683531249999637, 0.6435628368284300738, 1.838541667008064984 ) ) ;
#6749 = ORIENTED_EDGE ( 'NONE', *, *, #3633, .F. ) ;
#6750 = DIRECTION ( 'NONE',  ( 0.8849019005169600494, 0.000000000000000000, 0.4657774430578107694 ) ) ;
#6751 = CARTESIAN_POINT ( 'NONE',  ( -7.619999999999998330, -3.994251324550102122, -1.058264950912745084 ) ) ;
#6752 = VERTEX_POINT ( 'NONE', #6359 ) ;
#6753 = EDGE_CURVE ( 'NONE', #4180, #5684, #78, .T. ) ;
#6754 = CARTESIAN_POINT ( 'NONE',  ( -7.619999999999999218, 4.100095583215634498, 0.5349999309736034325 ) ) ;
#6755 = CARTESIAN_POINT ( 'NONE',  ( -3.500000000000000000, 0.000000000000000000, 9.599999999999999645 ) ) ;
#6756 = CARTESIAN_POINT ( 'NONE',  ( -1.250000000000000000, 0.000000000000000000, 1.781250000682794932 ) ) ;
#6757 = CARTESIAN_POINT ( 'NONE',  ( -7.553639610306789542, 3.954060262691558414, 3.954060262691561078 ) ) ;
#6758 = EDGE_CURVE ( 'NONE', #4757, #3890, #2105, .T. ) ;
#6759 = DIRECTION ( 'NONE',  ( 0.000000000000000000, 0.000000000000000000, -1.000000000000000000 ) ) ;
#6760 = VERTEX_POINT ( 'NONE', #1650 ) ;
#6761 = DIRECTION ( 'NONE',  ( 0.1727965296709907672, 0.000000000000000000, -0.9849575418938942839 ) ) ;
#6762 = ORIENTED_EDGE ( 'NONE', *, *, #2515, .F. ) ;
#6763 = CARTESIAN_POINT ( 'NONE',  ( -8.838126989374227166E-17, 1.443375672974063884, -0.2812499993172037360 ) ) ;
#6764 = CARTESIAN_POINT ( 'NONE',  ( 2.364411504516379476E-16, -1.287125673656860148, 1.234375000341398243 ) ) ;
#6765 = ORIENTED_EDGE ( 'NONE', *, *, #6156, .F. ) ;
#6766 = CARTESIAN_POINT ( 'NONE',  ( 1.114683531249999415, -0.6435628368284300738, 2.213541667008065428 ) ) ;
#6767 = LINE ( 'NONE', #1532, #6467 ) ;
#6768 = CARTESIAN_POINT ( 'NONE',  ( -3.499999999999999556, -4.846167063087104765, -2.803424741686479482 ) ) ;
#6769 = CARTESIAN_POINT ( 'NONE',  ( -5.559999999999999609, -5.304714883949936954, -1.250000000000000000 ) ) ;
#6770 = CARTESIAN_POINT ( 'NONE',  ( 10.99741058161085583, -6.504635045745112878E-16, -9.449971804273680220 ) ) ;
#6771 = EDGE_LOOP ( 'NONE', ( #4643, #6004, #3411, #4472 ) ) ;
#6772 = CARTESIAN_POINT ( 'NONE',  ( 1.114683531249999637, 0.6435628368284300738, 1.505208333674731724 ) ) ;
#6773 = DIRECTION ( 'NONE',  ( 0.000000000000000000, 0.000000000000000000, -1.000000000000000000 ) ) ;
#6774 = CARTESIAN_POINT ( 'NONE',  ( 0.6250000000000000000, -1.082531754730548190, 0.5833333333333339255 ) ) ;
#6775 = CARTESIAN_POINT ( 'NONE',  ( 1.114683531250000526, -0.6435628368284300738, 0.02604166700806518145 ) ) ;
#6776 = CARTESIAN_POINT ( 'NONE',  ( -0.5573417656250000407, 0.9653442552426449996, 1.317708333674732168 ) ) ;
#6777 = ORIENTED_EDGE ( 'NONE', *, *, #2260, .F. ) ;
#6778 = CARTESIAN_POINT ( 'NONE',  ( 3.410000000000000142, 0.000000000000000000, 9.599999999999999645 ) ) ;
#6779 = CARTESIAN_POINT ( 'NONE',  ( -1.249999999999999556, 0.7216878364870320528, 1.510416667349461450 ) ) ;
#6780 = ORIENTED_EDGE ( 'NONE', *, *, #290, .F. ) ;
#6781 = DIRECTION ( 'NONE',  ( -1.000000000000000000, -0.000000000000000000, -0.000000000000000000 ) ) ;
#6782 = LINE ( 'NONE', #6266, #1166 ) ;
#6783 = DIRECTION ( 'NONE',  ( 0.000000000000000000, -1.000000000000000000, 0.000000000000000000 ) ) ;
#6784 = LINE ( 'NONE', #5752, #3019 ) ;
#6785 = B_SPLINE_CURVE_WITH_KNOTS ( 'NONE', 5,
 ( #6448, #5403, #3832, #3306, #5889, #5955, #5294, #502 ),
 .UNSPECIFIED., .F., .F.,
 ( 6, 2, 6 ),
 ( 0.000000000000000000, 0.5000000000000000000, 1.000000000000000000 ),
 .UNSPECIFIED. ) ;
#6786 = CIRCLE ( 'NONE', #1551, 8.799999999999998934 ) ;
#6787 = CARTESIAN_POINT ( 'NONE',  ( 0.000000000000000000, 7.445852538815908762E-16, -6.080000000000000959 ) ) ;
#6788 = ORIENTED_EDGE ( 'NONE', *, *, #547, .T. ) ;
#6789 = CARTESIAN_POINT ( 'NONE',  ( -7.620000000000000107, 7.047314121155778821E-16, -5.383639610306788725 ) ) ;
#6790 = CARTESIAN_POINT ( 'NONE',  ( -7.520000000000000462, 3.066111984555161510E-16, 5.450000000000000178 ) ) ;
#6791 = CARTESIAN_POINT ( 'NONE',  ( -0.6250000000000000000, 1.082531754730549967, -0.2604166659838700326 ) ) ;
#6792 = CARTESIAN_POINT ( 'NONE',  ( 0.5573417656250010399, -0.9653442552426449996, 0.7552083336747319464 ) ) ;
#6793 = VERTEX_POINT ( 'NONE', #556 ) ;
#6794 = CARTESIAN_POINT ( 'NONE',  ( 3.500000000000000888, 4.524956558666201722, -1.394453250709265250E-15 ) ) ;
#6795 = CARTESIAN_POINT ( 'NONE',  ( -0.5573417656250000407, 0.9653442552426449996, 1.067708333674731946 ) ) ;
#6796 = CARTESIAN_POINT ( 'NONE',  ( 3.400000000000000355, -2.730182851618403468E-16, 4.000000000000000000 ) ) ;
#6797 = CARTESIAN_POINT ( 'NONE',  ( 11.00454545454544331, 0.5000000000000000000, 4.785392286829072361 ) ) ;
#6798 = EDGE_LOOP ( 'NONE', ( #6542, #4574 ) ) ;
#6799 = DIRECTION ( 'NONE',  ( 0.000000000000000000, 0.000000000000000000, 1.000000000000000000 ) ) ;
#6800 = CARTESIAN_POINT ( 'NONE',  ( -7.881371681721266152E-17, 1.287125673656860148, 1.296875000341398465 ) ) ;
#6801 = CARTESIAN_POINT ( 'NONE',  ( -3.529289321881345920, 5.173024605696903144, 2.142736950169384258 ) ) ;
#6802 = DIRECTION ( 'NONE',  ( -0.000000000000000000, 0.000000000000000000, -1.000000000000000000 ) ) ;
#6803 = CARTESIAN_POINT ( 'NONE',  ( -8.838126989374227166E-17, 1.443375672974063884, -0.06250000000000008327 ) ) ;
#6804 = CARTESIAN_POINT ( 'NONE',  ( -7.519999999999996909, -4.432776750217545469, 1.167854597469009555E-14 ) ) ;
#6805 = CARTESIAN_POINT ( 'NONE',  ( -1.114683531249999637, 0.6435628368284300738, 0.8385416670080649837 ) ) ;
#6806 = ORIENTED_EDGE ( 'NONE', *, *, #843, .F. ) ;
#6807 = AXIS2_PLACEMENT_3D ( 'NONE', #1572, #3106, #4903 ) ;
#6808 = LINE ( 'NONE', #4178, #604 ) ;
#6809 = EDGE_CURVE ( 'NONE', #6600, #480, #6786, .T. ) ;
#6810 = CARTESIAN_POINT ( 'NONE',  ( -3.600000000000000089, 2.981555974335137194E-16, -5.450000000000000178 ) ) ;
#6811 = ORIENTED_EDGE ( 'NONE', *, *, #547, .F. ) ;
#6812 = EDGE_CURVE ( 'NONE', #6404, #827, #6679, .T. ) ;
#6813 = AXIS2_PLACEMENT_3D ( 'NONE', #3065, #6240, #2017 ) ;
#6814 = EDGE_CURVE ( 'NONE', #4012, #3268, #977, .T. ) ;
#6815 = CARTESIAN_POINT ( 'NONE',  ( 0.9610454540365345188, 0.000000000000000000, 0.000000000000000000 ) ) ;
#6816 = CARTESIAN_POINT ( 'NONE',  ( -7.619999999999999218, -3.893711730015256833, -3.893711730015236405 ) ) ;
#6817 = EDGE_CURVE ( 'NONE', #2674, #5973, #3410, .T. ) ;
#6818 = DIRECTION ( 'NONE',  ( -1.000000000000000000, -0.000000000000000000, -0.000000000000000000 ) ) ;
#6819 = CARTESIAN_POINT ( 'NONE',  ( -1.250000000000000000, 0.000000000000000000, 1.500000000000000000 ) ) ;
#6820 = CARTESIAN_POINT ( 'NONE',  ( -7.553639610306787766, -6.494383187557600503E-15, -5.591885649938926228 ) ) ;
#6821 = CARTESIAN_POINT ( 'NONE',  ( -9.904545454545443661, 0.5000000000000000000, 4.785392286829072361 ) ) ;
#6822 = ORIENTED_EDGE ( 'NONE', *, *, #1984, .F. ) ;
#6823 = EDGE_CURVE ( 'NONE', #5160, #5157, #4535, .T. ) ;
#6824 = CARTESIAN_POINT ( 'NONE',  ( -17.00886524340748096, 3.500000000000000000, 4.325457723291028955 ) ) ;
#6825 = DIRECTION ( 'NONE',  ( 0.000000000000000000, -1.000000000000000000, 0.000000000000000000 ) ) ;
#6826 = VECTOR ( 'NONE', #5107, 1000.000000000000114 ) ;
#6827 = CARTESIAN_POINT ( 'NONE',  ( -1.114683531250000081, 0.000000000000000000, 2.359375000341399797 ) ) ;
#6828 = CARTESIAN_POINT ( 'NONE',  ( 1.114683531250000526, -0.6435628368284300738, 0.5260416670080652057 ) ) ;
#6829 = ORIENTED_EDGE ( 'NONE', *, *, #3, .T. ) ;
#6830 = CARTESIAN_POINT ( 'NONE',  ( -1.114683531250000081, 0.000000000000000000, 1.859375000341400019 ) ) ;
#6831 = CARTESIAN_POINT ( 'NONE',  ( -3.499999999999999556, 7.047314121155778821E-16, -5.549999999999998934 ) ) ;
#6832 = CARTESIAN_POINT ( 'NONE',  ( -3.500000000000000000, -4.444434912977854424, -3.404310685875546749 ) ) ;
#6833 = PRESENTATION_LAYER_ASSIGNMENT (  '', '', ( #4067 ) ) ;
#6834 = DIRECTION ( 'NONE',  ( 0.000000000000000000, -0.000000000000000000, -1.000000000000000000 ) ) ;
#6835 = ADVANCED_FACE ( 'NONE', ( #5390 ), #5883, .T. ) ;
#6836 = CARTESIAN_POINT ( 'NONE',  ( -4.309999999999999609, -8.663812960150583413E-17, -4.000000000000000000 ) ) ;
#6837 = ORIENTED_EDGE ( 'NONE', *, *, #5183, .F. ) ;
#6838 = CARTESIAN_POINT ( 'NONE',  ( -7.620000000000000107, -2.168404344971008868E-16, 4.066360389693210564 ) ) ;
#6839 = CARTESIAN_POINT ( 'NONE',  ( 3.400000000000000355, -3.198667369592720799, -2.458186879899660227 ) ) ;
#6840 = AXIS2_PLACEMENT_3D ( 'NONE', #2045, #4183, #6340 ) ;
#6841 = CARTESIAN_POINT ( 'NONE',  ( 2.364411504516379476E-16, -1.287125673656860148, 1.171875000341399353 ) ) ;
#6842 = CARTESIAN_POINT ( 'NONE',  ( -3.529289321881345920, -5.421010862427522170E-17, 5.457169191983608947 ) ) ;
#6843 = CARTESIAN_POINT ( 'NONE',  ( -7.520000000000000462, -3.134446499564913946, 3.134446499564881083 ) ) ;
#6844 = EDGE_CURVE ( 'NONE', #2571, #2416, #5465, .T. ) ;
#6845 = CARTESIAN_POINT ( 'NONE',  ( -1.244416070571822130, 0.1180196733709382023, 2.246499999999999719 ) ) ;
#6846 = CARTESIAN_POINT ( 'NONE',  ( -7.520000000000000462, 1.044815499854968133, 4.000000000000002665 ) ) ;
#6847 = CARTESIAN_POINT ( 'NONE',  ( 1.114683531250000081, 1.365093618607580186E-16, 1.484375000341400019 ) ) ;
#6848 = ORIENTED_EDGE ( 'NONE', *, *, #5745, .T. ) ;
#6849 = LINE ( 'NONE', #3649, #2140 ) ;
#6850 = CARTESIAN_POINT ( 'NONE',  ( -7.881371681721266152E-17, 1.287125673656860148, 1.859375000341397355 ) ) ;
#6851 = CARTESIAN_POINT ( 'NONE',  ( 0.000000000000000000, 1.077689183249670605E-15, -8.799999999999998934 ) ) ;
#6852 = VERTEX_POINT ( 'NONE', #3565 ) ;
#6853 = CARTESIAN_POINT ( 'NONE',  ( 1.249999999999999556, 0.7216878364870320528, 1.145833333333332593 ) ) ;
#6854 = CARTESIAN_POINT ( 'NONE',  ( -17.00886524340747386, 4.000000000000000000, -4.325457723291028955 ) ) ;
#6855 = CARTESIAN_POINT ( 'NONE',  ( 18.25000000000000355, 3.500000000000000000, 0.000000000000000000 ) ) ;
#6856 = LINE ( 'NONE', #2084, #1854 ) ;
#6857 = CARTESIAN_POINT ( 'NONE',  ( -7.553639610306789542, -5.166228700122149853, 2.139921993911702902 ) ) ;
#6858 = ADVANCED_FACE ( 'NONE', ( #6187 ), #5628, .F. ) ;
#6859 = AXIS2_PLACEMENT_3D ( 'NONE', #4748, #6342, #5824 ) ;
#6860 = B_SPLINE_CURVE_WITH_KNOTS ( 'NONE', 3,
 ( #319, #5055, #1434, #4660, #6674, #809, #836, #1903, #2943, #2976, #258, #2456, #1996, #4594, #1865, #2386, #352, #6643, #6706, #6769 ),
 .UNSPECIFIED., .F., .F.,
 ( 4, 2, 2, 2, 2, 2, 2, 2, 2, 4 ),
 ( 0.000000000000000000, 0.0004901416177134444501, 0.0009802832354268889003, 0.001470424853140333459, 0.001960566470853777801, 0.002205637279710499863, 0.002450708088567221925, 0.002940849706280666484, 0.003430991323994110175, 0.003921132941707553866 ),
 .UNSPECIFIED. ) ;
#6861 = CARTESIAN_POINT ( 'NONE',  ( -3.583180194846607325, -2.139921993911704234, -5.166228700122157846 ) ) ;
#6862 = EDGE_LOOP ( 'NONE', ( #6837, #6780, #1946, #6095 ) ) ;
#6863 = DIRECTION ( 'NONE',  ( 0.000000000000000000, 0.000000000000000000, -1.000000000000000000 ) ) ;
#6864 = ADVANCED_FACE ( 'NONE', ( #2517 ), #3469, .F. ) ;
#6865 = CARTESIAN_POINT ( 'NONE',  ( 0.4180063150855192200, -1.033339293450411756, 1.000000000000000000 ) ) ;
#6866 = CARTESIAN_POINT ( 'NONE',  ( -7.881371681721266152E-17, 1.287125673656860148, 0.3593750003413979099 ) ) ;
#6867 = VERTEX_POINT ( 'NONE', #3036 ) ;
#6868 = CARTESIAN_POINT ( 'NONE',  ( 0.5573417656250010399, -0.9653442552426449996, 1.442708333674731946 ) ) ;
#6869 = ITEM_DEFINED_TRANSFORMATION ( 'NONE', 'NONE', #4927,  #1443 ) ;
#6870 =( NAMED_UNIT ( * ) PLANE_ANGLE_UNIT ( ) SI_UNIT ( $, .RADIAN. ) );
#6871 = CIRCLE ( 'NONE', #835, 5.000000000000000888 ) ;
#6872 = DIRECTION ( 'NONE',  ( 1.000000000000000000, -0.000000000000000000, 0.000000000000000000 ) ) ;
#6873 = FACE_BOUND ( 'NONE', #4505, .T. ) ;
#6874 = CARTESIAN_POINT ( 'NONE',  ( -11.00454545454544331, 3.500000000000000000, 4.785392286829072361 ) ) ;
#6875 = VERTEX_POINT ( 'NONE', #831 ) ;
#6876 = CARTESIAN_POINT ( 'NONE',  ( -4.309999999999999609, 0.000000000000000000, -9.600999999999999091 ) ) ;
#6877 = SHAPE_REPRESENTATION ( 'BEARING ASSEMBLY', ( #2685, #3573, #4808, #114, #4025, #995, #4927, #6687, #3684, #1557 ), #971 ) ;
#6878 = CARTESIAN_POINT ( 'NONE',  ( 3.400000000000000799, -1.044815499854965024, 4.000000000000000000 ) ) ;
#6879 = CARTESIAN_POINT ( 'NONE',  ( 1.114683531250000526, -0.6435628368284300738, 1.963541667008065650 ) ) ;
#6880 = CARTESIAN_POINT ( 'NONE',  ( -3.529289321881345920, -5.421010862427522170E-17, 5.457169191983608947 ) ) ;
#6881 = CARTESIAN_POINT ( 'NONE',  ( -7.519999999999996909, -4.432776750217545469, 1.167854597469009555E-14 ) ) ;
#6882 = CARTESIAN_POINT ( 'NONE',  ( -7.620000000000000107, -5.213970447913970574, 1.392327480902159298 ) ) ;
#6883 = CARTESIAN_POINT ( 'NONE',  ( -7.520000000000000462, 3.134446499564896182, 3.134446499564896627 ) ) ;
#6884 = CARTESIAN_POINT ( 'NONE',  ( 0.5573417656250000407, 0.9653442552426449996, -0.2239583329919349886 ) ) ;
#6885 = AXIS2_PLACEMENT_3D ( 'NONE', #6459, #760, #2241 ) ;
#6886 = VERTEX_POINT ( 'NONE', #4160 ) ;
#6887 = CARTESIAN_POINT ( 'NONE',  ( -7.520000000000001350, 1.426525969758072998, -5.308151087842323257 ) ) ;
#6888 = CARTESIAN_POINT ( 'NONE',  ( -0.5573417656250000407, 0.9653442552426449996, 2.380208333674729726 ) ) ;
#6889 = DIRECTION ( 'NONE',  ( 0.000000000000000000, 1.000000000000000000, -0.000000000000000000 ) ) ;
#6890 = DIRECTION ( 'NONE',  ( 0.000000000000000000, -1.000000000000000000, 0.000000000000000000 ) ) ;
#6891 = CARTESIAN_POINT ( 'NONE',  ( 3.400000000000000799, 2.458186879899660671, -3.198667369592720355 ) ) ;
#6892 = EDGE_LOOP ( 'NONE', ( #2641, #6670, #4942, #1387 ) ) ;
#6893 = NEXT_ASSEMBLY_USAGE_OCCURRENCE ( 'NAUO1', ' ', ' ', #5659, #4441, $ ) ;
#6894 = NEXT_ASSEMBLY_USAGE_OCCURRENCE ( 'NAUO2', ' ', ' ', #5659, #5272, $ ) ;
#6895 = NEXT_ASSEMBLY_USAGE_OCCURRENCE ( 'NAUO3', ' ', ' ', #5659, #112, $ ) ;
#6896 = NEXT_ASSEMBLY_USAGE_OCCURRENCE ( 'NAUO4', ' ', ' ', #5659, #112, $ ) ;
#6897 = NEXT_ASSEMBLY_USAGE_OCCURRENCE ( 'NAUO5', ' ', ' ', #5272, #4771, $ ) ;
#6898 = NEXT_ASSEMBLY_USAGE_OCCURRENCE ( 'NAUO6', ' ', ' ', #5272, #1868, $ ) ;
#6899 = NEXT_ASSEMBLY_USAGE_OCCURRENCE ( 'NAUO7', ' ', ' ', #5272, #2070, $ ) ;
#6900 = NEXT_ASSEMBLY_USAGE_OCCURRENCE ( 'NAUO8', ' ', ' ', #5272, #2070, $ ) ;
#6901 = NEXT_ASSEMBLY_USAGE_OCCURRENCE ( 'NAUO9', ' ', ' ', #5272, #2070, $ ) ;
#6902 = NEXT_ASSEMBLY_USAGE_OCCURRENCE ( 'NAUO10', ' ', ' ', #5272, #2070, $ ) ;
#6903 = NEXT_ASSEMBLY_USAGE_OCCURRENCE ( 'NAUO11', ' ', ' ', #5272, #2070, $ ) ;
#6904 = NEXT_ASSEMBLY_USAGE_OCCURRENCE ( 'NAUO12', ' ', ' ', #5272, #2070, $ ) ;
#6905 = NEXT_ASSEMBLY_USAGE_OCCURRENCE ( 'NAUO13', ' ', ' ', #5272, #2070, $ ) ;
ENDSEC;
END-ISO-10303-21;
